commit,patch_id,subject,refs
04708d3c4db15c7f76813fd3414cfd3f974f6a2c,3cadc62dc74ebfe244eee5bbc95de9fd8218f18f,add Pareto analysis plots and final reporting,origin/codex/torch-flowstar-diffreach-deep-study
0499bc654d4db9fe8aff86b3574ba5442c5289a8,3411b70e2e973df3f7198ab5921cef1d5a30d19d,2026-06-02-final-provenance-output-cleanup,main;origin/codex/batched-dense-nncs-gpu;origin/codex/first-order-followup-correctness-matched-basis;origin/codex/first-order-three-way-benchmark;origin/codex/flowstar-ctrunc-rescue-diagnostics;origin/codex/flowstar-kernel-alignment;origin/codex/flowstar-normalized-insertion;origin/codex/flowstar-raw-remainder-compat;origin/codex/three-way-common-contract-comparison;origin/codex/three-way-comparison-correctness-repair;origin/codex/torch-flowstar-diffreach-deep-study;origin/main
04f1f1a5d277f77ab09bad903f05f645a4778419,493cb486ece9b6ae33b62e7a10381d04c7fdfcd8,add corrected protocols and correctness gates,origin/codex/three-way-comparison-correctness-repair;origin/codex/torch-flowstar-diffreach-deep-study
06809ee068682e2ae57da49e27a6e98af90f1a45,2cfd2eee6bce6a1a17774955101f6fbe3c2acd6d,Audit h10 right-map range midpoint centering,origin/codex/first-order-followup-correctness-matched-basis;origin/codex/first-order-three-way-benchmark;origin/codex/flowstar-raw-remainder-compat;origin/codex/three-way-common-contract-comparison;origin/codex/three-way-comparison-correctness-repair;origin/codex/torch-flowstar-diffreach-deep-study
06ddeaad5c4fc93a714510cb14f3bd6c154fe6a0,74e4aa62019ed821e52bc7ac3a84fb2f69076f54,Add Flowstar-style rescue diagnostics,main;origin/codex/batched-dense-nncs-gpu;origin/codex/first-order-followup-correctness-matched-basis;origin/codex/first-order-three-way-benchmark;origin/codex/flowstar-ctrunc-rescue-diagnostics;origin/codex/flowstar-kernel-alignment;origin/codex/flowstar-normalized-insertion;origin/codex/flowstar-raw-remainder-compat;origin/codex/three-way-common-contract-comparison;origin/codex/three-way-comparison-correctness-repair;origin/codex/torch-flowstar-diffreach-deep-study;origin/main
074a381a86c861a374bbd41344cd50bc6598a261,dc16af1e1901fa345191608d3b6d639c345be706,add canonical first-order three-way adapters,origin/codex/first-order-followup-correctness-matched-basis;origin/codex/first-order-three-way-benchmark;origin/codex/three-way-common-contract-comparison;origin/codex/three-way-comparison-correctness-repair;origin/codex/torch-flowstar-diffreach-deep-study
08bebe5967be3d82d489b01d80144f69a6fa13c3,216cff5d7082e5618ff1871c97041055f25b93ba,add native capability comparison regimes,origin/codex/torch-flowstar-diffreach-deep-study
0a6cd4b55653cc22ff1c13cfd721c35a33c96a9f,2215f3773739725145ffed602e45bae3bcaa29b9,document and reproduce Flowstar cache root cause,origin/codex/torch-flowstar-diffreach-deep-study
0c46c8cfea30557747b4c024441ea562386b1984,7f79805eb4e03f1fe378a88b3b5ceaf9c29e8f9b,clarify Torch overflow decomposition plot,origin/codex/first-order-followup-correctness-matched-basis;origin/codex/three-way-common-contract-comparison;origin/codex/three-way-comparison-correctness-repair;origin/codex/torch-flowstar-diffreach-deep-study
10dd6b3f388b84b2a30789a61b920ddc75656291,fe0840beabe98066067ed90eaa2ce403da34206b,Add attempt-aligned Flowstar step comparator,origin/codex/batched-dense-nncs-gpu;origin/codex/first-order-followup-correctness-matched-basis;origin/codex/first-order-three-way-benchmark;origin/codex/flowstar-normalized-insertion;origin/codex/flowstar-raw-remainder-compat;origin/codex/three-way-common-contract-comparison;origin/codex/three-way-comparison-correctness-repair;origin/codex/torch-flowstar-diffreach-deep-study
129b63322d7ec5e9617f54579a30ebdd6adc4c43,eb2789b38fc2f7c8b461ae82621b6127e87f370c,close formal artifact provenance gates,origin/codex/torch-flowstar-diffreach-deep-study
13e5eece2002e009429d6fb463eed4bc1c53ae34,f48e08a274f37598de7f9a6de44a5f8854447551,add reproducible benchmark report and curated results,origin/codex/first-order-followup-correctness-matched-basis;origin/codex/first-order-three-way-benchmark;origin/codex/three-way-common-contract-comparison;origin/codex/three-way-comparison-correctness-repair;origin/codex/torch-flowstar-diffreach-deep-study
1998b6800bf8c23c17eac4f3a1de718ba709deb9,a6ddea2294ef26bb81c03cb174ead21b20a8b8ed,Add batched dense Taylor model prototype,origin/codex/batched-dense-nncs-gpu;origin/codex/first-order-followup-correctness-matched-basis;origin/codex/first-order-three-way-benchmark;origin/codex/flowstar-normalized-insertion;origin/codex/flowstar-raw-remainder-compat;origin/codex/three-way-common-contract-comparison;origin/codex/three-way-comparison-correctness-repair;origin/codex/torch-flowstar-diffreach-deep-study
1a4f0934bb9259274420dfb60812d9f5698b6c48,a8504005ef11356b7675d65031acb5ecfd2c57e8,Audit Flowstar endpoint pre-center source mismatch,origin/codex/batched-dense-nncs-gpu;origin/codex/first-order-followup-correctness-matched-basis;origin/codex/first-order-three-way-benchmark;origin/codex/flowstar-normalized-insertion;origin/codex/flowstar-raw-remainder-compat;origin/codex/three-way-common-contract-comparison;origin/codex/three-way-comparison-correctness-repair;origin/codex/torch-flowstar-diffreach-deep-study
206b7d316770e0a2c275ce867070d16a9f2d08d1,2952ed01a6a85be9906e8a4fb5fa68d0eb7975b8,normalize Flowstar audit CSV line endings,origin/codex/first-order-followup-correctness-matched-basis;origin/codex/three-way-common-contract-comparison;origin/codex/three-way-comparison-correctness-repair;origin/codex/torch-flowstar-diffreach-deep-study
266bed42780e1029b1dc4864741ba26f06bd08b6,0b844c1921563e01112735ce2e33555d2caaad5d,record interrupted authoritative run recovery,origin/codex/torch-flowstar-diffreach-deep-study
26a254ef585a9dee394b7e41922c06bf8799f501,1d1ee7968f1c2d7aa4a4fcc15499b4aef8fca9d9,Correct h10 centering audit semantics and add handoff,origin/codex/first-order-followup-correctness-matched-basis;origin/codex/first-order-three-way-benchmark;origin/codex/flowstar-raw-remainder-compat;origin/codex/three-way-common-contract-comparison;origin/codex/three-way-comparison-correctness-repair;origin/codex/torch-flowstar-diffreach-deep-study
29730970d02988343ee7d8897654eec0e437a3a0,bb6903fca4bf136b9078305aa53afb06391f72fd,Align Flowstar Picard residual box lifecycle stages,origin/codex/batched-dense-nncs-gpu;origin/codex/first-order-followup-correctness-matched-basis;origin/codex/first-order-three-way-benchmark;origin/codex/flowstar-normalized-insertion;origin/codex/flowstar-raw-remainder-compat;origin/codex/three-way-common-contract-comparison;origin/codex/three-way-comparison-correctness-repair;origin/codex/torch-flowstar-diffreach-deep-study
2ab7b4abbd13e97160b58465dd828b66c04409c6,d18bd41c28721e0b88fef9980d07f1f5c2381d84,add Flowstar extraction correctness audit,origin/codex/first-order-followup-correctness-matched-basis;origin/codex/three-way-common-contract-comparison;origin/codex/three-way-comparison-correctness-repair;origin/codex/torch-flowstar-diffreach-deep-study
2cd48b5ee3e071296fb20a2bf867a9210d4edead,8d2154eacb423436e3019ca3efa0bcdde0699643,soundly project repeated Torch reset endpoints,origin/codex/torch-flowstar-diffreach-deep-study
2dcab978df1557032d2c7f409bc2b38cb116513c,a75831228c2514ab4d4dda658149be12543aa336,Run Flowstar one-step oracle and complete selective audit,main;origin/codex/batched-dense-nncs-gpu;origin/codex/first-order-followup-correctness-matched-basis;origin/codex/first-order-three-way-benchmark;origin/codex/flowstar-kernel-alignment;origin/codex/flowstar-normalized-insertion;origin/codex/flowstar-raw-remainder-compat;origin/codex/three-way-common-contract-comparison;origin/codex/three-way-comparison-correctness-repair;origin/codex/torch-flowstar-diffreach-deep-study;origin/main
3353edb0649a890c3a2f100fec6d0c9983b6737d,19f8d205ec1b9cfb0db27438a2872413dfba6162,2026-06-01-vdp-flowstar-metric-fix,main;origin/codex/batched-dense-nncs-gpu;origin/codex/first-order-followup-correctness-matched-basis;origin/codex/first-order-three-way-benchmark;origin/codex/flowstar-ctrunc-rescue-diagnostics;origin/codex/flowstar-kernel-alignment;origin/codex/flowstar-normalized-insertion;origin/codex/flowstar-raw-remainder-compat;origin/codex/three-way-common-contract-comparison;origin/codex/three-way-comparison-correctness-repair;origin/codex/torch-flowstar-diffreach-deep-study;origin/main
346772e369809002e8a470d59d888822f903cfbe,874c457f271e8fcf2ae383170bdefc2492c5908c,Add Horner insertion diagnostics,origin/codex/batched-dense-nncs-gpu;origin/codex/first-order-followup-correctness-matched-basis;origin/codex/first-order-three-way-benchmark;origin/codex/flowstar-normalized-insertion;origin/codex/flowstar-raw-remainder-compat;origin/codex/three-way-common-contract-comparison;origin/codex/three-way-comparison-correctness-repair;origin/codex/torch-flowstar-diffreach-deep-study
3778e90614352c196bbcec002fb097232b7e704c,198cd2d5f19b7cda576ecedbf36c06793be3f4b2,Add normal-eval right-map diagnostics,origin/codex/batched-dense-nncs-gpu;origin/codex/first-order-followup-correctness-matched-basis;origin/codex/first-order-three-way-benchmark;origin/codex/flowstar-normalized-insertion;origin/codex/flowstar-raw-remainder-compat;origin/codex/three-way-common-contract-comparison;origin/codex/three-way-comparison-correctness-repair;origin/codex/torch-flowstar-diffreach-deep-study
3956c916ee8568e3750723c88ca0a4784ff072f2,9f6a70c78aec239b9f687e9e64d1ca6fd153b793,2026-06-01-vdp-report-fix,main;origin/codex/batched-dense-nncs-gpu;origin/codex/first-order-followup-correctness-matched-basis;origin/codex/first-order-three-way-benchmark;origin/codex/flowstar-ctrunc-rescue-diagnostics;origin/codex/flowstar-kernel-alignment;origin/codex/flowstar-normalized-insertion;origin/codex/flowstar-raw-remainder-compat;origin/codex/three-way-common-contract-comparison;origin/codex/three-way-comparison-correctness-repair;origin/codex/torch-flowstar-diffreach-deep-study;origin/main
3b791512fb9347917951a0c57bfb0f68014c6f67,a58db7fca567bc37f5bc6c2d299fc2018e144c34,Audit h5 Flowstar raw remainder compat divergence,origin/codex/first-order-followup-correctness-matched-basis;origin/codex/first-order-three-way-benchmark;origin/codex/flowstar-raw-remainder-compat;origin/codex/three-way-common-contract-comparison;origin/codex/three-way-comparison-correctness-repair;origin/codex/torch-flowstar-diffreach-deep-study
3bd72cac3aa993418fa0aa0e37da4367d5d7364f,c1e5a41a0d2455ef9811c7d2d8d5505521f566ae,Audit Flowstar internal intermediate ranges,origin/codex/batched-dense-nncs-gpu;origin/codex/first-order-followup-correctness-matched-basis;origin/codex/first-order-three-way-benchmark;origin/codex/flowstar-normalized-insertion;origin/codex/flowstar-raw-remainder-compat;origin/codex/three-way-common-contract-comparison;origin/codex/three-way-comparison-correctness-repair;origin/codex/torch-flowstar-diffreach-deep-study
3bf1e25ae85b7857fdd3803adcd0c9ac9d5453d0,7f4b00a75439db6660417d30174f1304aacd2108,add fail-closed final delivery workflow,origin/codex/torch-flowstar-diffreach-deep-study
3c2d21951a35e955920a45894a200c17b08c22ed,200a1afc3ed4ae0795cb20ef700f6e567ff6c2b7,add Torch dependency and finite-basis diagnostics,origin/codex/first-order-followup-correctness-matched-basis;origin/codex/three-way-common-contract-comparison;origin/codex/three-way-comparison-correctness-repair;origin/codex/torch-flowstar-diffreach-deep-study
3d0ae5444435974e7509e176129fb796c76312ab,d3702f133b9640f55e1f093b4dba27c9ca90f3e8,add validated focused follow-up results,origin/codex/first-order-followup-correctness-matched-basis;origin/codex/three-way-common-contract-comparison;origin/codex/three-way-comparison-correctness-repair;origin/codex/torch-flowstar-diffreach-deep-study
3d1e0d969f3edf9ac37144a264d5721940d9ed33,5aabb066ff509189da3c9dc92c0f845efb32b093,Refresh lifecycle-labeled Flowstar step traces,origin/codex/batched-dense-nncs-gpu;origin/codex/first-order-followup-correctness-matched-basis;origin/codex/first-order-three-way-benchmark;origin/codex/flowstar-normalized-insertion;origin/codex/flowstar-raw-remainder-compat;origin/codex/three-way-common-contract-comparison;origin/codex/three-way-comparison-correctness-repair;origin/codex/torch-flowstar-diffreach-deep-study
3dd02ffe28950f3bada7b35737433d9d86726539,03e7440822e7bd32de63a85c83188d5bec1199be,add common segment export and tool semantics,origin/codex/torch-flowstar-diffreach-deep-study
3e1f6f1d7d093f66c2b2f887094fd6b9f523229c,d96d08fdb55242b1de299c51ebc410006ab77e54,Extend Flowstar-style rescue to long-horizon comparison,main;origin/codex/batched-dense-nncs-gpu;origin/codex/first-order-followup-correctness-matched-basis;origin/codex/first-order-three-way-benchmark;origin/codex/flowstar-ctrunc-rescue-diagnostics;origin/codex/flowstar-kernel-alignment;origin/codex/flowstar-normalized-insertion;origin/codex/flowstar-raw-remainder-compat;origin/codex/three-way-common-contract-comparison;origin/codex/three-way-comparison-correctness-repair;origin/codex/torch-flowstar-diffreach-deep-study;origin/main
3e3599759073406bab952c263ba29d5994ef9d38,6e67a8b4a121eaf7b16c473169bccf8b22bcc982,separate Flowstar stock and diagnostic audit paths,origin/codex/three-way-comparison-correctness-repair;origin/codex/torch-flowstar-diffreach-deep-study
4194e340b756c0da1dab6684762303f8d66aad37,44d21fbc941b9b719488b8252fcba204c64edbeb,fix original Flowstar parity horizon collection,origin/codex/torch-flowstar-diffreach-deep-study
41d06692ceea602d215418b68775e97ef8a7c973,2dc11292ac7ad1fba3e9dc6e0c280612a2390b71,2026-06-03-trajectory-visual-audit,main;origin/codex/batched-dense-nncs-gpu;origin/codex/first-order-followup-correctness-matched-basis;origin/codex/first-order-three-way-benchmark;origin/codex/flowstar-ctrunc-rescue-diagnostics;origin/codex/flowstar-kernel-alignment;origin/codex/flowstar-normalized-insertion;origin/codex/flowstar-raw-remainder-compat;origin/codex/three-way-common-contract-comparison;origin/codex/three-way-comparison-correctness-repair;origin/codex/torch-flowstar-diffreach-deep-study;origin/main
426f8f941c7ef2bfda7bc7a5bb76b52302bb2159,cb85da3463a6c8708ae03989a7292fdca7dbebdd,Add Flowstar raw remainder compatibility experiment,origin/codex/first-order-followup-correctness-matched-basis;origin/codex/first-order-three-way-benchmark;origin/codex/flowstar-raw-remainder-compat;origin/codex/three-way-common-contract-comparison;origin/codex/three-way-comparison-correctness-repair;origin/codex/torch-flowstar-diffreach-deep-study
4274d9aec793fc322e0f4a964bae06e84ef5a189,d907cd781942a6ea1fcb530f79fddb2f9145d221,document high precision Flowstar audit,origin/codex/three-way-comparison-correctness-repair;origin/codex/torch-flowstar-diffreach-deep-study
443c4b6532eeadb1abb98892022676e8afa927c0,957cd40556d3092aa693ff9ab31f38e6652ad40b,Add Flowstar-style truncation diagnostics,main;origin/codex/batched-dense-nncs-gpu;origin/codex/first-order-followup-correctness-matched-basis;origin/codex/first-order-three-way-benchmark;origin/codex/flowstar-ctrunc-rescue-diagnostics;origin/codex/flowstar-kernel-alignment;origin/codex/flowstar-normalized-insertion;origin/codex/flowstar-raw-remainder-compat;origin/codex/three-way-common-contract-comparison;origin/codex/three-way-comparison-correctness-repair;origin/codex/torch-flowstar-diffreach-deep-study;origin/main
461c95ffcb5c91a9ce293ad22a20789593f3ba24,eefb4c192e0ddd3453eac5005fe7fc4282369ea2,Align Flowstar one-step oracle reporting,origin/codex/batched-dense-nncs-gpu;origin/codex/first-order-followup-correctness-matched-basis;origin/codex/first-order-three-way-benchmark;origin/codex/flowstar-kernel-alignment;origin/codex/flowstar-normalized-insertion;origin/codex/flowstar-raw-remainder-compat;origin/codex/three-way-common-contract-comparison;origin/codex/three-way-comparison-correctness-repair;origin/codex/torch-flowstar-diffreach-deep-study
46a7dd7700f1944bd32680ca4ca3a667170ec705,040c2da738f62f1062500442944ea99444481c6b,Audit h5 right-map range midpoint centering,origin/codex/first-order-followup-correctness-matched-basis;origin/codex/first-order-three-way-benchmark;origin/codex/flowstar-raw-remainder-compat;origin/codex/three-way-common-contract-comparison;origin/codex/three-way-comparison-correctness-repair;origin/codex/torch-flowstar-diffreach-deep-study
4d8f1e7fb19b95d8fc04c22279fc53426e64bc5b,0408ecd4b8b4a525a1925efd308784a376e2ee9c,Add Flowstar accepted step trace comparator,origin/codex/batched-dense-nncs-gpu;origin/codex/first-order-followup-correctness-matched-basis;origin/codex/first-order-three-way-benchmark;origin/codex/flowstar-normalized-insertion;origin/codex/flowstar-raw-remainder-compat;origin/codex/three-way-common-contract-comparison;origin/codex/three-way-comparison-correctness-repair;origin/codex/torch-flowstar-diffreach-deep-study
50624d64fd45adb085fe0845ddfbf901f2a8450f,470df6c95e502aeca620d3b5554106f09660dbf7,cover every native multi-step configuration,origin/codex/torch-flowstar-diffreach-deep-study
54704e8f695802e373e2371fb0befed3b60ff3b5,9bb568505cb63dbd0cf44dc233f5359fbecf8b84,Add Flowstar width-control diagnostics,origin/codex/batched-dense-nncs-gpu;origin/codex/first-order-followup-correctness-matched-basis;origin/codex/first-order-three-way-benchmark;origin/codex/flowstar-kernel-alignment;origin/codex/flowstar-normalized-insertion;origin/codex/flowstar-raw-remainder-compat;origin/codex/three-way-common-contract-comparison;origin/codex/three-way-comparison-correctness-repair;origin/codex/torch-flowstar-diffreach-deep-study
5582ae97347d7a0a1c0126d4a50c5df2cd706387,47ff4ccd7f650d599cc402f51e91e60215edc32d,tighten validation metadata and quantitative reporting,origin/codex/first-order-followup-correctness-matched-basis;origin/codex/first-order-three-way-benchmark;origin/codex/three-way-common-contract-comparison;origin/codex/three-way-comparison-correctness-repair;origin/codex/torch-flowstar-diffreach-deep-study
55ea10cbf6e032817b5d3c114cc36681b36ae3e9,b6f956f28e4667a0152dd96322e6e1dad691458b,expose raw and tightened Torch endpoints,origin/codex/three-way-comparison-correctness-repair;origin/codex/torch-flowstar-diffreach-deep-study
589ac46a2f377de09a669d8053e3b876b2849491,c86f748d27b067452bd97e9249088dcbea5aed31,add semantics and correctness tests,origin/codex/first-order-followup-correctness-matched-basis;origin/codex/first-order-three-way-benchmark;origin/codex/three-way-common-contract-comparison;origin/codex/three-way-comparison-correctness-repair;origin/codex/torch-flowstar-diffreach-deep-study
5b3ce73f902ad0ca4eb8cb5f498b9c6bd1d4b6f1,7e44fe7404e456117ffd9042d72b3ad6f2958245,2026-06-02-final-output-table-format-fix,main;origin/codex/batched-dense-nncs-gpu;origin/codex/first-order-followup-correctness-matched-basis;origin/codex/first-order-three-way-benchmark;origin/codex/flowstar-ctrunc-rescue-diagnostics;origin/codex/flowstar-kernel-alignment;origin/codex/flowstar-normalized-insertion;origin/codex/flowstar-raw-remainder-compat;origin/codex/three-way-common-contract-comparison;origin/codex/three-way-comparison-correctness-repair;origin/codex/torch-flowstar-diffreach-deep-study;origin/main
62edadcd1913e175f99dc95cb39ebaea500ba08f,18a63f54295279fe43f979d672a9b3926e1b3442,add result collection plots report and runners,origin/codex/first-order-followup-correctness-matched-basis;origin/codex/first-order-three-way-benchmark;origin/codex/three-way-common-contract-comparison;origin/codex/three-way-comparison-correctness-repair;origin/codex/torch-flowstar-diffreach-deep-study
6b2c78c86e6b5baf0e26c10438150535ff79a098,17db670ad27cfa1c6d8047fa80f7565d8eeeefed,Improve batched dense TM range remainder kernels,origin/codex/batched-dense-nncs-gpu
6b5e6e66e955a70b5ef6f3856e52e5a2b52474b1,59d3ff956e9442788c755b6423e481c1155cc284,Clean up B-line benchmark artifact formatting,origin/codex/batched-dense-nncs-gpu
6b66196ec0875e58988179e732bdb74dbb952022,69c9c725ca73b43e3eb513a2960e705266c10ab3,Add Flowstar normalized insertion rescue,origin/codex/batched-dense-nncs-gpu;origin/codex/first-order-followup-correctness-matched-basis;origin/codex/first-order-three-way-benchmark;origin/codex/flowstar-normalized-insertion;origin/codex/flowstar-raw-remainder-compat;origin/codex/three-way-common-contract-comparison;origin/codex/three-way-comparison-correctness-repair;origin/codex/torch-flowstar-diffreach-deep-study
6c4fea22ec8f50455b641078799353ca1315df2a,c54df1141bc94f2a46812735575ca330300663fa,Consolidate Van der Pol Flowstar width trajectory audit,origin/codex/batched-dense-nncs-gpu;origin/codex/first-order-followup-correctness-matched-basis;origin/codex/first-order-three-way-benchmark;origin/codex/flowstar-normalized-insertion;origin/codex/flowstar-raw-remainder-compat;origin/codex/three-way-common-contract-comparison;origin/codex/three-way-comparison-correctness-repair;origin/codex/torch-flowstar-diffreach-deep-study
6cfea9f0ccb75de6585804cbdd985a13e42ab20c,b6aa4a4dc4a3e5f043bca2f4f5ceabe4756da519,soundly project nonlinear native reset endpoints,origin/codex/torch-flowstar-diffreach-deep-study
6fe912015b0ae3856487a59ebc5cc569411f622c,d633f5077d138e127aa735afd165c6da1cecffd9,add Flowstar correctness-revalidated path,origin/codex/torch-flowstar-diffreach-deep-study
70943732724b69ce23a10e9d71e32a0376a16927,8b21fc55d6ed1e5f10b88fc00f3b143900531c00,Audit Flowstar Picard residual source mismatch,origin/codex/batched-dense-nncs-gpu;origin/codex/first-order-followup-correctness-matched-basis;origin/codex/first-order-three-way-benchmark;origin/codex/flowstar-normalized-insertion;origin/codex/flowstar-raw-remainder-compat;origin/codex/three-way-common-contract-comparison;origin/codex/three-way-comparison-correctness-repair;origin/codex/torch-flowstar-diffreach-deep-study
710140826a63871f791d9521be5be11cd02a32e2,4a35d92b3f0bc85fd7ef0853ff4689072d81ec56,Publish batched TM GPU microbenchmark evidence,origin/codex/batched-dense-nncs-gpu;origin/codex/first-order-followup-correctness-matched-basis;origin/codex/first-order-three-way-benchmark;origin/codex/flowstar-normalized-insertion;origin/codex/flowstar-raw-remainder-compat;origin/codex/three-way-common-contract-comparison;origin/codex/three-way-comparison-correctness-repair;origin/codex/torch-flowstar-diffreach-deep-study
7231eb041ad535b1f4e2f2934c403c16848e0104,886522eb2d0c143e55ecd284c8120c2cfaa4e692,Audit h10 right-map range midpoint centering,origin/codex/first-order-followup-correctness-matched-basis;origin/codex/first-order-three-way-benchmark;origin/codex/flowstar-raw-remainder-compat;origin/codex/three-way-common-contract-comparison;origin/codex/three-way-comparison-correctness-repair;origin/codex/torch-flowstar-diffreach-deep-study
7251adfe8d2f3a5f3fd7a4a89f4b5a2075a19b10,fa1b76a307b085b48dc9507ed0089ba4cf9a5ad2,add validated three-way comparison results,origin/codex/three-way-common-contract-comparison;origin/codex/three-way-comparison-correctness-repair;origin/codex/torch-flowstar-diffreach-deep-study
754e06426487d173dd556ef3e0cde70517bd729e,5c750f34b0881ab32d47510eb6d598065a871205,Add Flowstar acceptance predicate audit,origin/codex/batched-dense-nncs-gpu;origin/codex/first-order-followup-correctness-matched-basis;origin/codex/first-order-three-way-benchmark;origin/codex/flowstar-normalized-insertion;origin/codex/flowstar-raw-remainder-compat;origin/codex/three-way-common-contract-comparison;origin/codex/three-way-comparison-correctness-repair;origin/codex/torch-flowstar-diffreach-deep-study
75c1f93244ae889066894d6615535ad44fc2efb0,f52aa7da40ac1baefbc5de71ffbf6e09f21a9ccd,support validated-test reuse in background sweeps,origin/codex/first-order-followup-correctness-matched-basis;origin/codex/three-way-common-contract-comparison;origin/codex/three-way-comparison-correctness-repair;origin/codex/torch-flowstar-diffreach-deep-study
7868274020d5a0f1209622eba6d907303fad7687,7c71076486764b2991e4058319fcaee443593963,mark checkpoint push incident resolved,origin/codex/torch-flowstar-diffreach-deep-study
7884bf7fb1afe928eaa32286dab60c8fc58da549,0ff502384be66ade594f8c8c127607f11f31619e,invalidate historical comparison and add repair harness,origin/codex/three-way-comparison-correctness-repair;origin/codex/torch-flowstar-diffreach-deep-study
79dc5aadeef640adcebf4fb74e368861c9093f9f,eb50cd3269d1b1a0e67419973cf564e43b023d8d,Add symbolic remainder diagnostics,main;origin/codex/batched-dense-nncs-gpu;origin/codex/first-order-followup-correctness-matched-basis;origin/codex/first-order-three-way-benchmark;origin/codex/flowstar-ctrunc-rescue-diagnostics;origin/codex/flowstar-kernel-alignment;origin/codex/flowstar-normalized-insertion;origin/codex/flowstar-raw-remainder-compat;origin/codex/three-way-common-contract-comparison;origin/codex/three-way-comparison-correctness-repair;origin/codex/torch-flowstar-diffreach-deep-study;origin/main
7e81d6aa3f6624f61fb8d82b3d30dadbd2b76ecd,1354072cc823a3dbbc6e8578dcfa08dbf45ddf64,Add Flowstar symbolic queue v2 audit,origin/codex/batched-dense-nncs-gpu;origin/codex/first-order-followup-correctness-matched-basis;origin/codex/first-order-three-way-benchmark;origin/codex/flowstar-normalized-insertion;origin/codex/flowstar-raw-remainder-compat;origin/codex/three-way-common-contract-comparison;origin/codex/three-way-comparison-correctness-repair;origin/codex/torch-flowstar-diffreach-deep-study
7f613e4f9bae24aec206e4a74336f05275c500cc,0d2e22a1b5f4d756982548b11d70f7563940ed17,Expose Flowstar validation candidate decomposition fields,origin/codex/batched-dense-nncs-gpu;origin/codex/first-order-followup-correctness-matched-basis;origin/codex/first-order-three-way-benchmark;origin/codex/flowstar-normalized-insertion;origin/codex/flowstar-raw-remainder-compat;origin/codex/three-way-common-contract-comparison;origin/codex/three-way-comparison-correctness-repair;origin/codex/torch-flowstar-diffreach-deep-study
823699e8d9d16536c4aef28b79b0376f49151ccf,aeb1d10278a0a6558f67883ab3ac956231d76147,Partition Flowstar raw ctrunc remainder gap,origin/codex/batched-dense-nncs-gpu;origin/codex/first-order-followup-correctness-matched-basis;origin/codex/first-order-three-way-benchmark;origin/codex/flowstar-normalized-insertion;origin/codex/flowstar-raw-remainder-compat;origin/codex/three-way-common-contract-comparison;origin/codex/three-way-comparison-correctness-repair;origin/codex/torch-flowstar-diffreach-deep-study
82a814c808621ef2d898b9edd85444fd2d9bb603,4d28c011f51b9402bb8a3ec89460771ffd189ade,Fix h10 failure target width diagnostics,origin/codex/batched-dense-nncs-gpu;origin/codex/first-order-followup-correctness-matched-basis;origin/codex/first-order-three-way-benchmark;origin/codex/flowstar-normalized-insertion;origin/codex/flowstar-raw-remainder-compat;origin/codex/three-way-common-contract-comparison;origin/codex/three-way-comparison-correctness-repair;origin/codex/torch-flowstar-diffreach-deep-study
82f3400b8095115c508e8c1cd408e985adedc7df,82d14dd701198e47cf85dc71f605c31da45632b5,report validated Flowstar prefixes accurately,origin/codex/first-order-followup-correctness-matched-basis;origin/codex/three-way-common-contract-comparison;origin/codex/three-way-comparison-correctness-repair;origin/codex/torch-flowstar-diffreach-deep-study
89456b8fbc858ce87c7e6531d53683a9c815169c,ec22d0c66eedf05a8857792be69ca4c7d25c5b51,add range-only BERN feasibility and literature map,origin/codex/torch-flowstar-diffreach-deep-study
8a5450eb9ca300500237adbb72540743ca25d409,240e2ae81d1e429f78d8b9ff1cddb1a9ebbba4f7,audit DiffReach raw endpoint semantics,origin/codex/three-way-comparison-correctness-repair;origin/codex/torch-flowstar-diffreach-deep-study
8aa79762907bd3e19257dbbc66a2ea54f5c97520,432bb9deb7a5487ac03dc69d019ceb37eb6d0958,Align Flowstar raw remainder compat step policy,origin/codex/first-order-followup-correctness-matched-basis;origin/codex/first-order-three-way-benchmark;origin/codex/flowstar-raw-remainder-compat;origin/codex/three-way-common-contract-comparison;origin/codex/three-way-comparison-correctness-repair;origin/codex/torch-flowstar-diffreach-deep-study
8b1ae42e5ec7cb03f006a8aeeceaa74d18d5147a,e1b0f6a25be07371fbdddba8a8be0e0d37176825,2026-06-01,main;origin/codex/batched-dense-nncs-gpu;origin/codex/first-order-followup-correctness-matched-basis;origin/codex/first-order-three-way-benchmark;origin/codex/flowstar-ctrunc-rescue-diagnostics;origin/codex/flowstar-kernel-alignment;origin/codex/flowstar-normalized-insertion;origin/codex/flowstar-raw-remainder-compat;origin/codex/three-way-common-contract-comparison;origin/codex/three-way-comparison-correctness-repair;origin/codex/torch-flowstar-diffreach-deep-study;origin/main
8bea95af505e5eb3fdbaf8c33b8f97bf9a859001,d1825a432c14e2cb1378e40b98e45c6c3eb6131d,Attribute h5 Flowstar raw remainder compat width growth,origin/codex/first-order-followup-correctness-matched-basis;origin/codex/first-order-three-way-benchmark;origin/codex/flowstar-raw-remainder-compat;origin/codex/three-way-common-contract-comparison;origin/codex/three-way-comparison-correctness-repair;origin/codex/torch-flowstar-diffreach-deep-study
8ddb8291d0503d6fee465447e7b6920323549deb,3139f51355bd4f8750a913d96fadde8ce4295efe,record passing integrated protocol smoke,origin/codex/torch-flowstar-diffreach-deep-study
9024a8a29bdc0ad668a7c0620bd53872f4313cc8,259f942c90da3badc786774bf4bd866935739188,add corrected comparison results and report,origin/codex/three-way-comparison-correctness-repair;origin/codex/torch-flowstar-diffreach-deep-study
92ee79ce5de4ef2713f074625cfb5edc8f4e142f,cf4f7577ec6571f836805ad78615ca62d8d9d452,preserve every ordered common segment export,origin/codex/torch-flowstar-diffreach-deep-study
94d93b380e358c46ff6d3ca453b930e101710ed1,57c5ab8c36e64d8283fcd794b63adde3645d4bc0,validate Flowstar large-step order-two candidates,origin/codex/torch-flowstar-diffreach-deep-study
9a60e744418b59a903a9e1c6c3b44f5af05f22c9,55315dbae825e0e597f192aeb3600651d880f499,close adaptive Flowstar endpoint correctness gate,origin/codex/torch-flowstar-diffreach-deep-study
9a684d9106633e067bfac0747244b769fa49aa0b,38af01cdb2fd7ae21448091428b89e4d119562a1,publish authoritative three-tool deep study,origin/codex/torch-flowstar-diffreach-deep-study
9d498f9b030d67baec6404efadc131c711ff6ae2,cb9fa837869b5ef87d4c0361035cac09fbfcdd6c,2026-06-03-flowstar-vanderpol-benchmark-parity,main;origin/codex/batched-dense-nncs-gpu;origin/codex/first-order-followup-correctness-matched-basis;origin/codex/first-order-three-way-benchmark;origin/codex/flowstar-ctrunc-rescue-diagnostics;origin/codex/flowstar-kernel-alignment;origin/codex/flowstar-normalized-insertion;origin/codex/flowstar-raw-remainder-compat;origin/codex/three-way-common-contract-comparison;origin/codex/three-way-comparison-correctness-repair;origin/codex/torch-flowstar-diffreach-deep-study;origin/main
9e96bbc4023ac28f1757062375405a332f1ed68e,aa1a8dbb60247189268f27baa2bf4ddf3b4ec0f5,2026-06-02-flowstar-provenance-audit,main;origin/codex/batched-dense-nncs-gpu;origin/codex/first-order-followup-correctness-matched-basis;origin/codex/first-order-three-way-benchmark;origin/codex/flowstar-ctrunc-rescue-diagnostics;origin/codex/flowstar-kernel-alignment;origin/codex/flowstar-normalized-insertion;origin/codex/flowstar-raw-remainder-compat;origin/codex/three-way-common-contract-comparison;origin/codex/three-way-comparison-correctness-repair;origin/codex/torch-flowstar-diffreach-deep-study;origin/main
a2ac372c2dd5f7af9fcb23f482480540c20ba1e5,e9580bf0d2c047be2f5406c73b36266490b93bae,Add split symbolic queue semantics diagnostics,origin/codex/batched-dense-nncs-gpu;origin/codex/first-order-followup-correctness-matched-basis;origin/codex/first-order-three-way-benchmark;origin/codex/flowstar-normalized-insertion;origin/codex/flowstar-raw-remainder-compat;origin/codex/three-way-common-contract-comparison;origin/codex/three-way-comparison-correctness-repair;origin/codex/torch-flowstar-diffreach-deep-study
a781c705404c30a2f895a985c8e49d57ba727ae5,149e518adb0222445a47b1c97b17edd98b864c72,project CUDA Pareto endpoints before affine reset,origin/codex/torch-flowstar-diffreach-deep-study
a87708a4ec08444dbd66c33f6b25020f2cc50131,aa60402b862bf328aa0c6ff91245a745d01fb0fd,checkpoint recovered deep study implementation,origin/codex/torch-flowstar-diffreach-deep-study
ad8f748b533ef482c680e441c900004c67cd06c8,99fedfbf9169d53a940799c62d8a84a9b51eef28,2026-06-02-output-manifest-and-flowstar-doc-fix,main;origin/codex/batched-dense-nncs-gpu;origin/codex/first-order-followup-correctness-matched-basis;origin/codex/first-order-three-way-benchmark;origin/codex/flowstar-ctrunc-rescue-diagnostics;origin/codex/flowstar-kernel-alignment;origin/codex/flowstar-normalized-insertion;origin/codex/flowstar-raw-remainder-compat;origin/codex/three-way-common-contract-comparison;origin/codex/three-way-comparison-correctness-repair;origin/codex/torch-flowstar-diffreach-deep-study;origin/main
ad9fe38d03b92ff58c7b015e27d51f82a3b01f6e,79e9dd7d841b6cb2b7488e289f7709ab7f2ac805,Add batched dense NNCS GPU path demo,origin/codex/batched-dense-nncs-gpu
b0d20d421319a0c66bac4ef54a70e0f8fb2b52dc,1b5e5ecd70cfad44bb3f15bfb392759fe30efc30,separate tightened endpoints from raw reports,origin/codex/torch-flowstar-diffreach-deep-study
b2b1a6d16c7cc61b2ce7e9e7ecb03f78b441feb4,ad99370f698d931aff1b15d53f47f6c91aa11d32,Add batched TM GPU microbenchmark,origin/codex/batched-dense-nncs-gpu;origin/codex/first-order-followup-correctness-matched-basis;origin/codex/first-order-three-way-benchmark;origin/codex/flowstar-normalized-insertion;origin/codex/flowstar-raw-remainder-compat;origin/codex/three-way-common-contract-comparison;origin/codex/three-way-comparison-correctness-repair;origin/codex/torch-flowstar-diffreach-deep-study
b2f34f5b2077e34662a2559d8c09b1d264bd7d98,c8f3497e91170d7a665e8e5ca3f4d781f16c7d39,Refresh Flowstar ctrunc validation outputs,main;origin/codex/batched-dense-nncs-gpu;origin/codex/first-order-followup-correctness-matched-basis;origin/codex/first-order-three-way-benchmark;origin/codex/flowstar-kernel-alignment;origin/codex/flowstar-normalized-insertion;origin/codex/flowstar-raw-remainder-compat;origin/codex/three-way-common-contract-comparison;origin/codex/three-way-comparison-correctness-repair;origin/codex/torch-flowstar-diffreach-deep-study;origin/main
bd88988cffa839d4eb1d135c7b10fb025ce6814e,19d24976d7bda4c27e381dcef982d892b58998d1,preserve Flowstar failures in partial outcome gate,origin/codex/three-way-comparison-correctness-repair;origin/codex/torch-flowstar-diffreach-deep-study
bf19292a12bee4695bfc4f44a24be4ea0d341848,95f2a4103f4eb8801e87df38036d7b1f915295b9,Add Flowstar ctrunc rescue diagnostics,main;origin/codex/batched-dense-nncs-gpu;origin/codex/first-order-followup-correctness-matched-basis;origin/codex/first-order-three-way-benchmark;origin/codex/flowstar-ctrunc-rescue-diagnostics;origin/codex/flowstar-kernel-alignment;origin/codex/flowstar-normalized-insertion;origin/codex/flowstar-raw-remainder-compat;origin/codex/three-way-common-contract-comparison;origin/codex/three-way-comparison-correctness-repair;origin/codex/torch-flowstar-diffreach-deep-study;origin/main
c07a0b8dfa098ea3c67a9dbd6b12209d89b73a05,9e938b094d7c62651d66a2e3d4eb78552fcf491f,Add three-way Flowstar symqueue v2 audit evidence,origin/codex/batched-dense-nncs-gpu;origin/codex/first-order-followup-correctness-matched-basis;origin/codex/first-order-three-way-benchmark;origin/codex/flowstar-normalized-insertion;origin/codex/flowstar-raw-remainder-compat;origin/codex/three-way-common-contract-comparison;origin/codex/three-way-comparison-correctness-repair;origin/codex/torch-flowstar-diffreach-deep-study
c12de37d5ada53fdab17b98ab9526f48c6cc31c4,521bf0286537af9fea77e58b1e509542014a8c28,add three-way common-contract reachability comparison,origin/codex/three-way-common-contract-comparison;origin/codex/three-way-comparison-correctness-repair;origin/codex/torch-flowstar-diffreach-deep-study
c1da8dcebaed1e4312086dec1af510ad1b0bb783,31024db7f253cedb61d8f7c98215f793f29fdb88,add sound DiffReach strict-affine projection,origin/codex/first-order-followup-correctness-matched-basis;origin/codex/three-way-common-contract-comparison;origin/codex/three-way-comparison-correctness-repair;origin/codex/torch-flowstar-diffreach-deep-study
c49570a90125391c986aa1aed718e8f8dc52c993,00da72f1b4c981e61ac411edf5db6876bd5eb279,add explicit three-tool CIR v2 schema,origin/codex/torch-flowstar-diffreach-deep-study
c56f81752f6ccde014ff92cef904bcdd63fa7e31,8ae09935799f9dc875208cba9d7d83f2e451d49f,Add Flowstar width attribution and scalar fix run,origin/codex/batched-dense-nncs-gpu;origin/codex/first-order-followup-correctness-matched-basis;origin/codex/first-order-three-way-benchmark;origin/codex/flowstar-normalized-insertion;origin/codex/flowstar-raw-remainder-compat;origin/codex/three-way-common-contract-comparison;origin/codex/three-way-comparison-correctness-repair;origin/codex/torch-flowstar-diffreach-deep-study
c74de89e6ce0a278bda455d644e7abcabadbc1c4,09630a4bf021e5200af9395d0c976a1479682e32,2026-06-02-final-audit-source-snapshot,main;origin/codex/batched-dense-nncs-gpu;origin/codex/first-order-followup-correctness-matched-basis;origin/codex/first-order-three-way-benchmark;origin/codex/flowstar-ctrunc-rescue-diagnostics;origin/codex/flowstar-kernel-alignment;origin/codex/flowstar-normalized-insertion;origin/codex/flowstar-raw-remainder-compat;origin/codex/three-way-common-contract-comparison;origin/codex/three-way-comparison-correctness-repair;origin/codex/torch-flowstar-diffreach-deep-study;origin/main
c791195d63720c4cc287dbabe19bec54b0073a5b,e678b85f14522d95dff5e7e0c36a36fac839cedc,Audit Flowstar validation candidate decomposition,origin/codex/batched-dense-nncs-gpu;origin/codex/first-order-followup-correctness-matched-basis;origin/codex/first-order-three-way-benchmark;origin/codex/flowstar-normalized-insertion;origin/codex/flowstar-raw-remainder-compat;origin/codex/three-way-common-contract-comparison;origin/codex/three-way-comparison-correctness-repair;origin/codex/torch-flowstar-diffreach-deep-study
cddc921c491643a8209a14c1c6ba1817b5f24470,a5d01a6491d8cfb582a1083ea8f2b44915a360d6,add controlled affine and box protocols,origin/codex/torch-flowstar-diffreach-deep-study
cf230026ad00f3a48ba681c3a5bf6b0adf30ab0f,04d2c7011780b32cf2fdb75e1dbe987112c5018d,record passing Flowstar integrated smoke gates,origin/codex/torch-flowstar-diffreach-deep-study
d6d75567c354e5d95d2dc37b85e98d7f222c8eda,8a5ebcb802193a5ac29f5a6d63645d94fadac709,Add validation mode to rescue reset boxes,main;origin/codex/batched-dense-nncs-gpu;origin/codex/first-order-followup-correctness-matched-basis;origin/codex/first-order-three-way-benchmark;origin/codex/flowstar-kernel-alignment;origin/codex/flowstar-normalized-insertion;origin/codex/flowstar-raw-remainder-compat;origin/codex/three-way-common-contract-comparison;origin/codex/three-way-comparison-correctness-repair;origin/codex/torch-flowstar-diffreach-deep-study;origin/main
d81feb745964db633befa374e0bd93544fdb6902,08505f7046aa45971c41f465b23742139c211e92,Add Flowstar-style rescue mode,main;origin/codex/batched-dense-nncs-gpu;origin/codex/first-order-followup-correctness-matched-basis;origin/codex/first-order-three-way-benchmark;origin/codex/flowstar-ctrunc-rescue-diagnostics;origin/codex/flowstar-kernel-alignment;origin/codex/flowstar-normalized-insertion;origin/codex/flowstar-raw-remainder-compat;origin/codex/three-way-common-contract-comparison;origin/codex/three-way-comparison-correctness-repair;origin/codex/torch-flowstar-diffreach-deep-study;origin/main
d83a57b9515bead3c1b96808e490096a741908da,f7074bd3f7a20e9ad009b5d5bd657c680d383d59,Finalize Flow* Van der Pol PyTorch diagnostics conclusion,main;origin/codex/batched-dense-nncs-gpu;origin/codex/first-order-followup-correctness-matched-basis;origin/codex/first-order-three-way-benchmark;origin/codex/flowstar-ctrunc-rescue-diagnostics;origin/codex/flowstar-kernel-alignment;origin/codex/flowstar-normalized-insertion;origin/codex/flowstar-raw-remainder-compat;origin/codex/three-way-common-contract-comparison;origin/codex/three-way-comparison-correctness-repair;origin/codex/torch-flowstar-diffreach-deep-study;origin/main
d9227c1034ee1a85e48328eeb621eb30703a8723,ccb96b6ef95906053384499d64a90e98aa2f35ca,Add Flowstar PyTorch TM failure diagnostics,main;origin/codex/batched-dense-nncs-gpu;origin/codex/first-order-followup-correctness-matched-basis;origin/codex/first-order-three-way-benchmark;origin/codex/flowstar-ctrunc-rescue-diagnostics;origin/codex/flowstar-kernel-alignment;origin/codex/flowstar-normalized-insertion;origin/codex/flowstar-raw-remainder-compat;origin/codex/three-way-common-contract-comparison;origin/codex/three-way-comparison-correctness-repair;origin/codex/torch-flowstar-diffreach-deep-study;origin/main
db9c83775b8328a8066e560553e63519d1692f3f,0fd521fc3c28b2f316114aba5616bb02f9baab5a,Add stage-2 Taylor-model diagnostics,main;origin/codex/batched-dense-nncs-gpu;origin/codex/first-order-followup-correctness-matched-basis;origin/codex/first-order-three-way-benchmark;origin/codex/flowstar-ctrunc-rescue-diagnostics;origin/codex/flowstar-kernel-alignment;origin/codex/flowstar-normalized-insertion;origin/codex/flowstar-raw-remainder-compat;origin/codex/three-way-common-contract-comparison;origin/codex/three-way-comparison-correctness-repair;origin/codex/torch-flowstar-diffreach-deep-study;origin/main
dd978be74f96b469c9288b085948088088799045,d42569e9bf96647bec4e18de2d564581806b21a8,Add Flowstar-style rescue diagnostics,main;origin/codex/batched-dense-nncs-gpu;origin/codex/first-order-followup-correctness-matched-basis;origin/codex/first-order-three-way-benchmark;origin/codex/flowstar-ctrunc-rescue-diagnostics;origin/codex/flowstar-kernel-alignment;origin/codex/flowstar-normalized-insertion;origin/codex/flowstar-raw-remainder-compat;origin/codex/three-way-common-contract-comparison;origin/codex/three-way-comparison-correctness-repair;origin/codex/torch-flowstar-diffreach-deep-study;origin/main
dda7ce9eb00a500586fa7f147de6630f1aa1370c,04360070138b7d9ccf6eeda8e36c0f0a2723f0b1,Audit Flowstar raw ctrunc residual construction,origin/codex/batched-dense-nncs-gpu;origin/codex/first-order-followup-correctness-matched-basis;origin/codex/first-order-three-way-benchmark;origin/codex/flowstar-normalized-insertion;origin/codex/flowstar-raw-remainder-compat;origin/codex/three-way-common-contract-comparison;origin/codex/three-way-comparison-correctness-repair;origin/codex/torch-flowstar-diffreach-deep-study
e02f1c6238852004eecaa25f26629ef537e10c25,d37535acb9f77ea2e986fd065a7091a9144dff38,Validate Flowstar raw remainder compat attempt sequence,origin/codex/first-order-followup-correctness-matched-basis;origin/codex/first-order-three-way-benchmark;origin/codex/flowstar-raw-remainder-compat;origin/codex/three-way-common-contract-comparison;origin/codex/three-way-comparison-correctness-repair;origin/codex/torch-flowstar-diffreach-deep-study
e42ca831e2c079598ffaa065b82d5f5651e67f7c,4a611b2796c5a18ac16c9d420d70c7e27bb5c34b,Clean up Van der Pol audit formatting,origin/codex/batched-dense-nncs-gpu;origin/codex/first-order-followup-correctness-matched-basis;origin/codex/first-order-three-way-benchmark;origin/codex/flowstar-normalized-insertion;origin/codex/flowstar-raw-remainder-compat;origin/codex/three-way-common-contract-comparison;origin/codex/three-way-comparison-correctness-repair;origin/codex/torch-flowstar-diffreach-deep-study
e959d6052aac868010d44e307a6b6d630a019d0d,d4476b62d2825e3a22d0901c57663237f5495e20,add matched protocols runners and reporting,origin/codex/first-order-followup-correctness-matched-basis;origin/codex/three-way-common-contract-comparison;origin/codex/three-way-comparison-correctness-repair;origin/codex/torch-flowstar-diffreach-deep-study
eb36930ee2496435aae4d3b3f717f1552f99f1e4,405e07c6bee245bafdb21589444ca4f930585e73,Add dependency-preserving torch parity run,main;origin/codex/batched-dense-nncs-gpu;origin/codex/first-order-followup-correctness-matched-basis;origin/codex/first-order-three-way-benchmark;origin/codex/flowstar-ctrunc-rescue-diagnostics;origin/codex/flowstar-kernel-alignment;origin/codex/flowstar-normalized-insertion;origin/codex/flowstar-raw-remainder-compat;origin/codex/three-way-common-contract-comparison;origin/codex/three-way-comparison-correctness-repair;origin/codex/torch-flowstar-diffreach-deep-study;origin/main
ec826432750f427d8670e5fdba930d2c7b7a7b93,64d1dd9eb4652e59c02d1daf2a11d9d94b4b2223,add common polynomial defect diagnostics,origin/codex/torch-flowstar-diffreach-deep-study
ecc796df5b09ad230e98f66f41987aec4dc3cd2e,4672f02446f9d6c9be9f56e96eeeac4c4f9201c5,add component and matched-basis ablations,origin/codex/torch-flowstar-diffreach-deep-study
ed23e61b23e5565261f12e917d108b532251ebf6,16c2613f53690438dfa86b9409ca5a94b09bc093,Add normalized insertion symqueue diagnostics,origin/codex/batched-dense-nncs-gpu;origin/codex/first-order-followup-correctness-matched-basis;origin/codex/first-order-three-way-benchmark;origin/codex/flowstar-normalized-insertion;origin/codex/flowstar-raw-remainder-compat;origin/codex/three-way-common-contract-comparison;origin/codex/three-way-comparison-correctness-repair;origin/codex/torch-flowstar-diffreach-deep-study
ef0a677d942f7143b962621e6760e5e2c8c655c8,55a7fd9cb7fdb438b08231202a9dcd4cdc2560bb,deduplicate superseded common segment artifacts,origin/codex/torch-flowstar-diffreach-deep-study
f08856c7a93481cdb5174d61ff85e81901db0541,4008a7eb3fc272c765f088ac99dd484fdec2047c,Run h5 Flowstar raw remainder compat audit,origin/codex/first-order-followup-correctness-matched-basis;origin/codex/first-order-three-way-benchmark;origin/codex/flowstar-raw-remainder-compat;origin/codex/three-way-common-contract-comparison;origin/codex/three-way-comparison-correctness-repair;origin/codex/torch-flowstar-diffreach-deep-study
f667f739872169f257bedcc8fca0b57a59c46a9d,3d1ab1ab28d694238fc71f59cbdad5385c65bc8b,Add normalized insertion h10 diagnostics,origin/codex/batched-dense-nncs-gpu;origin/codex/first-order-followup-correctness-matched-basis;origin/codex/first-order-three-way-benchmark;origin/codex/flowstar-normalized-insertion;origin/codex/flowstar-raw-remainder-compat;origin/codex/three-way-common-contract-comparison;origin/codex/three-way-comparison-correctness-repair;origin/codex/torch-flowstar-diffreach-deep-study
f7621d8f72c0c3bf834a8ac7a66cee9907c407c4,1e01c53e0cf15a7fe84bfac909a33ddcb81a4051,enforce matched basis and within-tool Pareto semantics,origin/codex/torch-flowstar-diffreach-deep-study
f792a763cb761554f42abb200a1aedade08cc72a,3cfc1a7175bd0064a94c0eec017fb6489bd14354,validate Flowstar Van der Pol one-step candidates,origin/codex/torch-flowstar-diffreach-deep-study
fab3141dbfd9a6bc3388a394ed95d59ecd4132e6,ef7ece568c251a7ff4489803b1bd5b8896cdff85,record checkpoint push infrastructure blocker,origin/codex/torch-flowstar-diffreach-deep-study
fd606c862bc53edc8374a5527f53f7f872b7e8f3,c015eca97a224c5c4e14b30890e871738b0f54e7,Add same-source Flowstar endpoint tube comparison,origin/codex/batched-dense-nncs-gpu;origin/codex/first-order-followup-correctness-matched-basis;origin/codex/first-order-three-way-benchmark;origin/codex/flowstar-normalized-insertion;origin/codex/flowstar-raw-remainder-compat;origin/codex/three-way-common-contract-comparison;origin/codex/three-way-comparison-correctness-repair;origin/codex/torch-flowstar-diffreach-deep-study
