backend_lane,dense_kernel_s,device_to_host_s,device_transfer_count,h_attempted,host_to_device_s,segment_index,t_before,total_wall_s
hybrid_dense_core,0.1910166050074622,0.0,0,0.01,0.0,0,0.0,0.2806978019652888
hybrid_dense_core,0.1754061160609126,0.0,0,0.01,0.0,1,0.01,0.3726224669953808
hybrid_dense_core,0.17535344907082617,0.0,0,0.01,0.0,2,0.02,0.4424779249820858
hybrid_dense_core,0.19241305999457836,0.0,0,0.01,0.0,3,0.03,0.47879281698260456
hybrid_dense_core,0.1798020510468632,0.0,0,0.01,0.0,4,0.04,0.48523100500460714
hybrid_dense_core,0.18288831203244627,0.0,0,0.01,0.0,5,0.05,0.5048958160914481
hybrid_dense_core,0.26323029305785894,0.0,0,0.01,0.0,6,0.06,0.5883908870164305
hybrid_dense_core,0.19045938702765852,0.0,0,0.01,0.0,7,0.07,0.5190185530809686
hybrid_dense_core,0.18030020501464605,0.0,0,0.01,0.0,8,0.08,0.502323923050426
hybrid_dense_core,0.18019981810357422,0.0,0,0.01,0.0,9,0.09,0.5095345400040969
hybrid_dense_core,0.18183881603181362,0.0,0,0.01,0.0,10,0.1,0.5175388379720971
hybrid_dense_core,0.18713581701740623,0.0,0,0.01,0.0,11,0.11,0.5247137850383297
hybrid_dense_core,0.18009157397318631,0.0,0,0.01,0.0,12,0.12,0.5214635489974171
hybrid_dense_core,0.1811366230249405,0.0,0,0.01,0.0,13,0.13,0.5198461989639327
hybrid_dense_core,0.17975601402577013,0.0,0,0.01,0.0,14,0.14,0.5167847879929468
hybrid_dense_core,0.1872856819536537,0.0,0,0.01,0.0,15,0.15,0.54623007401824
hybrid_dense_core,0.1802898490568623,0.0,0,0.01,0.0,16,0.16,0.5347783729666844
hybrid_dense_core,0.17977941990830004,0.0,0,0.01,0.0,17,0.17,0.5363121089758351
hybrid_dense_core,0.17960631905589253,0.0,0,0.01,0.0,18,0.18,0.5290418580407277
hybrid_dense_core,0.19229619693942368,0.0,0,0.01,0.0,19,0.19,0.5531725879991427
hybrid_dense_core,0.17979079694487154,0.0,0,0.01,0.0,20,0.2,0.5439143180847168
hybrid_dense_core,0.18016230093780905,0.0,0,0.01,0.0,21,0.21,0.5454636659706011
hybrid_dense_core,0.18063510698266327,0.0,0,0.01,0.0,22,0.22,0.6049481839872897
hybrid_dense_core,0.181278579053469,0.0,0,0.01,0.0,23,0.23,0.552444492932409
hybrid_dense_core,0.1818906090920791,0.0,0,0.01,0.0,24,0.24,0.5570682149846107
hybrid_dense_core,0.18054711096920073,0.0,0,0.01,0.0,25,0.25,0.5709736490389332
hybrid_dense_core,0.18216475297231227,0.0,0,0.01,0.0,26,0.26,0.5706296949647367
hybrid_dense_core,0.18062228697817773,0.0,0,0.01,0.0,27,0.27,0.5462053749943152
hybrid_dense_core,0.1822999269934371,0.0,0,0.01,0.0,28,0.28,0.5533629710553214
hybrid_dense_core,0.18068799504544586,0.0,0,0.01,0.0,29,0.29,0.543539649923332
hybrid_dense_core,0.18970373703632504,0.0,0,0.01,0.0,30,0.3,0.5636543210130185
hybrid_dense_core,0.1813656040467322,0.0,0,0.01,0.0,31,0.31,0.5436046510003507
hybrid_dense_core,0.18114899995271116,0.0,0,0.01,0.0,32,0.32,0.5482471770374104
hybrid_dense_core,0.1806680979207158,0.0,0,0.01,0.0,33,0.33,0.5509190160082653
hybrid_dense_core,0.19335007993504405,0.0,0,0.01,0.0,34,0.34,0.5512740830890834
hybrid_dense_core,0.1801900330465287,0.0,0,0.01,0.0,35,0.35000000000000003,0.5470094010233879
hybrid_dense_core,0.18162160902284086,0.0,0,0.01,0.0,36,0.36,0.5467559730168432
hybrid_dense_core,0.18062566500157118,0.0,0,0.01,0.0,37,0.37,0.5620603109709918
hybrid_dense_core,0.1815769129898399,0.0,0,0.01,0.0,38,0.38,0.5472392410738394
hybrid_dense_core,0.18177755805663764,0.0,0,0.01,0.0,39,0.39,0.5456349819432944
hybrid_dense_core,0.18061940802726895,0.0,0,0.01,0.0,40,0.4,0.5569683710345998
hybrid_dense_core,0.17985553399194032,0.0,0,0.01,0.0,41,0.41000000000000003,0.5651496449718252
hybrid_dense_core,0.18099803500808775,0.0,0,0.01,0.0,42,0.42,0.5599432429298759
hybrid_dense_core,0.18040625506546348,0.0,0,0.01,0.0,43,0.43,0.557426213985309
hybrid_dense_core,0.1793573600007221,0.0,0,0.01,0.0,44,0.44,0.5553727409569547
hybrid_dense_core,0.19135716604068875,0.0,0,0.01,0.0,45,0.45,0.564656388014555
hybrid_dense_core,0.18168168200645596,0.0,0,0.01,0.0,46,0.46,0.5575256960000843
hybrid_dense_core,0.1800926940049976,0.0,0,0.01,0.0,47,0.47000000000000003,0.5578259569592774
hybrid_dense_core,0.184129229048267,0.0,0,0.01,0.0,48,0.48,0.566138991038315
hybrid_dense_core,0.18548975500743836,0.0,0,0.01,0.0,49,0.49,0.5684402190381661
hybrid_dense_core,0.1800274010747671,0.0,0,0.01,0.0,50,0.5,0.5556289810920134
hybrid_dense_core,0.1829360390547663,0.0,0,0.01,0.0,51,0.51,0.5642556149978191
hybrid_dense_core,0.1808578569907695,0.0,0,0.01,0.0,52,0.52,0.5705345140304416
hybrid_dense_core,0.18215154600329697,0.0,0,0.01,0.0,53,0.53,0.5584276219597086
hybrid_dense_core,0.17977546900510788,0.0,0,0.01,0.0,54,0.54,0.5542179479962215
hybrid_dense_core,0.2483462649397552,0.0,0,0.01,0.0,55,0.55,0.62044456100557
hybrid_dense_core,0.1939662299118936,0.0,0,0.01,0.0,56,0.56,0.5832343979272991
hybrid_dense_core,0.1832051989622414,0.0,0,0.01,0.0,57,0.5700000000000001,0.555630328017287
hybrid_dense_core,0.1806436909828335,0.0,0,0.01,0.0,58,0.58,0.5705911050317809
hybrid_dense_core,0.18252269399818033,0.0,0,0.01,0.0,59,0.59,0.5680051210802048
hybrid_dense_core,0.18619130097795278,0.0,0,0.01,0.0,60,0.6,0.5641088359989226
hybrid_dense_core,0.1822351140435785,0.0,0,0.01,0.0,61,0.61,0.5592568379361182
hybrid_dense_core,0.18101637694053352,0.0,0,0.01,0.0,62,0.62,0.5611305650090799
hybrid_dense_core,0.18151716399006546,0.0,0,0.01,0.0,63,0.63,0.580116919009015
hybrid_dense_core,0.1821824989747256,0.0,0,0.01,0.0,64,0.64,0.5612229199614376
hybrid_dense_core,0.18197510298341513,0.0,0,0.01,0.0,65,0.65,0.5518521009944379
hybrid_dense_core,0.18272919300943613,0.0,0,0.01,0.0,66,0.66,0.563196606002748
hybrid_dense_core,0.19164355308748782,0.0,0,0.01,0.0,67,0.67,0.5715626759920269
hybrid_dense_core,0.18468872795347124,0.0,0,0.01,0.0,68,0.68,0.5645381259964779
hybrid_dense_core,0.1849433030001819,0.0,0,0.01,0.0,69,0.6900000000000001,0.5594987230142578
hybrid_dense_core,0.18292389006819576,0.0,0,0.01,0.0,70,0.7000000000000001,0.5727690639905632
hybrid_dense_core,0.18437095498666167,0.0,0,0.01,0.0,71,0.71,0.630255997995846
hybrid_dense_core,0.1830591440666467,0.0,0,0.01,0.0,72,0.72,0.5582293840125203
hybrid_dense_core,0.18354061094578356,0.0,0,0.01,0.0,73,0.73,0.5647760210558772
hybrid_dense_core,0.1829426980111748,0.0,0,0.01,0.0,74,0.74,0.5674853679956868
hybrid_dense_core,0.185068927006796,0.0,0,0.01,0.0,75,0.75,0.5646680829813704
hybrid_dense_core,0.1813433920033276,0.0,0,0.01,0.0,76,0.76,0.5600162630435079
hybrid_dense_core,0.18139679497107863,0.0,0,0.01,0.0,77,0.77,0.5609975080005825
hybrid_dense_core,0.19796478294301778,0.0,0,0.01,0.0,78,0.78,0.5753673340659589
hybrid_dense_core,0.18153147806879133,0.0,0,0.01,0.0,79,0.79,0.5614119860110804
hybrid_dense_core,0.1811317279934883,0.0,0,0.01,0.0,80,0.8,0.5654302819166332
hybrid_dense_core,0.18174028699286282,0.0,0,0.01,0.0,81,0.81,0.5744136749999598
hybrid_dense_core,0.1826042579486966,0.0,0,0.01,0.0,82,0.8200000000000001,0.5546963679371402
hybrid_dense_core,0.18182519206311554,0.0,0,0.01,0.0,83,0.8300000000000001,0.5557810571044683
hybrid_dense_core,0.18332428694702685,0.0,0,0.01,0.0,84,0.84,0.5573192320298404
hybrid_dense_core,0.18214209703728557,0.0,0,0.01,0.0,85,0.85,0.5569473460782319
hybrid_dense_core,0.18317692901473492,0.0,0,0.01,0.0,86,0.86,0.5577779109589756
hybrid_dense_core,0.18131336104124784,0.0,0,0.01,0.0,87,0.87,0.5562784499488771
hybrid_dense_core,0.18126024992670864,0.0,0,0.01,0.0,88,0.88,0.5522670220816508
hybrid_dense_core,0.27332750195637345,0.0,0,0.01,0.0,89,0.89,0.6438101880485192
hybrid_dense_core,0.18196365796029568,0.0,0,0.01,0.0,90,0.9,0.5626364049967378
hybrid_dense_core,0.1888908790424466,0.0,0,0.01,0.0,91,0.91,0.5722223680932075
hybrid_dense_core,0.18375378102064133,0.0,0,0.01,0.0,92,0.92,0.5711772569920868
hybrid_dense_core,0.1827583439880982,0.0,0,0.01,0.0,93,0.93,0.5546447379747406
hybrid_dense_core,0.18091196694877,0.0,0,0.01,0.0,94,0.9400000000000001,0.5453330139862373
hybrid_dense_core,0.1813925140304491,0.0,0,0.01,0.0,95,0.9500000000000001,0.5544049480231479
hybrid_dense_core,0.18094384903088212,0.0,0,0.01,0.0,96,0.96,0.5575248849345371
hybrid_dense_core,0.18339488201308995,0.0,0,0.01,0.0,97,0.97,0.5581059759715572
hybrid_dense_core,0.18372994707897305,0.0,0,0.01,0.0,98,0.98,0.5534197560045868
hybrid_dense_core,0.18170559499412775,0.0,0,0.01,0.0,99,0.99,0.5469053010456264
hybrid_dense_core,0.19188664900138974,0.0,0,0.01,0.0,100,1.0,0.5730572869069874
hybrid_dense_core,0.18200404301751405,0.0,0,0.01,0.0,101,1.01,0.5468629519455135
hybrid_dense_core,0.18067068397067487,0.0,0,0.01,0.0,102,1.02,0.5559679670259356
hybrid_dense_core,0.1805039030732587,0.0,0,0.01,0.0,103,1.03,0.5467918999493122
hybrid_dense_core,0.19474997301585972,0.0,0,0.01,0.0,104,1.04,0.5666040240321308
hybrid_dense_core,0.18248810502700508,0.0,0,0.01,0.0,105,1.05,0.5525978439254686
hybrid_dense_core,0.18109227798413485,0.0,0,0.01,0.0,106,1.06,0.5566163440234959
hybrid_dense_core,0.2744948969921097,0.0,0,0.01,0.0,107,1.07,0.6644387550186366
hybrid_dense_core,0.18244531797245145,0.0,0,0.01,0.0,108,1.08,0.5560608219821006
hybrid_dense_core,0.18243173009250313,0.0,0,0.01,0.0,109,1.09,0.5535491029731929
hybrid_dense_core,0.18198975501582026,0.0,0,0.01,0.0,110,1.1,0.5584659989690408
hybrid_dense_core,0.18951762095093727,0.0,0,0.01,0.0,111,1.11,0.5696913889842108
hybrid_dense_core,0.18224316707346588,0.0,0,0.01,0.0,112,1.12,0.5594112350372598
hybrid_dense_core,0.18455524102319032,0.0,0,0.01,0.0,113,1.1300000000000001,0.5591747090220451
hybrid_dense_core,0.1829909150255844,0.0,0,0.01,0.0,114,1.1400000000000001,0.5638120629591867
hybrid_dense_core,0.19041804305743426,0.0,0,0.01,0.0,115,1.1500000000000001,0.5559492600150406
hybrid_dense_core,0.18371391901746392,0.0,0,0.01,0.0,116,1.16,0.5584919559769332
hybrid_dense_core,0.1810179379535839,0.0,0,0.01,0.0,117,1.17,0.548832732019946
hybrid_dense_core,0.18296110501978546,0.0,0,0.01,0.0,118,1.18,0.5705946660600603
hybrid_dense_core,0.1842738629784435,0.0,0,0.01,0.0,119,1.19,0.5588373279897496
hybrid_dense_core,0.1815405209781602,0.0,0,0.01,0.0,120,1.2,0.5524389579659328
hybrid_dense_core,0.1825022380799055,0.0,0,0.01,0.0,121,1.21,0.5534677489195019
hybrid_dense_core,0.1843646599445492,0.0,0,0.01,0.0,122,1.22,0.5696349609643221
hybrid_dense_core,0.18630946893244982,0.0,0,0.01,0.0,123,1.23,0.5560403399867937
hybrid_dense_core,0.18116093496792018,0.0,0,0.01,0.0,124,1.24,0.5559652849333361
hybrid_dense_core,0.18351164704654366,0.0,0,0.01,0.0,125,1.25,0.5516406019451097
hybrid_dense_core,0.19677842501550913,0.0,0,0.01,0.0,126,1.26,0.5641993739409372
hybrid_dense_core,0.18117947899736464,0.0,0,0.01,0.0,127,1.27,0.5572315579047427
hybrid_dense_core,0.283362856018357,0.0,0,0.01,0.0,128,1.28,0.6619580909609795
hybrid_dense_core,0.18493961496278644,0.0,0,0.01,0.0,129,1.29,0.5804043860407546
hybrid_dense_core,0.1856188620440662,0.0,0,0.01,0.0,130,1.3,0.5636471239849925
hybrid_dense_core,0.18283698405139148,0.0,0,0.01,0.0,131,1.31,0.5620684280293062
hybrid_dense_core,0.18528361606877297,0.0,0,0.01,0.0,132,1.32,0.5609620399773121
hybrid_dense_core,0.1856710680294782,0.0,0,0.01,0.0,133,1.33,0.5699237980879843
hybrid_dense_core,0.18300701398402452,0.0,0,0.01,0.0,134,1.34,0.5578779279021546
hybrid_dense_core,0.1821685789618641,0.0,0,0.01,0.0,135,1.35,0.5544396289624274
hybrid_dense_core,0.18121209100354463,0.0,0,0.01,0.0,136,1.36,0.5615200850879773
hybrid_dense_core,0.19060161896049976,0.0,0,0.01,0.0,137,1.37,0.568146241013892
hybrid_dense_core,0.1813083119923249,0.0,0,0.01,0.0,138,1.3800000000000001,0.5546869530808181
hybrid_dense_core,0.18197884410619736,0.0,0,0.01,0.0,139,1.3900000000000001,0.5575440580723807
hybrid_dense_core,0.1817690609022975,0.0,0,0.01,0.0,140,1.4000000000000001,0.5610726870363578
hybrid_dense_core,0.18364462710451335,0.0,0,0.01,0.0,141,1.41,0.5556698220316321
hybrid_dense_core,0.18466364894993603,0.0,0,0.01,0.0,142,1.42,0.5584567550104111
hybrid_dense_core,0.18148633791133761,0.0,0,0.01,0.0,143,1.43,0.5578826339915395
hybrid_dense_core,0.18287459190469235,0.0,0,0.01,0.0,144,1.44,0.5718259339919314
hybrid_dense_core,0.18258158501703292,0.0,0,0.01,0.0,145,1.45,0.559496734989807
hybrid_dense_core,0.18183934898115695,0.0,0,0.01,0.0,146,1.46,0.5597341309767216
hybrid_dense_core,0.18121751002036035,0.0,0,0.01,0.0,147,1.47,0.5516387509414926
hybrid_dense_core,0.20444877003319561,0.0,0,0.01,0.0,148,1.48,0.5873436679830775
hybrid_dense_core,0.1816683050710708,0.0,0,0.01,0.0,149,1.49,0.5518435160629451
hybrid_dense_core,0.182266743038781,0.0,0,0.01,0.0,150,1.5,0.5608098639640957
hybrid_dense_core,0.1870704760076478,0.0,0,0.01,0.0,151,1.51,0.5716635839780793
hybrid_dense_core,0.1829345190199092,0.0,0,0.01,0.0,152,1.52,0.5606348810251802
hybrid_dense_core,0.18331257393583655,0.0,0,0.01,0.0,153,1.53,0.5596931909676641
hybrid_dense_core,0.18054341594688594,0.0,0,0.01,0.0,154,1.54,0.551123159006238
hybrid_dense_core,0.18572677695192397,0.0,0,0.01,0.0,155,1.55,0.5773003139765933
hybrid_dense_core,0.18406623706687242,0.0,0,0.01,0.0,156,1.56,0.5649819190148264
hybrid_dense_core,0.18330283393152058,0.0,0,0.01,0.0,157,1.57,0.5678865789668635
hybrid_dense_core,0.1832963899942115,0.0,0,0.01,0.0,158,1.58,0.5535997509723529
hybrid_dense_core,0.1975179889705032,0.0,0,0.01,0.0,159,1.59,0.5661729549756274
hybrid_dense_core,0.18618126295041293,0.0,0,0.01,0.0,160,1.6,0.5637715519405901
hybrid_dense_core,0.18197079002857208,0.0,0,0.01,0.0,161,1.61,0.5582053810358047
hybrid_dense_core,0.18263800896238536,0.0,0,0.01,0.0,162,1.62,0.5768082200083882
hybrid_dense_core,0.18723853793926537,0.0,0,0.01,0.0,163,1.6300000000000001,0.5604815259575844
hybrid_dense_core,0.18238425604067743,0.0,0,0.01,0.0,164,1.6400000000000001,0.5547822209773585
hybrid_dense_core,0.18528753297869116,0.0,0,0.01,0.0,165,1.6500000000000001,0.5657032210147008
hybrid_dense_core,0.1839073390001431,0.0,0,0.01,0.0,166,1.6600000000000001,0.5740733540151268
hybrid_dense_core,0.18323817406781018,0.0,0,0.01,0.0,167,1.67,0.5660589420003816
hybrid_dense_core,0.18547573301475495,0.0,0,0.01,0.0,168,1.68,0.5645845859544352
hybrid_dense_core,0.1827753910329193,0.0,0,0.01,0.0,169,1.69,0.5549966730177402
hybrid_dense_core,0.19873501500114799,0.0,0,0.01,0.0,170,1.7,0.5830146670341492
hybrid_dense_core,0.1873626969754696,0.0,0,0.01,0.0,171,1.71,0.5640442209551111
hybrid_dense_core,0.1827395260334015,0.0,0,0.01,0.0,172,1.72,0.563073867931962
hybrid_dense_core,0.18251695903018117,0.0,0,0.01,0.0,173,1.73,0.5814564389875159
hybrid_dense_core,0.18400891905184835,0.0,0,0.01,0.0,174,1.74,0.5558749849442393
hybrid_dense_core,0.18213423097040504,0.0,0,0.01,0.0,175,1.75,0.5519290980882943
hybrid_dense_core,0.18286136991810054,0.0,0,0.01,0.0,176,1.76,0.5650235069915652
hybrid_dense_core,0.18435548292472959,0.0,0,0.01,0.0,177,1.77,0.5751711359480396
hybrid_dense_core,0.18521102902013808,0.0,0,0.01,0.0,178,1.78,0.557165612000972
hybrid_dense_core,0.1825969509081915,0.0,0,0.01,0.0,179,1.79,0.5594008920015767
hybrid_dense_core,0.3052607870195061,0.0,0,0.01,0.0,180,1.8,0.6980145450215787
hybrid_dense_core,0.18511361896526068,0.0,0,0.01,0.0,181,1.81,0.564892117981799
hybrid_dense_core,0.1827989409212023,0.0,0,0.01,0.0,182,1.82,0.5582830049097538
hybrid_dense_core,0.18736895103938878,0.0,0,0.01,0.0,183,1.83,0.5796917490661144
hybrid_dense_core,0.1842253979993984,0.0,0,0.01,0.0,184,1.84,0.5812344020232558
hybrid_dense_core,0.188289065961726,0.0,0,0.01,0.0,185,1.85,0.5726370960474014
hybrid_dense_core,0.19050900603178889,0.0,0,0.01,0.0,186,1.86,0.5756986329797655
hybrid_dense_core,0.18666418397333473,0.0,0,0.01,0.0,187,1.87,0.5597550079692155
hybrid_dense_core,0.1946284589357674,0.0,0,0.01,0.0,188,1.8800000000000001,0.5768631690880284
hybrid_dense_core,0.18497771804686636,0.0,0,0.01,0.0,189,1.8900000000000001,0.5614941640524194
hybrid_dense_core,0.1821304860059172,0.0,0,0.01,0.0,190,1.9000000000000001,0.5642534720245749
hybrid_dense_core,0.18532570998650044,0.0,0,0.01,0.0,191,1.9100000000000001,0.5862101220991462
hybrid_dense_core,0.1870407429523766,0.0,0,0.01,0.0,192,1.92,0.568475411972031
hybrid_dense_core,0.18352284806314856,0.0,0,0.01,0.0,193,1.93,0.574445425067097
hybrid_dense_core,0.1818186700111255,0.0,0,0.01,0.0,194,1.94,0.5590224759653211
hybrid_dense_core,0.18180795898661017,0.0,0,0.01,0.0,195,1.95,0.5746746180811897
hybrid_dense_core,0.18252523394767195,0.0,0,0.01,0.0,196,1.96,0.5681055820314214
hybrid_dense_core,0.18183143506757915,0.0,0,0.01,0.0,197,1.97,0.5713586660567671
hybrid_dense_core,0.18215624801814556,0.0,0,0.01,0.0,198,1.98,0.5702341210562736
hybrid_dense_core,0.19514665694441646,0.0,0,0.01,0.0,199,1.99,0.5780764510855079
hybrid_dense_core,0.18188085302244872,0.0,0,0.01,0.0,200,2.0,0.5588462409796193
hybrid_dense_core,0.18183784489519894,0.0,0,0.01,0.0,201,2.0100000000000002,0.5655110109364614
hybrid_dense_core,0.18139043799601495,0.0,0,0.01,0.0,202,2.02,0.5794471279950812
hybrid_dense_core,0.18305225600488484,0.0,0,0.01,0.0,203,2.0300000000000002,0.5650242469273508
hybrid_dense_core,0.18275466200429946,0.0,0,0.01,0.0,204,2.04,0.5656566729303449
hybrid_dense_core,0.18708612397313118,0.0,0,0.01,0.0,205,2.05,0.5690072819124907
hybrid_dense_core,0.18357410095632076,0.0,0,0.01,0.0,206,2.06,0.5937242979416624
hybrid_dense_core,0.18701489397790283,0.0,0,0.01,0.0,207,2.07,0.5737545019946992
hybrid_dense_core,0.18211965798400342,0.0,0,0.01,0.0,208,2.08,0.5588098040316254
hybrid_dense_core,0.1860578889027238,0.0,0,0.01,0.0,209,2.09,0.5792292670812458
hybrid_dense_core,0.18426788097713143,0.0,0,0.01,0.0,210,2.1,0.5710087050683796
hybrid_dense_core,0.1838883920572698,0.0,0,0.01,0.0,211,2.11,0.5717406329931691
hybrid_dense_core,0.18225129798520356,0.0,0,0.01,0.0,212,2.12,0.5701608129311353
hybrid_dense_core,0.18466690194327384,0.0,0,0.01,0.0,213,2.13,0.5808723940281197
hybrid_dense_core,0.18545285891741514,0.0,0,0.01,0.0,214,2.14,0.5724520890507847
hybrid_dense_core,0.1831320959609002,0.0,0,0.01,0.0,215,2.15,0.5715404589427635
hybrid_dense_core,0.18193615600466728,0.0,0,0.01,0.0,216,2.16,0.5736355429980904
hybrid_dense_core,0.1924716669600457,0.0,0,0.01,0.0,217,2.17,0.5822461800416932
hybrid_dense_core,0.18194660998415202,0.0,0,0.01,0.0,218,2.18,0.572612254996784
hybrid_dense_core,0.1819562140153721,0.0,0,0.01,0.0,219,2.19,0.5743901990354061
hybrid_dense_core,0.18312091403640807,0.0,0,0.01,0.0,220,2.2,0.5765863540582359
hybrid_dense_core,0.18378683796618134,0.0,0,0.01,0.0,221,2.21,0.5725267680827528
hybrid_dense_core,0.18242305901367217,0.0,0,0.01,0.0,222,2.22,0.5713409070158377
hybrid_dense_core,0.18252791604027152,0.0,0,0.01,0.0,223,2.23,0.5733373439870775
hybrid_dense_core,0.19378746999427676,0.0,0,0.01,0.0,224,2.24,0.5888432610081509
hybrid_dense_core,0.18346542690414935,0.0,0,0.01,0.0,225,2.25,0.5654258880531415
hybrid_dense_core,0.1827570990426466,0.0,0,0.01,0.0,226,2.2600000000000002,0.5728442870313302
hybrid_dense_core,0.183234084979631,0.0,0,0.01,0.0,227,2.27,0.5825888849794865
hybrid_dense_core,0.18465477495919913,0.0,0,0.01,0.0,228,2.2800000000000002,0.5741506150225177
hybrid_dense_core,0.1821077240165323,0.0,0,0.01,0.0,229,2.29,0.570877973921597
hybrid_dense_core,0.18454537098295987,0.0,0,0.01,0.0,230,2.3000000000000003,0.5794199489755556
hybrid_dense_core,0.18263272696640342,0.0,0,0.01,0.0,231,2.31,0.5949487090110779
hybrid_dense_core,0.1843756299931556,0.0,0,0.01,0.0,232,2.32,0.5712730409577489
hybrid_dense_core,0.1813790500164032,0.0,0,0.01,0.0,233,2.33,0.5765803019749001
hybrid_dense_core,0.18365394591819495,0.0,0,0.01,0.0,234,2.34,0.5760567290708423
hybrid_dense_core,0.19294894696213305,0.0,0,0.01,0.0,235,2.35,0.5867336799856275
hybrid_dense_core,0.1823702360270545,0.0,0,0.01,0.0,236,2.36,0.5732857199618593
hybrid_dense_core,0.18179092300124466,0.0,0,0.01,0.0,237,2.37,0.5754164339741692
hybrid_dense_core,0.1824871909338981,0.0,0,0.01,0.0,238,2.38,0.597405900945887
hybrid_dense_core,0.18579833104740828,0.0,0,0.01,0.0,239,2.39,0.5705879071028903
hybrid_dense_core,0.18215638503897935,0.0,0,0.01,0.0,240,2.4,0.5743504739366472
hybrid_dense_core,0.18524933990556747,0.0,0,0.01,0.0,241,2.41,0.7403745249612257
hybrid_dense_core,0.18806752900127321,0.0,0,0.01,0.0,242,2.42,0.582807558006607
hybrid_dense_core,0.1834989299532026,0.0,0,0.01,0.0,243,2.43,0.580632597906515
hybrid_dense_core,0.18656839395407587,0.0,0,0.01,0.0,244,2.44,0.5840845699422061
hybrid_dense_core,0.18579978391062468,0.0,0,0.01,0.0,245,2.45,0.5955335790058598
hybrid_dense_core,0.18423836096189916,0.0,0,0.01,0.0,246,2.46,0.5730580289382488
hybrid_dense_core,0.18254255701322109,0.0,0,0.01,0.0,247,2.47,0.5748240400571376
hybrid_dense_core,0.1827114300103858,0.0,0,0.01,0.0,248,2.48,0.5644202149705961
hybrid_dense_core,0.19814224902074784,0.0,0,0.01,0.0,249,2.49,0.5890487129800022
hybrid_dense_core,0.1833059029886499,0.0,0,0.01,0.0,250,2.5,0.5647994839819148
hybrid_dense_core,0.18249993596691638,0.0,0,0.01,0.0,251,2.5100000000000002,0.5664628050290048
hybrid_dense_core,0.1824766380013898,0.0,0,0.01,0.0,252,2.52,0.5731366820400581
hybrid_dense_core,0.18476468999870121,0.0,0,0.01,0.0,253,2.5300000000000002,0.5843646919820458
hybrid_dense_core,0.1814152019796893,0.0,0,0.01,0.0,254,2.54,0.5719076860696077
hybrid_dense_core,0.18138524796813726,0.0,0,0.01,0.0,255,2.5500000000000003,0.5742515029851347
hybrid_dense_core,0.19048438302706927,0.0,0,0.01,0.0,256,2.56,0.582250255974941
hybrid_dense_core,0.18412212503608316,0.0,0,0.01,0.0,257,2.57,0.5729863269953057
hybrid_dense_core,0.18306690105237067,0.0,0,0.01,0.0,258,2.58,0.5759374169865623
hybrid_dense_core,0.1825790680013597,0.0,0,0.01,0.0,259,2.59,0.5834216609364375
hybrid_dense_core,0.18781556002795696,0.0,0,0.01,0.0,260,2.6,0.572320832987316
hybrid_dense_core,0.18275665305554867,0.0,0,0.01,0.0,261,2.61,0.576103255036287
hybrid_dense_core,0.18673313700128347,0.0,0,0.01,0.0,262,2.62,0.574726722901687
hybrid_dense_core,0.19100857398007065,0.0,0,0.01,0.0,263,2.63,0.5985455469926819
hybrid_dense_core,0.18371394404675812,0.0,0,0.01,0.0,264,2.64,0.5776084280805662
hybrid_dense_core,0.18443406093865633,0.0,0,0.01,0.0,265,2.65,0.5823136160615832
hybrid_dense_core,0.18357155402190983,0.0,0,0.01,0.0,266,2.66,0.5709645949536934
hybrid_dense_core,0.19838856998831034,0.0,0,0.01,0.0,267,2.67,0.5891881169518456
hybrid_dense_core,0.18292631907388568,0.0,0,0.01,0.0,268,2.68,0.5683792009949684
hybrid_dense_core,0.1832209100248292,0.0,0,0.01,0.0,269,2.69,0.5713154090335593
hybrid_dense_core,0.18300073500722647,0.0,0,0.01,0.0,270,2.7,0.5899008749984205
hybrid_dense_core,0.18562047905288637,0.0,0,0.01,0.0,271,2.71,0.5797523349756375
hybrid_dense_core,0.1846151399658993,0.0,0,0.01,0.0,272,2.72,0.5729225659742951
hybrid_dense_core,0.18193990096915513,0.0,0,0.01,0.0,273,2.73,0.5629769049119204
hybrid_dense_core,0.18801495200023055,0.0,0,0.01,0.0,274,2.74,0.573313670931384
hybrid_dense_core,0.1824990250170231,0.0,0,0.01,0.0,275,2.75,0.5638688509352505
hybrid_dense_core,0.1830390599789098,0.0,0,0.01,0.0,276,2.7600000000000002,0.5611711770761758
hybrid_dense_core,0.1828164969338104,0.0,0,0.01,0.0,277,2.77,0.5689184790244326
hybrid_dense_core,0.18947787408251315,0.0,0,0.01,0.0,278,2.7800000000000002,0.5626422659261152
hybrid_dense_core,0.1826644940301776,0.0,0,0.01,0.0,279,2.79,0.5622211240697652
hybrid_dense_core,0.1821143759880215,0.0,0,0.01,0.0,280,2.8000000000000003,0.7210586930159479
hybrid_dense_core,0.18614992999937385,0.0,0,0.01,0.0,281,2.81,0.5593399979406968
hybrid_dense_core,0.18302802892867476,0.0,0,0.01,0.0,282,2.82,0.5593097050441429
hybrid_dense_core,0.18316978204529732,0.0,0,0.01,0.0,283,2.83,0.5641095609171316
hybrid_dense_core,0.18259825999848545,0.0,0,0.01,0.0,284,2.84,0.5679589629871771
hybrid_dense_core,0.19955515500623733,0.0,0,0.01,0.0,285,2.85,0.5879695799667388
hybrid_dense_core,0.18282751610968262,0.0,0,0.01,0.0,286,2.86,0.561862105038017
hybrid_dense_core,0.1816923599690199,0.0,0,0.01,0.0,287,2.87,0.5659928049426526
hybrid_dense_core,0.18381522200070322,0.0,0,0.01,0.0,288,2.88,0.5979739010799676
hybrid_dense_core,0.18592191499192268,0.0,0,0.01,0.0,289,2.89,0.5862642939900979
hybrid_dense_core,0.18319667200557888,0.0,0,0.01,0.0,290,2.9,0.5714555690065026
hybrid_dense_core,0.18450621899683028,0.0,0,0.01,0.0,291,2.91,0.581984453019686
hybrid_dense_core,0.19776936899870634,0.0,0,0.01,0.0,292,2.92,0.593873691977933
hybrid_dense_core,0.1839310280047357,0.0,0,0.01,0.0,293,2.93,0.5856395330047235
hybrid_dense_core,0.18505728396121413,0.0,0,0.01,0.0,294,2.94,0.5778704970143735
hybrid_dense_core,0.19649235194083303,0.0,0,0.01,0.0,295,2.95,0.6143730870680884
hybrid_dense_core,0.18430322199128568,0.0,0,0.01,0.0,296,2.96,0.5908579350216314
hybrid_dense_core,0.18392943497747183,0.0,0,0.01,0.0,297,2.97,0.5871519310167059
hybrid_dense_core,0.18295480404049158,0.0,0,0.01,0.0,298,2.98,0.5807351599214599
hybrid_dense_core,0.19429864699486643,0.0,0,0.01,0.0,299,2.99,0.6051754509098828
hybrid_dense_core,0.18585904210340232,0.0,0,0.01,0.0,300,3.0,0.5814935630187392
hybrid_dense_core,0.18561134301126003,0.0,0,0.01,0.0,301,3.0100000000000002,0.5940842250129208
hybrid_dense_core,0.18227979191578925,0.0,0,0.01,0.0,302,3.02,0.6053744660457596
hybrid_dense_core,0.18512169807218015,0.0,0,0.01,0.0,303,3.0300000000000002,0.5913763449061662
hybrid_dense_core,0.18264988204464316,0.0,0,0.01,0.0,304,3.04,0.5855455280980095
hybrid_dense_core,0.18351743498351425,0.0,0,0.01,0.0,305,3.0500000000000003,0.5887862429954112
hybrid_dense_core,0.19314576708711684,0.0,0,0.01,0.0,306,3.06,0.6064263349398971
hybrid_dense_core,0.18393281497992575,0.0,0,0.01,0.0,307,3.0700000000000003,0.5797210420714691
hybrid_dense_core,0.18345995794516057,0.0,0,0.01,0.0,308,3.08,0.5865411700215191
hybrid_dense_core,0.1821334259584546,0.0,0,0.01,0.0,309,3.09,0.5887336420128122
hybrid_dense_core,0.18548355903476477,0.0,0,0.01,0.0,310,3.1,0.5880847349762917
hybrid_dense_core,0.18125542905181646,0.0,0,0.01,0.0,311,3.11,0.5780725949443877
hybrid_dense_core,0.1837621689774096,0.0,0,0.01,0.0,312,3.12,0.5810214419616386
hybrid_dense_core,0.184430168941617,0.0,0,0.01,0.0,313,3.13,0.6038137539289892
hybrid_dense_core,0.18453335005324334,0.0,0,0.01,0.0,314,3.14,0.5837591510498896
hybrid_dense_core,0.18289324606303126,0.0,0,0.01,0.0,315,3.15,0.5893038299400359
hybrid_dense_core,0.1834092689678073,0.0,0,0.01,0.0,316,3.16,0.6014808800537139
hybrid_dense_core,0.18622526701074094,0.0,0,0.01,0.0,317,3.17,0.581634348956868
hybrid_dense_core,0.18469633790664375,0.0,0,0.01,0.0,318,3.18,0.5935047640232369
hybrid_dense_core,0.18277755100280046,0.0,0,0.01,0.0,319,3.19,0.5937316999770701
hybrid_dense_core,0.18359769298695028,0.0,0,0.01,0.0,320,3.2,0.5926461500348523
hybrid_dense_core,0.1940088679548353,0.0,0,0.01,0.0,321,3.21,0.6015547420829535
hybrid_dense_core,0.1834590770304203,0.0,0,0.01,0.0,322,3.22,0.5902294010156766
hybrid_dense_core,0.18360151699744165,0.0,0,0.01,0.0,323,3.23,0.6068539110710844
hybrid_dense_core,0.18766300601419061,0.0,0,0.01,0.0,324,3.24,0.5863596850540489
hybrid_dense_core,0.3752686920342967,0.0,0,0.01,0.0,325,3.25,0.7693706670543179
hybrid_dense_core,0.18326075293589383,0.0,0,0.01,0.0,326,3.2600000000000002,0.593043684028089
hybrid_dense_core,0.2008361859479919,0.0,0,0.01,0.0,327,3.27,0.6054257950745523
hybrid_dense_core,0.1831635399721563,0.0,0,0.01,0.0,328,3.2800000000000002,0.5852373520610854
hybrid_dense_core,0.18282022303901613,0.0,0,0.01,0.0,329,3.29,0.5854612869443372
hybrid_dense_core,0.1830419710604474,0.0,0,0.01,0.0,330,3.3000000000000003,0.5911339359590784
hybrid_dense_core,0.1849475399358198,0.0,0,0.01,0.0,331,3.31,0.5863552769878879
hybrid_dense_core,0.1825988469645381,0.0,0,0.01,0.0,332,3.3200000000000003,0.5853358770254999
hybrid_dense_core,0.18265305901877582,0.0,0,0.01,0.0,333,3.33,0.5890309729147702
hybrid_dense_core,0.20096489693969488,0.0,0,0.01,0.0,334,3.34,0.6031976130325347
hybrid_dense_core,0.18308291002176702,0.0,0,0.01,0.0,335,3.35,0.5795849490677938
hybrid_dense_core,0.18422192800790071,0.0,0,0.01,0.0,336,3.36,0.59226485399995
hybrid_dense_core,0.1842234970536083,0.0,0,0.01,0.0,337,3.37,0.614439768018201
hybrid_dense_core,0.18495977495331317,0.0,0,0.01,0.0,338,3.38,0.5903193830745295
hybrid_dense_core,0.18240931106265634,0.0,0,0.01,0.0,339,3.39,0.5811574200633913
hybrid_dense_core,0.18322854302823544,0.0,0,0.01,0.0,340,3.4,0.5950849680230021
hybrid_dense_core,0.20077075297012925,0.0,0,0.01,0.0,341,3.41,0.6076379580190405
hybrid_dense_core,0.18349577800836414,0.0,0,0.01,0.0,342,3.42,0.5805535610998049
hybrid_dense_core,0.18252320203464478,0.0,0,0.01,0.0,343,3.43,0.5896456190384924
hybrid_dense_core,0.18243938393425196,0.0,0,0.01,0.0,344,3.44,0.6074151140637696
hybrid_dense_core,0.18376877391710877,0.0,0,0.01,0.0,345,3.45,0.5887831089785323
hybrid_dense_core,0.18393574003130198,0.0,0,0.01,0.0,346,3.46,0.5869596260599792
hybrid_dense_core,0.1825556110125035,0.0,0,0.01,0.0,347,3.47,0.5774476950755343
hybrid_dense_core,0.19806171499658376,0.0,0,0.01,0.0,348,3.48,0.5956314919749275
hybrid_dense_core,0.18300138704944402,0.0,0,0.01,0.0,349,3.49,0.5890766970114782
hybrid_dense_core,0.18234415003098547,0.0,0,0.01,0.0,350,3.5,0.5850845141103491
hybrid_dense_core,0.1839798439759761,0.0,0,0.01,0.0,351,3.5100000000000002,0.5967743750661612
hybrid_dense_core,0.19272326200734824,0.0,0,0.01,0.0,352,3.52,0.5891894650412723
hybrid_dense_core,0.1827326490310952,0.0,0,0.01,0.0,353,3.5300000000000002,0.5889492430724204
hybrid_dense_core,0.18169689492788166,0.0,0,0.01,0.0,354,3.54,0.5791151029989123
hybrid_dense_core,0.19141705404035747,0.0,0,0.01,0.0,355,3.5500000000000003,0.594671168946661
hybrid_dense_core,0.18196270300541073,0.0,0,0.01,0.0,356,3.56,0.5808736849576235
hybrid_dense_core,0.18241129198577255,0.0,0,0.01,0.0,357,3.5700000000000003,0.5789130550110713
hybrid_dense_core,0.18335345399100333,0.0,0,0.01,0.0,358,3.58,0.6052608670433983
hybrid_dense_core,0.184148485888727,0.0,0,0.01,0.0,359,3.59,0.5857399830128998
hybrid_dense_core,0.18434524000622332,0.0,0,0.01,0.0,360,3.6,0.5865142960101366
hybrid_dense_core,0.18616543395910412,0.0,0,0.01,0.0,361,3.61,0.5857226720545441
hybrid_dense_core,0.19226878893096,0.0,0,0.01,0.0,362,3.62,0.6000738099683076
hybrid_dense_core,0.1857273509958759,0.0,0,0.01,0.0,363,3.63,0.5919640159700066
hybrid_dense_core,0.18262174108531326,0.0,0,0.01,0.0,364,3.64,0.5860306519316509
hybrid_dense_core,0.18273339502047747,0.0,0,0.01,0.0,365,3.65,0.6014026770135388
hybrid_dense_core,0.18371305207256228,0.0,0,0.01,0.0,366,3.66,0.5825463080545887
hybrid_dense_core,0.18561755400151014,0.0,0,0.01,0.0,367,3.67,0.5879186429083347
hybrid_dense_core,0.18236449093092233,0.0,0,0.01,0.0,368,3.68,0.5858737459639087
hybrid_dense_core,0.1854320599231869,0.0,0,0.01,0.0,369,3.69,0.597559790010564
hybrid_dense_core,0.18509124196134508,0.0,0,0.01,0.0,370,3.7,0.5805157769937068
hybrid_dense_core,0.18264890101272613,0.0,0,0.01,0.0,371,3.71,0.5761742889881134
hybrid_dense_core,0.1849501880351454,0.0,0,0.01,0.0,372,3.72,0.6010780689539388
hybrid_dense_core,0.18453574099112302,0.0,0,0.01,0.0,373,3.73,0.5801260640146211
hybrid_dense_core,0.18300183909013867,0.0,0,0.01,0.0,374,3.74,0.577719898079522
hybrid_dense_core,0.18293881101999432,0.0,0,0.01,0.0,375,3.75,0.5802081369329244
hybrid_dense_core,0.19848100503440946,0.0,0,0.01,0.0,376,3.7600000000000002,0.6039603169774637
hybrid_dense_core,0.1881090559763834,0.0,0,0.01,0.0,377,3.77,0.5865313740214333
hybrid_dense_core,0.18324876192491502,0.0,0,0.01,0.0,378,3.7800000000000002,0.5807870830176398
hybrid_dense_core,0.1837479310343042,0.0,0,0.01,0.0,379,3.79,0.6021832389524207
hybrid_dense_core,0.1850242669461295,0.0,0,0.01,0.0,380,3.8000000000000003,0.5722174119437113
hybrid_dense_core,0.18287148198578507,0.0,0,0.01,0.0,381,3.81,0.5722925729351118
hybrid_dense_core,0.18260742502752692,0.0,0,0.01,0.0,382,3.8200000000000003,0.5766898230649531
hybrid_dense_core,0.19961016601882875,0.0,0,0.01,0.0,383,3.83,0.6019361549988389
hybrid_dense_core,0.1831117789261043,0.0,0,0.01,0.0,384,3.84,0.5697011019801721
hybrid_dense_core,0.18143949005752802,0.0,0,0.01,0.0,385,3.85,0.5785285660531372
hybrid_dense_core,0.18272614292800426,0.0,0,0.01,0.0,386,3.86,0.5990936870221049
hybrid_dense_core,0.1844470709329471,0.0,0,0.01,0.0,387,3.87,0.5793478199047968
hybrid_dense_core,0.18291814299300313,0.0,0,0.01,0.0,388,3.88,0.5750299539649859
hybrid_dense_core,0.18202244595158845,0.0,0,0.01,0.0,389,3.89,0.5805983929894865
hybrid_dense_core,0.1871578359277919,0.0,0,0.01,0.0,390,3.9,0.598213637014851
hybrid_dense_core,0.1842788769863546,0.0,0,0.01,0.0,391,3.91,0.5716092400252819
hybrid_dense_core,0.18228854797780514,0.0,0,0.01,0.0,392,3.92,0.574300418025814
hybrid_dense_core,0.19035189400892705,0.0,0,0.01,0.0,393,3.93,0.5970817729830742
hybrid_dense_core,0.18674323905725032,0.0,0,0.01,0.0,394,3.94,0.5854615499265492
hybrid_dense_core,0.1820807489566505,0.0,0,0.01,0.0,395,3.95,0.5819797959411517
hybrid_dense_core,0.1833122989628464,0.0,0,0.01,0.0,396,3.96,0.5719042440177873
hybrid_dense_core,0.18454468401614577,0.0,0,0.01,0.0,397,3.97,0.5897452650824562
hybrid_dense_core,0.18589474097825587,0.0,0,0.01,0.0,398,3.98,0.5786720340838656
hybrid_dense_core,0.1814284169813618,0.0,0,0.01,0.0,399,3.99,0.579605256090872
hybrid_dense_core,0.18500772502738982,0.0,0,0.01,0.0,400,4.0,0.5849290019832551
hybrid_dense_core,0.19579521205741912,0.0,0,0.01,0.0,401,4.01,0.5841851020231843
hybrid_dense_core,0.18254790198989213,0.0,0,0.01,0.0,402,4.0200000000000005,0.5840771580114961
hybrid_dense_core,0.18434297700878233,0.0,0,0.01,0.0,403,4.03,0.5787569340318441
hybrid_dense_core,0.18212225602474064,0.0,0,0.01,0.0,404,4.04,0.5938254919601604
hybrid_dense_core,0.18417283706367016,0.0,0,0.01,0.0,405,4.05,0.5835145439486951
hybrid_dense_core,0.18264110607560724,0.0,0,0.01,0.0,406,4.0600000000000005,0.5829409699654207
hybrid_dense_core,0.1852010990260169,0.0,0,0.01,0.0,407,4.07,0.5883101740619168
hybrid_dense_core,0.20609065203461796,0.0,0,0.01,0.0,408,4.08,0.6180256200022995
hybrid_dense_core,0.18498339294455945,0.0,0,0.01,0.0,409,4.09,0.5876603930955753
hybrid_dense_core,0.18244659097399563,0.0,0,0.01,0.0,410,4.1,0.5849882690235972
hybrid_dense_core,0.1840911660110578,0.0,0,0.01,0.0,411,4.11,0.5994892150629312
hybrid_dense_core,0.18507957900874317,0.0,0,0.01,0.0,412,4.12,0.5900387570727617
hybrid_dense_core,0.1837247631046921,0.0,0,0.01,0.0,413,4.13,0.5787176029989496
hybrid_dense_core,0.1832454609684646,0.0,0,0.01,0.0,414,4.14,0.5827116910368204
hybrid_dense_core,0.19853130402043462,0.0,0,0.01,0.0,415,4.15,0.592626521945931
hybrid_dense_core,0.18491461302619427,0.0,0,0.01,0.0,416,4.16,0.5839797410881147
hybrid_dense_core,0.18778900208417326,0.0,0,0.01,0.0,417,4.17,0.5875994770321995
hybrid_dense_core,0.18287386908195913,0.0,0,0.01,0.0,418,4.18,0.6054451750824228
hybrid_dense_core,0.18443710799328983,0.0,0,0.01,0.0,419,4.19,0.5771648020017892
hybrid_dense_core,0.18223357608076185,0.0,0,0.01,0.0,420,4.2,0.5792062709806487
hybrid_dense_core,0.18289778905455023,0.0,0,0.01,0.0,421,4.21,0.585407166974619
hybrid_dense_core,0.19373758300207555,0.0,0,0.01,0.0,422,4.22,0.5956181320361793
hybrid_dense_core,0.18224366707727313,0.0,0,0.01,0.0,423,4.23,0.5814705829834566
hybrid_dense_core,0.41958663205150515,0.0,0,0.01,0.0,424,4.24,0.8186211629072204
hybrid_dense_core,0.18382459494750947,0.0,0,0.01,0.0,425,4.25,0.586943777045235
hybrid_dense_core,0.1865016280207783,0.0,0,0.01,0.0,426,4.26,0.5839012829819694
hybrid_dense_core,0.18312396993860602,0.0,0,0.01,0.0,427,4.2700000000000005,0.5863779470091686
hybrid_dense_core,0.18388609495013952,0.0,0,0.01,0.0,428,4.28,0.5811963729793206
hybrid_dense_core,0.19093829696066678,0.0,0,0.01,0.0,429,4.29,0.5923449370311573
hybrid_dense_core,0.18612914893310517,0.0,0,0.01,0.0,430,4.3,0.5824644269887358
hybrid_dense_core,0.18310046393889934,0.0,0,0.01,0.0,431,4.3100000000000005,0.5914298250572756
hybrid_dense_core,0.1856453880900517,0.0,0,0.01,0.0,432,4.32,0.6027388969669119
hybrid_dense_core,0.18345959507860243,0.0,0,0.01,0.0,433,4.33,0.5705842120805755
hybrid_dense_core,0.18342500389553607,0.0,0,0.01,0.0,434,4.34,0.5827608370454982
hybrid_dense_core,0.18336595606524497,0.0,0,0.01,0.0,435,4.3500000000000005,0.5826098329853266
hybrid_dense_core,0.1996634379029274,0.0,0,0.01,0.0,436,4.36,0.5957030089339241
hybrid_dense_core,0.18349969503469765,0.0,0,0.01,0.0,437,4.37,0.5656639219960198
hybrid_dense_core,0.1848145299591124,0.0,0,0.01,0.0,438,4.38,0.5764666579198092
hybrid_dense_core,0.18388534104451537,0.0,0,0.01,0.0,439,4.39,0.5915182799799368
hybrid_dense_core,0.18478346290066838,0.0,0,0.01,0.0,440,4.4,0.5700440059881657
hybrid_dense_core,0.18350296292919666,0.0,0,0.01,0.0,441,4.41,0.5740950969047844
hybrid_dense_core,0.18318130692932755,0.0,0,0.01,0.0,442,4.42,0.575444522080943
hybrid_dense_core,0.19451499299611896,0.0,0,0.01,0.0,443,4.43,0.5868026340613142
hybrid_dense_core,0.18341899500228465,0.0,0,0.01,0.0,444,4.44,0.5784289540024474
hybrid_dense_core,0.18216319393832237,0.0,0,0.01,0.0,445,4.45,0.5745548779377714
hybrid_dense_core,0.18203943397384137,0.0,0,0.01,0.0,446,4.46,0.5809751190245152
hybrid_dense_core,0.18485244794283062,0.0,0,0.01,0.0,447,4.47,0.5729374019429088
hybrid_dense_core,0.18774990795645863,0.0,0,0.01,0.0,448,4.48,0.5615776729537174
hybrid_dense_core,0.1824930920265615,0.0,0,0.01,0.0,449,4.49,0.5681753830285743
hybrid_dense_core,0.18308410793542862,0.0,0,0.01,0.0,450,4.5,0.5802581970347092
hybrid_dense_core,0.18333982792682946,0.0,0,0.01,0.0,451,4.51,0.5688973520882428
hybrid_dense_core,0.18145969090983272,0.0,0,0.01,0.0,452,4.5200000000000005,0.566245841095224
hybrid_dense_core,0.18058765097521245,0.0,0,0.01,0.0,453,4.53,0.5644722399301827
hybrid_dense_core,0.19688903097994626,0.0,0,0.01,0.0,454,4.54,0.5847605720628053
hybrid_dense_core,0.18376191903371364,0.0,0,0.01,0.0,455,4.55,0.5686015520477667
hybrid_dense_core,0.18242096900939941,0.0,0,0.01,0.0,456,4.5600000000000005,0.56431531207636
hybrid_dense_core,0.18138796091079712,0.0,0,0.01,0.0,457,4.57,0.5675647800089791
hybrid_dense_core,0.1847114450065419,0.0,0,0.01,0.0,458,4.58,0.5621963329613209
hybrid_dense_core,0.1822623589541763,0.0,0,0.01,0.0,459,4.59,0.5683503670152277
hybrid_dense_core,0.18198455905076116,0.0,0,0.01,0.0,460,4.6000000000000005,0.5653943909564987
hybrid_dense_core,0.1846464500995353,0.0,0,0.01,0.0,461,4.61,0.5722064860165119
hybrid_dense_core,0.18746254895813763,0.0,0,0.01,0.0,462,4.62,0.5606474670348689
hybrid_dense_core,0.18257961503695697,0.0,0,0.01,0.0,463,4.63,0.5648491830797866
hybrid_dense_core,0.1847039150306955,0.0,0,0.01,0.0,464,4.64,0.559870794066228
hybrid_dense_core,0.1982725220732391,0.0,0,0.01,0.0,465,4.65,0.566672207089141
hybrid_dense_core,0.18458252004347742,0.0,0,0.01,0.0,466,4.66,0.549047518055886
hybrid_dense_core,0.18468711397144943,0.0,0,0.01,0.0,467,4.67,0.55597502598539
hybrid_dense_core,0.18244431598577648,0.0,0,0.01,0.0,468,4.68,0.5710894640069455
hybrid_dense_core,0.18639566900674254,0.0,0,0.01,0.0,469,4.69,0.5664351120358333
hybrid_dense_core,0.18458031094633043,0.0,0,0.01,0.0,470,4.7,0.558051674044691
hybrid_dense_core,0.18133598298300058,0.0,0,0.01,0.0,471,4.71,0.5500424939673394
hybrid_dense_core,0.18227715406101197,0.0,0,0.01,0.0,472,4.72,0.5692437579855323
hybrid_dense_core,0.18498103006277233,0.0,0,0.01,0.0,473,4.73,0.5551271939184517
hybrid_dense_core,0.18232596304733306,0.0,0,0.01,0.0,474,4.74,0.5547439960064366
hybrid_dense_core,0.18128866702318192,0.0,0,0.01,0.0,475,4.75,0.5541736490558833
hybrid_dense_core,0.19617850799113512,0.0,0,0.01,0.0,476,4.76,0.5684626590227708
hybrid_dense_core,0.18328199593815953,0.0,0,0.01,0.0,477,4.7700000000000005,0.5544249441009015
hybrid_dense_core,0.1818915669573471,0.0,0,0.01,0.0,478,4.78,0.5558529440313578
hybrid_dense_core,0.1834501950070262,0.0,0,0.01,0.0,479,4.79,0.573331689927727
hybrid_dense_core,0.18602067895699292,0.0,0,0.01,0.0,480,4.8,0.5529290660051629
hybrid_dense_core,0.18162002007011324,0.0,0,0.01,0.0,481,4.8100000000000005,0.5624229590175673
hybrid_dense_core,0.18239409499801695,0.0,0,0.01,0.0,482,4.82,0.552200548001565
hybrid_dense_core,0.18208778696134686,0.0,0,0.01,0.0,483,4.83,0.5758160449331626
hybrid_dense_core,0.18468087306246161,0.0,0,0.01,0.0,484,4.84,0.5580605310387909
hybrid_dense_core,0.1824495210312307,0.0,0,0.01,0.0,485,4.8500000000000005,0.8260963020147756
hybrid_dense_core,0.18371872894931585,0.0,0,0.01,0.0,486,4.86,0.5821261819219217
hybrid_dense_core,0.1840499909594655,0.0,0,0.01,0.0,487,4.87,0.5609792730538175
hybrid_dense_core,0.18247956200502813,0.0,0,0.01,0.0,488,4.88,0.5749906880082563
hybrid_dense_core,0.18533492099959403,0.0,0,0.01,0.0,489,4.89,0.5640371320769191
hybrid_dense_core,0.18561066791880876,0.0,0,0.01,0.0,490,4.9,0.5800128460396081
hybrid_dense_core,0.18453716998919845,0.0,0,0.01,0.0,491,4.91,0.5635770199587569
hybrid_dense_core,0.1811074820579961,0.0,0,0.01,0.0,492,4.92,0.5519704410107806
hybrid_dense_core,0.1830605830764398,0.0,0,0.01,0.0,493,4.93,0.5664123069727793
hybrid_dense_core,0.20239139907062054,0.0,0,0.01,0.0,494,4.94,0.5843043519416824
hybrid_dense_core,0.1837902059778571,0.0,0,0.01,0.0,495,4.95,0.5665804140735418
hybrid_dense_core,0.1832662660162896,0.0,0,0.01,0.0,496,4.96,0.5642703960184008
hybrid_dense_core,0.18381913099437952,0.0,0,0.01,0.0,497,4.97,0.580286439973861
hybrid_dense_core,0.1835290810558945,0.0,0,0.01,0.0,498,4.98,0.5673525739694014
hybrid_dense_core,0.18222979898564517,0.0,0,0.01,0.0,499,4.99,0.5556440289365128
hybrid_dense_core,0.18241939996369183,0.0,0,0.01,0.0,500,5.0,0.5655259840423241
hybrid_dense_core,0.18162201496306807,0.0,0,0.01,0.0,501,5.01,0.5716173959663138
hybrid_dense_core,0.1843332990538329,0.0,0,0.01,0.0,502,5.0200000000000005,0.5643799119861796
hybrid_dense_core,0.18391507701016963,0.0,0,0.01,0.0,503,5.03,0.561189306084998
hybrid_dense_core,0.18312270299065858,0.0,0,0.01,0.0,504,5.04,0.5702261419501156
hybrid_dense_core,0.19838061893824488,0.0,0,0.01,0.0,505,5.05,0.583121643983759
hybrid_dense_core,0.18268814298789948,0.0,0,0.01,0.0,506,5.0600000000000005,0.5574882900109515
hybrid_dense_core,0.1835879209684208,0.0,0,0.01,0.0,507,5.07,0.5616379299899563
hybrid_dense_core,0.1808587840059772,0.0,0,0.01,0.0,508,5.08,0.5728349779965356
hybrid_dense_core,0.1838335799984634,0.0,0,0.01,0.0,509,5.09,0.5675884990487248
hybrid_dense_core,0.18247378792148083,0.0,0,0.01,0.0,510,5.1000000000000005,0.5627563869347796
hybrid_dense_core,0.1836131220916286,0.0,0,0.01,0.0,511,5.11,0.5673268089303747
hybrid_dense_core,0.18282071501016617,0.0,0,0.01,0.0,512,5.12,0.5848906280007213
hybrid_dense_core,0.18463896308094263,0.0,0,0.01,0.0,513,5.13,0.5610284690046683
hybrid_dense_core,0.18399249005597085,0.0,0,0.01,0.0,514,5.14,0.5689154439605772
hybrid_dense_core,0.1826364480657503,0.0,0,0.01,0.0,515,5.15,0.5603485900210217
hybrid_dense_core,0.2005120039684698,0.0,0,0.01,0.0,516,5.16,0.5837405039928854
hybrid_dense_core,0.18236456799786538,0.0,0,0.01,0.0,517,5.17,0.5653286930173635
hybrid_dense_core,0.1854994340101257,0.0,0,0.01,0.0,518,5.18,0.5668062740005553
hybrid_dense_core,0.18170611502137035,0.0,0,0.01,0.0,519,5.19,0.567949409945868
hybrid_dense_core,0.183144903043285,0.0,0,0.01,0.0,520,5.2,0.5592417709995061
hybrid_dense_core,0.19455891603138298,0.0,0,0.01,0.0,521,5.21,0.5796526840422302
hybrid_dense_core,0.18050820601638407,0.0,0,0.01,0.0,522,5.22,0.5620143230771646
hybrid_dense_core,0.1839607619913295,0.0,0,0.01,0.0,523,5.23,0.5780044980347157
hybrid_dense_core,0.18909479898866266,0.0,0,0.01,0.0,524,5.24,0.5744293259922415
hybrid_dense_core,0.1891570979496464,0.0,0,0.01,0.0,525,5.25,0.5732456389814615
hybrid_dense_core,0.18335598101839423,0.0,0,0.01,0.0,526,5.26,0.5809205130208284
hybrid_dense_core,0.19078445492777973,0.0,0,0.01,0.0,527,5.2700000000000005,0.5859278980642557
hybrid_dense_core,0.18366771400906146,0.0,0,0.01,0.0,528,5.28,0.5671769250184298
hybrid_dense_core,0.18172920891083777,0.0,0,0.01,0.0,529,5.29,0.5678113671019673
hybrid_dense_core,0.1836713139200583,0.0,0,0.01,0.0,530,5.3,0.5901235510827973
hybrid_dense_core,0.1847756119677797,0.0,0,0.01,0.0,531,5.3100000000000005,0.57384526100941
hybrid_dense_core,0.18147829291410744,0.0,0,0.01,0.0,532,5.32,0.5629137160722166
hybrid_dense_core,0.1823640449438244,0.0,0,0.01,0.0,533,5.33,0.5764892130391672
hybrid_dense_core,0.19675744394771755,0.0,0,0.01,0.0,534,5.34,0.5837233540369198
hybrid_dense_core,0.18454567098524421,0.0,0,0.01,0.0,535,5.3500000000000005,0.5724303510505706
hybrid_dense_core,0.18268251593690366,0.0,0,0.01,0.0,536,5.36,0.5683214470045641
hybrid_dense_core,0.1835104851052165,0.0,0,0.01,0.0,537,5.37,0.5927716749720275
hybrid_dense_core,0.18365813605487347,0.0,0,0.01,0.0,538,5.38,0.5786064109997824
hybrid_dense_core,0.1827216639649123,0.0,0,0.01,0.0,539,5.39,0.5673128919443116
hybrid_dense_core,0.18370540207251906,0.0,0,0.01,0.0,540,5.4,0.5743844930548221
hybrid_dense_core,0.1842479050392285,0.0,0,0.01,0.0,541,5.41,0.5833009131019935
hybrid_dense_core,0.18648608098737895,0.0,0,0.01,0.0,542,5.42,0.5824715569615364
hybrid_dense_core,0.18184985395055264,0.0,0,0.01,0.0,543,5.43,0.5808279240736738
hybrid_dense_core,0.18657540797721595,0.0,0,0.01,0.0,544,5.44,0.5967662290204316
hybrid_dense_core,0.19200049492064863,0.0,0,0.01,0.0,545,5.45,0.5809545019874349
hybrid_dense_core,0.18233288498595357,0.0,0,0.01,0.0,546,5.46,0.5755059660878032
hybrid_dense_core,0.18353659298736602,0.0,0,0.01,0.0,547,5.47,0.5794912939891219
hybrid_dense_core,0.184081683983095,0.0,0,0.01,0.0,548,5.48,0.5951159049291164
hybrid_dense_core,0.18412171304225922,0.0,0,0.01,0.0,549,5.49,0.577947576995939
hybrid_dense_core,0.184036314021796,0.0,0,0.01,0.0,550,5.5,0.5804006250109524
hybrid_dense_core,0.18337745498865843,0.0,0,0.01,0.0,551,5.51,0.5696729390183464
hybrid_dense_core,0.19793839496560395,0.0,0,0.01,0.0,552,5.5200000000000005,0.590629291953519
hybrid_dense_core,0.1803425489924848,0.0,0,0.01,0.0,553,5.53,0.5712803240166977
hybrid_dense_core,0.18072102300357074,0.0,0,0.01,0.0,554,5.54,0.5732684039976448
hybrid_dense_core,0.18157925398554653,0.0,0,0.01,0.0,555,5.55,0.5924240000313148
hybrid_dense_core,0.1837472739862278,0.0,0,0.01,0.0,556,5.5600000000000005,0.5766092439880595
hybrid_dense_core,0.4871774229686707,0.0,0,0.01,0.0,557,5.57,0.8806112420279533
hybrid_dense_core,0.1872607619734481,0.0,0,0.01,0.0,558,5.58,0.5969190589385107
hybrid_dense_core,0.18451030808500946,0.0,0,0.01,0.0,559,5.59,0.5699859199812636
hybrid_dense_core,0.18358174106106162,0.0,0,0.01,0.0,560,5.6000000000000005,0.5753583849873394
hybrid_dense_core,0.18275731604080647,0.0,0,0.01,0.0,561,5.61,0.5862933009630069
hybrid_dense_core,0.18768299999646842,0.0,0,0.01,0.0,562,5.62,0.5817488159518689
hybrid_dense_core,0.1880103659350425,0.0,0,0.01,0.0,563,5.63,0.5846146520925686
hybrid_dense_core,0.18282047705724835,0.0,0,0.01,0.0,564,5.64,0.5813472529407591
hybrid_dense_core,0.18414291797671467,0.0,0,0.01,0.0,565,5.65,0.5932160470401868
hybrid_dense_core,0.18812532303854823,0.0,0,0.01,0.0,566,5.66,0.5746322349878028
hybrid_dense_core,0.1831776099279523,0.0,0,0.01,0.0,567,5.67,0.582694474956952
hybrid_dense_core,0.1839572349563241,0.0,0,0.01,0.0,568,5.68,0.5759213940473273
hybrid_dense_core,0.18378783203661442,0.0,0,0.01,0.0,569,5.69,0.5947677599033341
hybrid_dense_core,0.18557322199922055,0.0,0,0.01,0.0,570,5.7,0.5813283439492807
hybrid_dense_core,0.18318337597884238,0.0,0,0.01,0.0,571,5.71,0.5725831460440531
hybrid_dense_core,0.18271162605378777,0.0,0,0.01,0.0,572,5.72,0.5821388710755855
hybrid_dense_core,0.19634535908699036,0.0,0,0.01,0.0,573,5.73,0.5895033980486915
hybrid_dense_core,0.1837781670037657,0.0,0,0.01,0.0,574,5.74,0.5834085940150544
hybrid_dense_core,0.199136259034276,0.0,0,0.01,0.0,575,5.75,0.5987718440592289
hybrid_dense_core,0.18294262199196965,0.0,0,0.01,0.0,576,5.76,0.5961526049068198
hybrid_dense_core,0.1853002089774236,0.0,0,0.01,0.0,577,5.7700000000000005,0.5829861400416121
hybrid_dense_core,0.18541220296174288,0.0,0,0.01,0.0,578,5.78,0.5741202330682427
hybrid_dense_core,0.18391345697455108,0.0,0,0.01,0.0,579,5.79,0.5818862930173054
hybrid_dense_core,0.20077402098104358,0.0,0,0.01,0.0,580,5.8,0.5992325340630487
hybrid_dense_core,0.1853129300288856,0.0,0,0.01,0.0,581,5.8100000000000005,0.5815913380356506
hybrid_dense_core,0.18272926995996386,0.0,0,0.01,0.0,582,5.82,0.5772615449968725
hybrid_dense_core,0.18294456100557,0.0,0,0.01,0.0,583,5.83,0.581252678995952
hybrid_dense_core,0.18464572506491095,0.0,0,0.01,0.0,584,5.84,0.5818588229594752
hybrid_dense_core,0.18205647205468267,0.0,0,0.01,0.0,585,5.8500000000000005,0.5819159749662504
hybrid_dense_core,0.1833216359373182,0.0,0,0.01,0.0,586,5.86,0.5675416589947417
hybrid_dense_core,0.19421706907451153,0.0,0,0.01,0.0,587,5.87,0.5965826229657978
hybrid_dense_core,0.18301183998119086,0.0,0,0.01,0.0,588,5.88,0.5784324569394812
hybrid_dense_core,0.18254542304202914,0.0,0,0.01,0.0,589,5.89,0.5786063260165974
hybrid_dense_core,0.18253879505209625,0.0,0,0.01,0.0,590,5.9,0.5943091129884124
hybrid_dense_core,0.18387022893875837,0.0,0,0.01,0.0,591,5.91,0.5781233600573614
hybrid_dense_core,0.18297951202839613,0.0,0,0.01,0.0,592,5.92,0.5766675689956173
hybrid_dense_core,0.1819142559543252,0.0,0,0.01,0.0,593,5.93,0.5767166230361909
hybrid_dense_core,0.18503228505142033,0.0,0,0.01,0.0,594,5.94,0.5947311490308493
hybrid_dense_core,0.18371967796701938,0.0,0,0.01,0.0,595,5.95,0.5819851589621976
hybrid_dense_core,0.18259216099977493,0.0,0,0.01,0.0,596,5.96,0.575657545006834
hybrid_dense_core,0.1833713420201093,0.0,0,0.01,0.0,597,5.97,0.5863982690498233
hybrid_dense_core,0.18916293105576187,0.0,0,0.01,0.0,598,5.98,0.6006397689925507
hybrid_dense_core,0.18705393397249281,0.0,0,0.01,0.0,599,5.99,0.5765739789931104
hybrid_dense_core,0.18206325906794518,0.0,0,0.01,0.0,600,6.0,0.5737743159988895
hybrid_dense_core,0.1823248090222478,0.0,0,0.01,0.0,601,6.01,0.582717149052769
hybrid_dense_core,0.18525507603771985,0.0,0,0.01,0.0,602,6.0200000000000005,0.5776156060164794
hybrid_dense_core,0.1835578829050064,0.0,0,0.01,0.0,603,6.03,0.5829584930324927
hybrid_dense_core,0.18322060990612954,0.0,0,0.01,0.0,604,6.04,0.5785171219613403
hybrid_dense_core,0.19847995694726706,0.0,0,0.01,0.0,605,6.05,0.5855857629794627
hybrid_dense_core,0.1838257130002603,0.0,0,0.01,0.0,606,6.0600000000000005,0.5717873449902982
hybrid_dense_core,0.18273836001753807,0.0,0,0.01,0.0,607,6.07,0.5795083709526807
hybrid_dense_core,0.18223946308717132,0.0,0,0.01,0.0,608,6.08,0.595535492990166
hybrid_dense_core,0.1853944769827649,0.0,0,0.01,0.0,609,6.09,0.5784922090824693
hybrid_dense_core,0.1832398179685697,0.0,0,0.01,0.0,610,6.1000000000000005,0.5775317660300061
hybrid_dense_core,0.18356225092429668,0.0,0,0.01,0.0,611,6.11,0.5793852920178324
hybrid_dense_core,0.19363197300117463,0.0,0,0.01,0.0,612,6.12,0.5864074419951066
hybrid_dense_core,0.184673388954252,0.0,0,0.01,0.0,613,6.13,0.5678393910638988
hybrid_dense_core,0.18291563307866454,0.0,0,0.01,0.0,614,6.140000000000001,0.557378008030355
hybrid_dense_core,0.18175361200701445,0.0,0,0.01,0.0,615,6.15,0.5777296250453219
hybrid_dense_core,0.18750261701643467,0.0,0,0.01,0.0,616,6.16,0.5734813829185441
hybrid_dense_core,0.18320801598019898,0.0,0,0.01,0.0,617,6.17,0.5708373980596662
hybrid_dense_core,0.18391352402977645,0.0,0,0.01,0.0,618,6.18,0.5772775060031563
hybrid_dense_core,0.18189034203533083,0.0,0,0.01,0.0,619,6.19,0.5866060219705105
hybrid_dense_core,0.18479898001533002,0.0,0,0.01,0.0,620,6.2,0.5774532239884138
hybrid_dense_core,0.1854915750445798,0.0,0,0.01,0.0,621,6.21,0.5831111610168591
hybrid_dense_core,0.1819065499585122,0.0,0,0.01,0.0,622,6.22,0.5768925009761006
hybrid_dense_core,0.1977064210223034,0.0,0,0.01,0.0,623,6.23,0.5942552720662206
hybrid_dense_core,0.18244996503926814,0.0,0,0.01,0.0,624,6.24,0.5855441259918734
hybrid_dense_core,0.18229414999950677,0.0,0,0.01,0.0,625,6.25,0.5864799000555649
hybrid_dense_core,0.1835444710450247,0.0,0,0.01,0.0,626,6.26,0.5963085560360923
hybrid_dense_core,0.18691219098400325,0.0,0,0.01,0.0,627,6.2700000000000005,0.5921162669546902
hybrid_dense_core,0.18150904891081154,0.0,0,0.01,0.0,628,6.28,0.575619783019647
hybrid_dense_core,0.5200566510902718,0.0,0,0.01,0.0,629,6.29,0.9492335780523717
hybrid_dense_core,0.18686256208457053,0.0,0,0.01,0.0,630,6.3,0.5813250109786168
hybrid_dense_core,0.18325710797216743,0.0,0,0.01,0.0,631,6.3100000000000005,0.5901753529906273
