case_id,sample_id,sample_kind,integrator,diagnostic_only,initial_x,initial_y,step_index,t,x,y
torch_dependency_preserving_h0p01_s10_o8,corner_00,corner,rk4,true,1.1000000000000001,2.3500000000000001,0,0,1.1000000000000001,2.3500000000000001
torch_dependency_preserving_h0p01_s10_o8,corner_00,corner,rk4,true,1.1000000000000001,2.3500000000000001,1,0.01,1.1234179659059333,2.3333574765889491
torch_dependency_preserving_h0p01_s10_o8,corner_00,corner,rk4,true,1.1000000000000001,2.3500000000000001,2,0.02,1.1466624462942194,2.3153041156167178
torch_dependency_preserving_h0p01_s10_o8,corner_00,corner,rk4,true,1.1000000000000001,2.3500000000000001,3,0.029999999999999999,1.1697193760680829,2.2958492444427603
torch_dependency_preserving_h0p01_s10_o8,corner_00,corner,rk4,true,1.1000000000000001,2.3500000000000001,4,0.040000000000000001,1.1925748035965302,2.2750062324383524
torch_dependency_preserving_h0p01_s10_o8,corner_00,corner,rk4,true,1.1000000000000001,2.3500000000000001,5,0.050000000000000003,1.2152149311979334,2.2527924992797779
torch_dependency_preserving_h0p01_s10_o8,corner_00,corner,rk4,true,1.1000000000000001,2.3500000000000001,6,0.059999999999999998,1.2376261555735195,2.2292294965434984
torch_dependency_preserving_h0p01_s10_o8,corner_00,corner,rk4,true,1.1000000000000001,2.3500000000000001,7,0.070000000000000007,1.2597951079215295,2.2043426622050681
torch_dependency_preserving_h0p01_s10_o8,corner_00,corner,rk4,true,1.1000000000000001,2.3500000000000001,8,0.080000000000000002,1.2817086934604038,2.1781613479581172
torch_dependency_preserving_h0p01_s10_o8,corner_00,corner,rk4,true,1.1000000000000001,2.3500000000000001,9,0.089999999999999997,1.3033541300901226,2.1507187195930642
torch_dependency_preserving_h0p01_s10_o8,corner_00,corner,rk4,true,1.1000000000000001,2.3500000000000001,10,0.10000000000000001,1.3247189859248505,2.1220516310013853
torch_dependency_preserving_h0p01_s10_o8,corner_01,corner,rk4,true,1.1000000000000001,2.4500000000000002,0,0,1.1000000000000001,2.4500000000000002
torch_dependency_preserving_h0p01_s10_o8,corner_01,corner,rk4,true,1.1000000000000001,2.4500000000000002,1,0.01,1.1244167232645017,2.4330896173407774
torch_dependency_preserving_h0p01_s10_o8,corner_01,corner,rk4,true,1.1000000000000001,2.4500000000000002,2,0.02,1.1486567001548236,2.4146517279147361
torch_dependency_preserving_h0p01_s10_o8,corner_01,corner,rk4,true,1.1000000000000001,2.4500000000000002,3,0.029999999999999999,1.1727046932563545,2.3946946211693065
torch_dependency_preserving_h0p01_s10_o8,corner_01,corner,rk4,true,1.1000000000000001,2.4500000000000002,4,0.040000000000000001,1.1965455708880401,2.3732311607526348
torch_dependency_preserving_h0p01_s10_o8,corner_01,corner,rk4,true,1.1000000000000001,2.4500000000000002,5,0.050000000000000003,1.2201643529845887,2.3502788073869185
torch_dependency_preserving_h0p01_s10_o8,corner_01,corner,rk4,true,1.1000000000000001,2.4500000000000002,6,0.059999999999999998,1.2435462570509188,2.3258596103058791
torch_dependency_preserving_h0p01_s10_o8,corner_01,corner,rk4,true,1.1000000000000001,2.4500000000000002,7,0.070000000000000007,1.2666767438709861,2.3000001666182084
torch_dependency_preserving_h0p01_s10_o8,corner_01,corner,rk4,true,1.1000000000000001,2.4500000000000002,8,0.080000000000000002,1.2895415626486557,2.2727315483442916
torch_dependency_preserving_h0p01_s10_o8,corner_01,corner,rk4,true,1.1000000000000001,2.4500000000000002,9,0.089999999999999997,1.3121267952577518,2.2440891972729289
torch_dependency_preserving_h0p01_s10_o8,corner_01,corner,rk4,true,1.1000000000000001,2.4500000000000002,10,0.10000000000000001,1.3344188992819077,2.2141127881906413
torch_dependency_preserving_h0p01_s10_o8,corner_10,corner,rk4,true,1.3999999999999999,2.3500000000000001,0,0,1.3999999999999999,2.3500000000000001
torch_dependency_preserving_h0p01_s10_o8,corner_10,corner,rk4,true,1.3999999999999999,2.3500000000000001,1,0.01,1.4233148430052427,2.312735626779284
torch_dependency_preserving_h0p01_s10_o8,corner_10,corner,rk4,true,1.3999999999999999,2.3500000000000001,2,0.02,1.4462501649646029,2.2741071234901273
torch_dependency_preserving_h0p01_s10_o8,corner_10,corner,rk4,true,1.3999999999999999,2.3500000000000001,3,0.029999999999999999,1.4687926714258817,2.2341845336658088
torch_dependency_preserving_h0p01_s10_o8,corner_10,corner,rk4,true,1.3999999999999999,2.3500000000000001,4,0.040000000000000001,1.4909297879228163,2.1930417436149834
torch_dependency_preserving_h0p01_s10_o8,corner_10,corner,rk4,true,1.3999999999999999,2.3500000000000001,5,0.050000000000000003,1.5126496963398977,2.1507560657302909
torch_dependency_preserving_h0p01_s10_o8,corner_10,corner,rk4,true,1.3999999999999999,2.3500000000000001,6,0.059999999999999998,1.5339413669949682,2.1074077995262166
torch_dependency_preserving_h0p01_s10_o8,corner_10,corner,rk4,true,1.3999999999999999,2.3500000000000001,7,0.070000000000000007,1.5547945862409687,2.0630797752545913
torch_dependency_preserving_h0p01_s10_o8,corner_10,corner,rk4,true,1.3999999999999999,2.3500000000000001,8,0.080000000000000002,1.5751999794375635,2.0178568851099778
torch_dependency_preserving_h0p01_s10_o8,corner_10,corner,rk4,true,1.3999999999999999,2.3500000000000001,9,0.089999999999999997,1.5951490291939594,1.9718256071116178
torch_dependency_preserving_h0p01_s10_o8,corner_10,corner,rk4,true,1.3999999999999999,2.3500000000000001,10,0.10000000000000001,1.6146340888350883,1.9250735267341899
torch_dependency_preserving_h0p01_s10_o8,corner_11,corner,rk4,true,1.3999999999999999,2.4500000000000002,0,0,1.3999999999999999,2.4500000000000002
torch_dependency_preserving_h0p01_s10_o8,corner_11,corner,rk4,true,1.3999999999999999,2.4500000000000002,1,0.01,1.4243098190028869,2.4117085625679437
torch_dependency_preserving_h0p01_s10_o8,corner_11,corner,rk4,true,1.3999999999999999,2.4500000000000002,2,0.02,1.4482291843440303,2.3719212177640041
torch_dependency_preserving_h0p01_s10_o8,corner_11,corner,rk4,true,1.3999999999999999,2.4500000000000002,3,0.029999999999999999,1.4717435034846442,2.3307120615441987
torch_dependency_preserving_h0p01_s10_o8,corner_11,corner,rk4,true,1.3999999999999999,2.4500000000000002,4,0.040000000000000001,1.4948389477879032,2.2881597045470108
torch_dependency_preserving_h0p01_s10_o8,corner_11,corner,rk4,true,1.3999999999999999,2.4500000000000002,5,0.050000000000000003,1.5175024953979763,2.2443468133244733
torch_dependency_preserving_h0p01_s10_o8,corner_11,corner,rk4,true,1.3999999999999999,2.4500000000000002,6,0.059999999999999998,1.5397219693839994,2.1993596230058596
torch_dependency_preserving_h0p01_s10_o8,corner_11,corner,rk4,true,1.3999999999999999,2.4500000000000002,7,0.070000000000000007,1.5614860708910689,2.1532874269957007
torch_dependency_preserving_h0p01_s10_o8,corner_11,corner,rk4,true,1.3999999999999999,2.4500000000000002,8,0.080000000000000002,1.5827844070976913,2.1062220495574269
torch_dependency_preserving_h0p01_s10_o8,corner_11,corner,rk4,true,1.3999999999999999,2.4500000000000002,9,0.089999999999999997,1.6036075138384294,2.0582573072742161
torch_dependency_preserving_h0p01_s10_o8,corner_11,corner,rk4,true,1.3999999999999999,2.4500000000000002,10,0.10000000000000001,1.623946872810657,2.0094884654089022
torch_dependency_preserving_h0p01_s10_o8,center,center,rk4,true,1.25,2.4000000000000004,0,0,1.25,2.4000000000000004
torch_dependency_preserving_h0p01_s10_o8,center,center,rk4,true,1.25,2.4000000000000004,1,0.01,1.2738674568194537,2.3732383937922399
torch_dependency_preserving_h0p01_s10_o8,center,center,rk4,true,1.25,2.4000000000000004,2,0.02,1.2974597656458688,2.3449762799365566
torch_dependency_preserving_h0p01_s10_o8,center,center,rk4,true,1.25,2.4000000000000004,3,0.029999999999999999,1.3207621057550403,2.3152513235356111
torch_dependency_preserving_h0p01_s10_o8,center,center,rk4,true,1.25,2.4000000000000004,4,0.040000000000000001,1.3437600566481589,2.2841058768838911
torch_dependency_preserving_h0p01_s10_o8,center,center,rk4,true,1.25,2.4000000000000004,5,0.050000000000000003,1.3664396440352145,2.2515867960100078
torch_dependency_preserving_h0p01_s10_o8,center,center,rk4,true,1.25,2.4000000000000004,6,0.059999999999999998,1.3887873838139324,2.2177452235308657
torch_dependency_preserving_h0p01_s10_o8,center,center,rk4,true,1.25,2.4000000000000004,7,0.070000000000000007,1.4107903237168042,2.1826363397802853
torch_dependency_preserving_h0p01_s10_o8,center,center,rk4,true,1.25,2.4000000000000004,8,0.080000000000000002,1.432436082320546,2.1463190845958464
torch_dependency_preserving_h0p01_s10_o8,center,center,rk4,true,1.25,2.4000000000000004,9,0.089999999999999997,1.4537128851380969,2.1088558525312946
torch_dependency_preserving_h0p01_s10_o8,center,center,rk4,true,1.25,2.4000000000000004,10,0.10000000000000001,1.4746095975426816,2.0703121645999416
torch_dependency_preserving_h0p01_s10_o8,grid_0_0,grid5x5,rk4,true,1.1000000000000001,2.3500000000000001,0,0,1.1000000000000001,2.3500000000000001
torch_dependency_preserving_h0p01_s10_o8,grid_0_0,grid5x5,rk4,true,1.1000000000000001,2.3500000000000001,1,0.01,1.1234179659059333,2.3333574765889491
torch_dependency_preserving_h0p01_s10_o8,grid_0_0,grid5x5,rk4,true,1.1000000000000001,2.3500000000000001,2,0.02,1.1466624462942194,2.3153041156167178
torch_dependency_preserving_h0p01_s10_o8,grid_0_0,grid5x5,rk4,true,1.1000000000000001,2.3500000000000001,3,0.029999999999999999,1.1697193760680829,2.2958492444427603
torch_dependency_preserving_h0p01_s10_o8,grid_0_0,grid5x5,rk4,true,1.1000000000000001,2.3500000000000001,4,0.040000000000000001,1.1925748035965302,2.2750062324383524
torch_dependency_preserving_h0p01_s10_o8,grid_0_0,grid5x5,rk4,true,1.1000000000000001,2.3500000000000001,5,0.050000000000000003,1.2152149311979334,2.2527924992797779
torch_dependency_preserving_h0p01_s10_o8,grid_0_0,grid5x5,rk4,true,1.1000000000000001,2.3500000000000001,6,0.059999999999999998,1.2376261555735195,2.2292294965434984
torch_dependency_preserving_h0p01_s10_o8,grid_0_0,grid5x5,rk4,true,1.1000000000000001,2.3500000000000001,7,0.070000000000000007,1.2597951079215295,2.2043426622050681
torch_dependency_preserving_h0p01_s10_o8,grid_0_0,grid5x5,rk4,true,1.1000000000000001,2.3500000000000001,8,0.080000000000000002,1.2817086934604038,2.1781613479581172
torch_dependency_preserving_h0p01_s10_o8,grid_0_0,grid5x5,rk4,true,1.1000000000000001,2.3500000000000001,9,0.089999999999999997,1.3033541300901226,2.1507187195930642
torch_dependency_preserving_h0p01_s10_o8,grid_0_0,grid5x5,rk4,true,1.1000000000000001,2.3500000000000001,10,0.10000000000000001,1.3247189859248505,2.1220516310013853
torch_dependency_preserving_h0p01_s10_o8,grid_0_1,grid5x5,rk4,true,1.1000000000000001,2.375,0,0,1.1000000000000001,2.375
torch_dependency_preserving_h0p01_s10_o8,grid_0_1,grid5x5,rk4,true,1.1000000000000001,2.375,1,0.01,1.1236676559425514,2.3582907217876485
torch_dependency_preserving_h0p01_s10_o8,grid_0_1,grid5x5,rk4,true,1.1000000000000001,2.375,2,0.02,1.147161015406166,2.3401418725607641
torch_dependency_preserving_h0p01_s10_o8,grid_0_1,grid5x5,rk4,true,1.1000000000000001,2.375,3,0.029999999999999999,1.1704657246456405,2.3205625380528758
torch_dependency_preserving_h0p01_s10_o8,grid_0_1,grid5x5,rk4,true,1.1000000000000001,2.375,4,0.040000000000000001,1.193567541606781,2.2995659749610571
torch_dependency_preserving_h0p01_s10_o8,grid_0_1,grid5x5,rk4,true,1.1000000000000001,2.375,5,0.050000000000000003,1.2164523777173175,2.2771696226178384
torch_dependency_preserving_h0p01_s10_o8,grid_0_1,grid5x5,rk4,true,1.1000000000000001,2.375,6,0.059999999999999998,1.2391063396559001,2.2533950868339918
torch_dependency_preserving_h0p01_s10_o8,grid_0_1,grid5x5,rk4,true,1.1000000000000001,2.375,7,0.070000000000000007,1.2615157708183566,2.2282680954592426
torch_dependency_preserving_h0p01_s10_o8,grid_0_1,grid5x5,rk4,true,1.1000000000000001,2.375,8,0.080000000000000002,1.2836672921974974,2.2018184255392521
torch_dependency_preserving_h0p01_s10_o8,grid_0_1,grid5x5,rk4,true,1.1000000000000001,2.375,9,0.089999999999999997,1.3055478423932432,2.1740798022883179
torch_dependency_preserving_h0p01_s10_o8,grid_0_1,grid5x5,rk4,true,1.1000000000000001,2.375,10,0.10000000000000001,1.3271447164737649,2.1450897704421021
torch_dependency_preserving_h0p01_s10_o8,grid_0_2,grid5x5,rk4,true,1.1000000000000001,2.4000000000000004,0,0,1.1000000000000001,2.4000000000000004
torch_dependency_preserving_h0p01_s10_o8,grid_0_2,grid5x5,rk4,true,1.1000000000000001,2.4000000000000004,1,0.01,1.1239173455145697,2.3832238269994068
torch_dependency_preserving_h0p01_s10_o8,grid_0_2,grid5x5,rk4,true,1.1000000000000001,2.4000000000000004,2,0.02,1.1476595807543755,2.364979060414814
torch_dependency_preserving_h0p01_s10_o8,grid_0_2,grid5x5,rk4,true,1.1000000000000001,2.4000000000000004,3,0.029999999999999999,1.1712120603734371,2.3452745325518847
torch_dependency_preserving_h0p01_s10_o8,grid_0_2,grid5x5,rk4,true,1.1000000000000001,2.4000000000000004,4,0.040000000000000001,1.1945602488373823,2.3241233783407971
torch_dependency_preserving_h0p01_s10_o8,grid_0_2,grid5x5,rk4,true,1.1000000000000001,2.4000000000000004,5,0.050000000000000003,1.2176897635496786,2.3015430505613752
torch_dependency_preserving_h0p01_s10_o8,grid_0_2,grid5x5,rk4,true,1.1000000000000001,2.4000000000000004,6,0.059999999999999998,1.2405864179857069,2.2775553060728972
torch_dependency_preserving_h0p01_s10_o8,grid_0_2,grid5x5,rk4,true,1.1000000000000001,2.4000000000000004,7,0.070000000000000007,1.2632362645418833,2.252186162537535
torch_dependency_preserving_h0p01_s10_o8,grid_0_2,grid5x5,rk4,true,1.1000000000000001,2.4000000000000004,8,0.080000000000000002,1.2856256368036585,2.225465825474978
torch_dependency_preserving_h0p01_s10_o8,grid_0_2,grid5x5,rk4,true,1.1000000000000001,2.4000000000000004,9,0.089999999999999997,1.307741190936391,2.1974285858455613
torch_dependency_preserving_h0p01_s10_o8,grid_0_2,grid5x5,rk4,true,1.1000000000000001,2.4000000000000004,10,0.10000000000000001,1.3295699459068797,2.1681126887234972
torch_dependency_preserving_h0p01_s10_o8,grid_0_3,grid5x5,rk4,true,1.1000000000000001,2.4250000000000003,0,0,1.1000000000000001,2.4250000000000003
torch_dependency_preserving_h0p01_s10_o8,grid_0_3,grid5x5,rk4,true,1.1000000000000001,2.4250000000000003,1,0.01,1.1241670346219121,2.4081567921938936
torch_dependency_preserving_h0p01_s10_o8,grid_0_3,grid5x5,rk4,true,1.1000000000000001,2.4250000000000003,2,0.02,1.1481581423376579,2.3898156789443172
torch_dependency_preserving_h0p01_s10_o8,grid_0_3,grid5x5,rk4,true,1.1000000000000001,2.4250000000000003,3,0.029999999999999999,1.1719583832456244,2.3699852271779376
torch_dependency_preserving_h0p01_s10_o8,grid_0_3,grid5x5,rk4,true,1.1000000000000001,2.4250000000000003,4,0.040000000000000001,1.1955529252704342,2.3486784408477557
torch_dependency_preserving_h0p01_s10_o8,grid_0_3,grid5x5,rk4,true,1.1000000000000001,2.4250000000000003,5,0.050000000000000003,1.2189270886528283,2.3259127798905026
torch_dependency_preserving_h0p01_s10_o8,grid_0_3,grid5x5,rk4,true,1.1000000000000001,2.4250000000000003,6,0.059999999999999998,1.2420663904787606,2.301710148986722
torch_dependency_preserving_h0p01_s10_o8,grid_0_3,grid5x5,rk4,true,1.1000000000000001,2.4250000000000003,7,0.070000000000000007,1.2649565889425731,2.2760968555507963
torch_dependency_preserving_h0p01_s10_o8,grid_0_3,grid5x5,rk4,true,1.1000000000000001,2.4250000000000003,8,0.080000000000000002,1.287583727035202,2.2491035367448271
torch_dependency_preserving_h0p01_s10_o8,grid_0_3,grid5x5,rk4,true,1.1000000000000001,2.4250000000000003,9,0.089999999999999997,1.309934175348205,2.2207650556894794
torch_dependency_preserving_h0p01_s10_o8,grid_0_3,grid5x5,rk4,true,1.1000000000000001,2.4250000000000003,10,0.10000000000000001,1.3319946736880448,2.1911203674295057
torch_dependency_preserving_h0p01_s10_o8,grid_0_4,grid5x5,rk4,true,1.1000000000000001,2.4500000000000002,0,0,1.1000000000000001,2.4500000000000002
torch_dependency_preserving_h0p01_s10_o8,grid_0_4,grid5x5,rk4,true,1.1000000000000001,2.4500000000000002,1,0.01,1.1244167232645017,2.4330896173407774
torch_dependency_preserving_h0p01_s10_o8,grid_0_4,grid5x5,rk4,true,1.1000000000000001,2.4500000000000002,2,0.02,1.1486567001548236,2.4146517279147361
torch_dependency_preserving_h0p01_s10_o8,grid_0_4,grid5x5,rk4,true,1.1000000000000001,2.4500000000000002,3,0.029999999999999999,1.1727046932563545,2.3946946211693065
torch_dependency_preserving_h0p01_s10_o8,grid_0_4,grid5x5,rk4,true,1.1000000000000001,2.4500000000000002,4,0.040000000000000001,1.1965455708880401,2.3732311607526348
torch_dependency_preserving_h0p01_s10_o8,grid_0_4,grid5x5,rk4,true,1.1000000000000001,2.4500000000000002,5,0.050000000000000003,1.2201643529845887,2.3502788073869185
torch_dependency_preserving_h0p01_s10_o8,grid_0_4,grid5x5,rk4,true,1.1000000000000001,2.4500000000000002,6,0.059999999999999998,1.2435462570509188,2.3258596103058791
torch_dependency_preserving_h0p01_s10_o8,grid_0_4,grid5x5,rk4,true,1.1000000000000001,2.4500000000000002,7,0.070000000000000007,1.2666767438709861,2.3000001666182084
torch_dependency_preserving_h0p01_s10_o8,grid_0_4,grid5x5,rk4,true,1.1000000000000001,2.4500000000000002,8,0.080000000000000002,1.2895415626486557,2.2727315483442916
torch_dependency_preserving_h0p01_s10_o8,grid_0_4,grid5x5,rk4,true,1.1000000000000001,2.4500000000000002,9,0.089999999999999997,1.3121267952577518,2.2440891972729289
torch_dependency_preserving_h0p01_s10_o8,grid_0_4,grid5x5,rk4,true,1.1000000000000001,2.4500000000000002,10,0.10000000000000001,1.3344188992819077,2.2141127881906413
torch_dependency_preserving_h0p01_s10_o8,grid_1_0,grid5x5,rk4,true,1.175,2.3500000000000001,0,0,1.175,2.3500000000000001
torch_dependency_preserving_h0p01_s10_o8,grid_1_0,grid5x5,rk4,true,1.175,2.3500000000000001,1,0.01,1.1983941102014828,2.3285811408560124
torch_dependency_preserving_h0p01_s10_o8,grid_1_0,grid5x5,rk4,true,1.175,2.3500000000000001,2,0.02,1.2215668371987094,2.3057267411183511
torch_dependency_preserving_h0p01_s10_o8,grid_1_0,grid5x5,rk4,true,1.175,2.3500000000000001,3,0.029999999999999999,1.2445039342699571,2.2814592585618607
torch_dependency_preserving_h0p01_s10_o8,grid_1_0,grid5x5,rk4,true,1.175,2.3500000000000001,4,0.040000000000000001,1.2671914008051297,2.2558054473244327
torch_dependency_preserving_h0p01_s10_o8,grid_1_0,grid5x5,rk4,true,1.175,2.3500000000000001,5,0.050000000000000003,1.2896155249069006,2.2287962804068719
torch_dependency_preserving_h0p01_s10_o8,grid_1_0,grid5x5,rk4,true,1.175,2.3500000000000001,6,0.059999999999999998,1.3117629250673599,2.2004668423448299
torch_dependency_preserving_h0p01_s10_o8,grid_1_0,grid5x5,rk4,true,1.175,2.3500000000000001,7,0.070000000000000007,1.3336205906246541,2.1708561926692704
torch_dependency_preserving_h0p01_s10_o8,grid_1_0,grid5x5,rk4,true,1.175,2.3500000000000001,8,0.080000000000000002,1.3551759207121195,2.140007201139388
torch_dependency_preserving_h0p01_s10_o8,grid_1_0,grid5x5,rk4,true,1.175,2.3500000000000001,9,0.089999999999999997,1.376416761424053,2.1079663560888768
torch_dependency_preserving_h0p01_s10_o8,grid_1_0,grid5x5,rk4,true,1.175,2.3500000000000001,10,0.10000000000000001,1.3973314409373769,2.0747835475660339
torch_dependency_preserving_h0p01_s10_o8,grid_1_1,grid5x5,rk4,true,1.175,2.375,0,0,1.175,2.375
torch_dependency_preserving_h0p01_s10_o8,grid_1_1,grid5x5,rk4,true,1.175,2.375,1,0.01,1.1986435845240104,2.3534710101390766
torch_dependency_preserving_h0p01_s10_o8,grid_1_1,grid5x5,rk4,true,1.175,2.375,2,0.02,1.2220645345491963,2.3304764738304118
torch_dependency_preserving_h0p01_s10_o8,grid_1_1,grid5x5,rk4,true,1.175,2.375,3,0.029999999999999999,1.2452483032801458,2.3060388694974363
torch_dependency_preserving_h0p01_s10_o8,grid_1_1,grid5x5,rk4,true,1.175,2.375,4,0.040000000000000001,1.2681805909527757,2.2801851148132886
torch_dependency_preserving_h0p01_s10_o8,grid_1_1,grid5x5,rk4,true,1.175,2.375,5,0.050000000000000003,1.2908473888694423,2.2529464899993847
torch_dependency_preserving_h0p01_s10_o8,grid_1_1,grid5x5,rk4,true,1.175,2.375,6,0.059999999999999998,1.313235022510856,2.2243585299550896
torch_dependency_preserving_h0p01_s10_o8,grid_1_1,grid5x5,rk4,true,1.175,2.375,7,0.070000000000000007,1.3353301934157946,2.1944608858211736
torch_dependency_preserving_h0p01_s10_o8,grid_1_1,grid5x5,rk4,true,1.175,2.375,8,0.080000000000000002,1.357120019527593,2.1632971569682033
torch_dependency_preserving_h0p01_s10_o8,grid_1_1,grid5x5,rk4,true,1.175,2.375,9,0.089999999999999997,1.3785920737181896,2.1309146947792703
torch_dependency_preserving_h0p01_s10_o8,grid_1_1,grid5x5,rk4,true,1.175,2.375,10,0.10000000000000001,1.3997344202160413,2.0973643799568817
torch_dependency_preserving_h0p01_s10_o8,grid_1_2,grid5x5,rk4,true,1.175,2.4000000000000004,0,0,1.175,2.4000000000000004
torch_dependency_preserving_h0p01_s10_o8,grid_1_2,grid5x5,rk4,true,1.175,2.4000000000000004,1,0.01,1.1988930583516257,2.3783607304388128
torch_dependency_preserving_h0p01_s10_o8,grid_1_2,grid5x5,rk4,true,1.175,2.4000000000000004,2,0.02,1.2225622279015158,2.3552256031228596
torch_dependency_preserving_h0p01_s10_o8,grid_1_2,grid5x5,rk4,true,1.175,2.4000000000000004,3,0.029999999999999999,1.2459926586784562,2.3306171081077323
torch_dependency_preserving_h0p01_s10_o8,grid_1_2,grid5x5,rk4,true,1.175,2.4000000000000004,4,0.040000000000000001,1.2691697485873619,2.3045623206617796
torch_dependency_preserving_h0p01_s10_o8,grid_1_2,grid5x5,rk4,true,1.175,2.4000000000000004,5,0.050000000000000003,1.2920791889097678,2.2770928254863643
torch_dependency_preserving_h0p01_s10_o8,grid_1_2,grid5x5,rk4,true,1.175,2.4000000000000004,6,0.059999999999999998,1.3147070088834398,2.248244608382731
torch_dependency_preserving_h0p01_s10_o8,grid_1_2,grid5x5,rk4,true,1.175,2.4000000000000004,7,0.070000000000000007,1.3370396190381617,2.2180579159521328
torch_dependency_preserving_h0p01_s10_o8,grid_1_2,grid5x5,rk4,true,1.175,2.4000000000000004,8,0.080000000000000002,1.3590638529726702,2.1865770843263328
torch_dependency_preserving_h0p01_s10_o8,grid_1_2,grid5x5,rk4,true,1.175,2.4000000000000004,9,0.089999999999999997,1.3807670072697134,2.153850338325999
torch_dependency_preserving_h0p01_s10_o8,grid_1_2,grid5x5,rk4,true,1.175,2.4000000000000004,10,0.10000000000000001,1.4021368792620912,2.1199295628268819
torch_dependency_preserving_h0p01_s10_o8,grid_1_3,grid5x5,rk4,true,1.175,2.4250000000000003,0,0,1.175,2.4250000000000003
torch_dependency_preserving_h0p01_s10_o8,grid_1_3,grid5x5,rk4,true,1.175,2.4250000000000003,1,0.01,1.1991425316842534,2.4032503017250875
torch_dependency_preserving_h0p01_s10_o8,grid_1_3,grid5x5,rk4,true,1.175,2.4250000000000003,2,0.02,1.2230599172544923,2.3799741287643199
torch_dependency_preserving_h0p01_s10_o8,grid_1_3,grid5x5,rk4,true,1.175,2.4250000000000003,3,0.029999999999999999,1.2467370004591374,2.355193973646855
torch_dependency_preserving_h0p01_s10_o8,grid_1_3,grid5x5,rk4,true,1.175,2.4250000000000003,4,0.040000000000000001,1.2701588736913907,2.3289370631899406
torch_dependency_preserving_h0p01_s10_o8,grid_1_3,grid5x5,rk4,true,1.175,2.4250000000000003,5,0.050000000000000003,1.2933109249869001,2.301235283767836
torch_dependency_preserving_h0p01_s10_o8,grid_1_3,grid5x5,rk4,true,1.175,2.4250000000000003,6,0.059999999999999998,1.3161788841039117,2.2721250725983686
torch_dependency_preserving_h0p01_s10_o8,grid_1_3,grid5x5,rk4,true,1.175,2.4250000000000003,7,0.070000000000000007,1.3387488673485595,2.2416472756154047
torch_dependency_preserving_h0p01_s10_o8,grid_1_3,grid5x5,rk4,true,1.175,2.4250000000000003,8,0.080000000000000002,1.3610074208158083,2.2098469729289101
torch_dependency_preserving_h0p01_s10_o8,grid_1_3,grid5x5,rk4,true,1.175,2.4250000000000003,9,0.089999999999999997,1.3829415617286982,2.1767732732978788
torch_dependency_preserving_h0p01_s10_o8,grid_1_3,grid5x5,rk4,true,1.175,2.4250000000000003,10,0.10000000000000001,1.4045388175748486,2.142479079446713
torch_dependency_preserving_h0p01_s10_o8,grid_1_4,grid5x5,rk4,true,1.175,2.4500000000000002,0,0,1.175,2.4500000000000002
torch_dependency_preserving_h0p01_s10_o8,grid_1_4,grid5x5,rk4,true,1.175,2.4500000000000002,1,0.01,1.1993920045218169,2.4281397239677718
torch_dependency_preserving_h0p01_s10_o8,grid_1_4,grid5x5,rk4,true,1.175,2.4500000000000002,2,0.02,1.2235576026069479,2.404722050523437
torch_dependency_preserving_h0p01_s10_o8,grid_1_4,grid5x5,rk4,true,1.175,2.4500000000000002,3,0.029999999999999999,1.247481328616437,2.3797694653690429
torch_dependency_preserving_h0p01_s10_o8,grid_1_4,grid5x5,rk4,true,1.175,2.4500000000000002,4,0.040000000000000001,1.2711479662473681,2.3533093407183547
torch_dependency_preserving_h0p01_s10_o8,grid_1_4,grid5x5,rk4,true,1.175,2.4500000000000002,5,0.050000000000000003,1.2945425970598783,2.3253738617454691
torch_dependency_preserving_h0p01_s10_o8,grid_1_4,grid5x5,rk4,true,1.175,2.4500000000000002,6,0.059999999999999998,1.3176506480911114,2.2959999175766357
torch_dependency_preserving_h0p01_s10_o8,grid_1_4,grid5x5,rk4,true,1.175,2.4500000000000002,7,0.070000000000000007,1.3404579382038944,2.2652289573727455
torch_dependency_preserving_h0p01_s10_o8,grid_1_4,grid5x5,rk4,true,1.175,2.4500000000000002,8,0.080000000000000002,1.3629507228256863,2.2331068125072377
torch_dependency_preserving_h0p01_s10_o8,grid_1_4,grid5x5,rk4,true,1.175,2.4500000000000002,9,0.089999999999999997,1.3851157367456597,2.1996834862920505
torch_dependency_preserving_h0p01_s10_o8,grid_1_4,grid5x5,rk4,true,1.175,2.4500000000000002,10,0.10000000000000001,1.4069402346544446,2.1650129131335203
torch_dependency_preserving_h0p01_s10_o8,grid_2_0,grid5x5,rk4,true,1.25,2.3500000000000001,0,0,1.25,2.3500000000000001
torch_dependency_preserving_h0p01_s10_o8,grid_2_0,grid5x5,rk4,true,1.25,2.3500000000000001,1,0.01,1.2733689676318354,2.3235510006474129
torch_dependency_preserving_h0p01_s10_o8,grid_2_0,grid5x5,rk4,true,1.25,2.3500000000000001,2,0.02,1.2964662259877968,2.295663944668346
torch_dependency_preserving_h0p01_s10_o8,grid_2_0,grid5x5,rk4,true,1.25,2.3500000000000001,3,0.029999999999999999,1.3192775759721105,2.2663758687880153
torch_dependency_preserving_h0p01_s10_o8,grid_2_0,grid5x5,rk4,true,1.25,2.3500000000000001,4,0.040000000000000001,1.3417892108742391,2.235728186172727
torch_dependency_preserving_h0p01_s10_o8,grid_2_0,grid5x5,rk4,true,1.25,2.3500000000000001,5,0.050000000000000003,1.3639877592656582,2.2037665076563848
torch_dependency_preserving_h0p01_s10_o8,grid_2_0,grid5x5,rk4,true,1.25,2.3500000000000001,6,0.059999999999999998,1.3858603259541848,2.170540432306137
torch_dependency_preserving_h0p01_s10_o8,grid_2_0,grid5x5,rk4,true,1.25,2.3500000000000001,7,0.070000000000000007,1.4073945306983435,2.1361033092093438
torch_dependency_preserving_h0p01_s10_o8,grid_2_0,grid5x5,rk4,true,1.25,2.3500000000000001,8,0.080000000000000002,1.4285785444049535,2.1005119727368604
torch_dependency_preserving_h0p01_s10_o8,grid_2_0,grid5x5,rk4,true,1.25,2.3500000000000001,9,0.089999999999999997,1.4494011225574086,2.0638264538752766
torch_dependency_preserving_h0p01_s10_o8,grid_2_0,grid5x5,rk4,true,1.25,2.3500000000000001,10,0.10000000000000001,1.469851635649543,2.0261096705163513
torch_dependency_preserving_h0p01_s10_o8,grid_2_1,grid5x5,rk4,true,1.25,2.375,0,0,1.25,2.375
torch_dependency_preserving_h0p01_s10_o8,grid_2_1,grid5x5,rk4,true,1.25,2.375,1,0.01,1.2736182124881741,2.3483947761766659
torch_dependency_preserving_h0p01_s10_o8,grid_2_1,grid5x5,rk4,true,1.25,2.375,2,0.02,1.2969629979318138,2.3203204309141179
torch_dependency_preserving_h0p01_s10_o8,grid_2_1,grid5x5,rk4,true,1.25,2.375,3,0.029999999999999999,1.3200198480439393,2.2908143180514657
torch_dependency_preserving_h0p01_s10_o8,grid_2_1,grid5x5,rk4,true,1.25,2.375,4,0.040000000000000001,1.3427746508636342,2.2599183215363698
torch_dependency_preserving_h0p01_s10_o8,grid_2_1,grid5x5,rk4,true,1.25,2.375,5,0.050000000000000003,1.3652137351788916,2.2276786742807246
torch_dependency_preserving_h0p01_s10_o8,grid_2_1,grid5x5,rk4,true,1.25,2.375,6,0.059999999999999998,1.3873239129758415,2.1941457448673241
torch_dependency_preserving_h0p01_s10_o8,grid_2_1,grid5x5,rk4,true,1.25,2.375,7,0.070000000000000007,1.4090925196021413,2.1593737940301301
torch_dependency_preserving_h0p01_s10_o8,grid_2_1,grid5x5,rk4,true,1.25,2.375,8,0.080000000000000002,1.4305074513535463,2.1234207032272523
torch_dependency_preserving_h0p01_s10_o8,grid_2_1,grid5x5,rk4,true,1.25,2.375,9,0.089999999999999997,1.4515572002176917,2.0863476779857697
torch_dependency_preserving_h0p01_s10_o8,grid_2_1,grid5x5,rk4,true,1.25,2.375,10,0.10000000000000001,1.4722308855375514,2.048218929013855
torch_dependency_preserving_h0p01_s10_o8,grid_2_2,grid5x5,rk4,true,1.25,2.4000000000000004,0,0,1.25,2.4000000000000004
torch_dependency_preserving_h0p01_s10_o8,grid_2_2,grid5x5,rk4,true,1.25,2.4000000000000004,1,0.01,1.2738674568194537,2.3732383937922399
torch_dependency_preserving_h0p01_s10_o8,grid_2_2,grid5x5,rk4,true,1.25,2.4000000000000004,2,0.02,1.2974597656458688,2.3449762799365566
torch_dependency_preserving_h0p01_s10_o8,grid_2_2,grid5x5,rk4,true,1.25,2.4000000000000004,3,0.029999999999999999,1.3207621057550403,2.3152513235356111
torch_dependency_preserving_h0p01_s10_o8,grid_2_2,grid5x5,rk4,true,1.25,2.4000000000000004,4,0.040000000000000001,1.3437600566481589,2.2841058768838911
torch_dependency_preserving_h0p01_s10_o8,grid_2_2,grid5x5,rk4,true,1.25,2.4000000000000004,5,0.050000000000000003,1.3664396440352145,2.2515867960100078
torch_dependency_preserving_h0p01_s10_o8,grid_2_2,grid5x5,rk4,true,1.25,2.4000000000000004,6,0.059999999999999998,1.3887873838139324,2.2177452235308657
torch_dependency_preserving_h0p01_s10_o8,grid_2_2,grid5x5,rk4,true,1.25,2.4000000000000004,7,0.070000000000000007,1.4107903237168042,2.1826363397802853
torch_dependency_preserving_h0p01_s10_o8,grid_2_2,grid5x5,rk4,true,1.25,2.4000000000000004,8,0.080000000000000002,1.432436082320546,2.1463190845958464
torch_dependency_preserving_h0p01_s10_o8,grid_2_2,grid5x5,rk4,true,1.25,2.4000000000000004,9,0.089999999999999997,1.4537128851380969,2.1088558525312946
torch_dependency_preserving_h0p01_s10_o8,grid_2_2,grid5x5,rk4,true,1.25,2.4000000000000004,10,0.10000000000000001,1.4746095975426816,2.0703121645999416
torch_dependency_preserving_h0p01_s10_o8,grid_2_3,grid5x5,rk4,true,1.25,2.4250000000000003,0,0,1.25,2.4250000000000003
torch_dependency_preserving_h0p01_s10_o8,grid_2_3,grid5x5,rk4,true,1.25,2.4250000000000003,1,0.01,1.2741167006255985,2.3980818534642148
torch_dependency_preserving_h0p01_s10_o8,grid_2_3,grid5x5,rk4,true,1.25,2.4250000000000003,2,0.02,1.2979565291287996,2.3696314915076342
torch_dependency_preserving_h0p01_s10_o8,grid_2_3,grid5x5,rk4,true,1.25,2.4250000000000003,3,0.029999999999999999,1.3215043490997638,2.3396868845112566
torch_dependency_preserving_h0p01_s10_o8,grid_2_3,grid5x5,rk4,true,1.25,2.4250000000000003,4,0.040000000000000001,1.3447454282107354,2.3082908505871798
torch_dependency_preserving_h0p01_s10_o8,grid_2_3,grid5x5,rk4,true,1.25,2.4250000000000003,5,0.050000000000000003,1.3676654857949115,2.2754908698681668
torch_dependency_preserving_h0p01_s10_o8,grid_2_3,grid5x5,rk4,true,1.25,2.4250000000000003,6,0.059999999999999998,1.3902507383903366,2.2413388635179259
torch_dependency_preserving_h0p01_s10_o8,grid_2_3,grid5x5,rk4,true,1.25,2.4250000000000003,7,0.070000000000000007,1.4124879429056518,2.2058909394639836
torch_dependency_preserving_h0p01_s10_o8,grid_2_3,grid5x5,rk4,true,1.25,2.4250000000000003,8,0.080000000000000002,1.434364437086816,2.1692071073021642
torch_dependency_preserving_h0p01_s10_o8,grid_2_3,grid5x5,rk4,true,1.25,2.4250000000000003,9,0.089999999999999997,1.4558681769904731,2.1313509652299123
torch_dependency_preserving_h0p01_s10_o8,grid_2_3,grid5x5,rk4,true,1.25,2.4250000000000003,10,0.10000000000000001,1.4769877712000725,2.0923893622266658
torch_dependency_preserving_h0p01_s10_o8,grid_2_4,grid5x5,rk4,true,1.25,2.4500000000000002,0,0,1.25,2.4500000000000002
torch_dependency_preserving_h0p01_s10_o8,grid_2_4,grid5x5,rk4,true,1.25,2.4500000000000002,1,0.01,1.274365943906532,2.4229251551626718
torch_dependency_preserving_h0p01_s10_o8,grid_2_4,grid5x5,rk4,true,1.25,2.4500000000000002,2,0.02,1.2984532883794424,2.3942860653993434
torch_dependency_preserving_h0p01_s10_o8,grid_2_4,grid5x5,rk4,true,1.25,2.4500000000000002,3,0.029999999999999999,1.322246578072459,2.3641210002493556
torch_dependency_preserving_h0p01_s10_o8,grid_2_4,grid5x5,rk4,true,1.25,2.4500000000000002,4,0.040000000000000001,1.3457307655342901,2.3324732410187003
torch_dependency_preserving_h0p01_s10_o8,grid_2_4,grid5x5,rk4,true,1.25,2.4500000000000002,5,0.050000000000000003,1.3688912604182821,2.2993908928808349
torch_dependency_preserving_h0p01_s10_o8,grid_2_4,grid5x5,rk4,true,1.25,2.4500000000000002,6,0.059999999999999998,1.3917139766269762,2.264926660053777
torch_dependency_preserving_h0p01_s10_o8,grid_2_4,grid5x5,rk4,true,1.25,2.4500000000000002,7,0.070000000000000007,1.4141853770321116,2.2291375860940206
torch_dependency_preserving_h0p01_s10_o8,grid_2_4,grid5x5,rk4,true,1.25,2.4500000000000002,8,0.080000000000000002,1.4362925154334483,2.1920847618219996
torch_dependency_preserving_h0p01_s10_o8,grid_2_4,grid5x5,rk4,true,1.25,2.4500000000000002,9,0.089999999999999997,1.4580230754471166,2.1538330038279745
torch_dependency_preserving_h0p01_s10_o8,grid_2_4,grid5x5,rk4,true,1.25,2.4500000000000002,10,0.10000000000000001,1.4793654060456756,2.1144505068921333
torch_dependency_preserving_h0p01_s10_o8,grid_3_0,grid5x5,rk4,true,1.325,2.3500000000000001,0,0,1.325,2.3500000000000001
torch_dependency_preserving_h0p01_s10_o8,grid_3_0,grid5x5,rk4,true,1.325,2.3500000000000001,1,0.01,1.3483425434040952,2.3182686154133845
torch_dependency_preserving_h0p01_s10_o8,grid_3_0,grid5x5,rk4,true,1.325,2.3500000000000001,2,0.02,1.3713606540742944,2.2851219108433209
torch_dependency_preserving_h0p01_s10_o8,grid_3_0,grid5x5,rk4,true,1.325,2.3500000000000001,3,0.029999999999999999,1.3940404399214996,2.2506128379075752
torch_dependency_preserving_h0p01_s10_o8,grid_3_0,grid5x5,rk4,true,1.325,2.3500000000000001,4,0.040000000000000001,1.4163685598041771,2.2147985881810661
torch_dependency_preserving_h0p01_s10_o8,grid_3_0,grid5x5,rk4,true,1.325,2.3500000000000001,5,0.050000000000000003,1.4383322644873955,2.1777403000953814
torch_dependency_preserving_h0p01_s10_o8,grid_3_0,grid5x5,rk4,true,1.325,2.3500000000000001,6,0.059999999999999998,1.4599194345261901,2.1395027374311573
torch_dependency_preserving_h0p01_s10_o8,grid_3_0,grid5x5,rk4,true,1.325,2.3500000000000001,7,0.070000000000000007,1.4811186148055557,2.1001539427337739
torch_dependency_preserving_h0p01_s10_o8,grid_3_0,grid5x5,rk4,true,1.325,2.3500000000000001,8,0.080000000000000002,1.5019190455042706,2.0597648692938466
torch_dependency_preserving_h0p01_s10_o8,grid_3_0,grid5x5,rk4,true,1.325,2.3500000000000001,9,0.089999999999999997,1.5223106892874714,2.0184089955820181
torch_dependency_preserving_h0p01_s10_o8,grid_3_0,grid5x5,rk4,true,1.325,2.3500000000000001,10,0.10000000000000001,1.5422842545727475,1.9761619262081853
torch_dependency_preserving_h0p01_s10_o8,grid_3_1,grid5x5,rk4,true,1.325,2.375,0,0,1.325,2.375
torch_dependency_preserving_h0p01_s10_o8,grid_3_1,grid5x5,rk4,true,1.325,2.375,1,0.01,1.348591545093661,2.3430635948334126
torch_dependency_preserving_h0p01_s10_o8,grid_3_1,grid5x5,rk4,true,1.325,2.375,2,0.02,1.3718564473806105,2.3096799905599772
torch_dependency_preserving_h0p01_s10_o8,grid_3_1,grid5x5,rk4,true,1.325,2.375,3,0.029999999999999999,1.3947804990819148,2.274902786228207
torch_dependency_preserving_h0p01_s10_o8,grid_3_1,grid5x5,rk4,true,1.325,2.375,4,0.040000000000000001,1.4173500506467467,2.2387899812066339
torch_dependency_preserving_h0p01_s10_o8,grid_3_1,grid5x5,rk4,true,1.325,2.375,5,0.050000000000000003,1.4395520532858554,2.2014036759791522
torch_dependency_preserving_h0p01_s10_o8,grid_3_1,grid5x5,rk4,true,1.325,2.375,6,0.059999999999999998,1.4613740983605188,2.1628097429880135
torch_dependency_preserving_h0p01_s10_o8,grid_3_1,grid5x5,rk4,true,1.325,2.375,7,0.070000000000000007,1.482804453344337,2.1230774709615825
torch_dependency_preserving_h0p01_s10_o8,grid_3_1,grid5x5,rk4,true,1.325,2.375,8,0.080000000000000002,1.5038320941113192,2.0822791864984387
torch_dependency_preserving_h0p01_s10_o8,grid_3_1,grid5x5,rk4,true,1.325,2.375,9,0.089999999999999997,1.5244467333428344,2.0404898569480059
torch_dependency_preserving_h0p01_s10_o8,grid_3_1,grid5x5,rk4,true,1.325,2.375,10,0.10000000000000001,1.5446388448874442,1.9977866788257579
torch_dependency_preserving_h0p01_s10_o8,grid_3_2,grid5x5,rk4,true,1.325,2.4000000000000004,0,0,1.325,2.4000000000000004
torch_dependency_preserving_h0p01_s10_o8,grid_3_2,grid5x5,rk4,true,1.325,2.4000000000000004,1,0.01,1.3488405462281949,2.3678584074792854
torch_dependency_preserving_h0p01_s10_o8,grid_3_2,grid5x5,rk4,true,1.325,2.4000000000000004,2,0.02,1.372352236227949,2.3342373998029138
torch_dependency_preserving_h0p01_s10_o8,grid_3_2,grid5x5,rk4,true,1.325,2.4000000000000004,3,0.029999999999999999,1.3955205431466808,2.2991912211567751
torch_dependency_preserving_h0p01_s10_o8,grid_3_2,grid5x5,rk4,true,1.325,2.4000000000000004,4,0.040000000000000001,1.4183315056361006,2.2627786801261145
torch_dependency_preserving_h0p01_s10_o8,grid_3_2,grid5x5,rk4,true,1.325,2.4000000000000004,5,0.050000000000000003,1.4407717719972135,2.225062844364281
torch_dependency_preserving_h0p01_s10_o8,grid_3_2,grid5x5,rk4,true,1.325,2.4000000000000004,6,0.059999999999999998,1.4628286411114502,2.1861107037073011
torch_dependency_preserving_h0p01_s10_o8,grid_3_2,grid5x5,rk4,true,1.325,2.4000000000000004,7,0.070000000000000007,1.4844900998597876,2.1459928052797026
torch_dependency_preserving_h0p01_s10_o8,grid_3_2,grid5x5,rk4,true,1.325,2.4000000000000004,8,0.080000000000000002,1.5057448567690193,2.1047828644961686
torch_dependency_preserving_h0p01_s10_o8,grid_3_2,grid5x5,rk4,true,1.325,2.4000000000000004,9,0.089999999999999997,1.5265823716648985,2.0625573561539259
torch_dependency_preserving_h0p01_s10_o8,grid_3_2,grid5x5,rk4,true,1.325,2.4000000000000004,10,0.10000000000000001,1.5469928811549707,2.0193950900268494
torch_dependency_preserving_h0p01_s10_o8,grid_3_3,grid5x5,rk4,true,1.325,2.4250000000000003,0,0,1.325,2.4250000000000003
torch_dependency_preserving_h0p01_s10_o8,grid_3_3,grid5x5,rk4,true,1.325,2.4250000000000003,1,0.01,1.3490895468076214,2.3926530533213062
torch_dependency_preserving_h0p01_s10_o8,grid_3_3,grid5x5,rk4,true,1.325,2.4250000000000003,2,0.02,1.3728480206151601,2.3587941383476196
torch_dependency_preserving_h0p01_s10_o8,grid_3_3,grid5x5,rk4,true,1.325,2.4250000000000003,3,0.029999999999999999,1.3962605721102512,2.3234781419815049
torch_dependency_preserving_h0p01_s10_o8,grid_3_3,grid5x5,rk4,true,1.325,2.4250000000000003,4,0.040000000000000001,1.4193129247555969,2.2867646833650959
torch_dependency_preserving_h0p01_s10_o8,grid_3_3,grid5x5,rk4,true,1.325,2.4250000000000003,5,0.050000000000000003,1.4419914205830582,2.2487178024021306
torch_dependency_preserving_h0p01_s10_o8,grid_3_3,grid5x5,rk4,true,1.325,2.4250000000000003,6,0.059999999999999998,1.4642830627040315,2.2094056150660339
torch_dependency_preserving_h0p01_s10_o8,grid_3_3,grid5x5,rk4,true,1.325,2.4250000000000003,7,0.070000000000000007,1.4861755542218944,2.1688999391494308
torch_dependency_preserving_h0p01_s10_o8,grid_3_3,grid5x5,rk4,true,1.325,2.4250000000000003,8,0.080000000000000002,1.5076573332708489,2.1272758944955625
torch_dependency_preserving_h0p01_s10_o8,grid_3_3,grid5x5,rk4,true,1.325,2.4250000000000003,9,0.089999999999999997,1.5287176039475177,2.0846114820653208
torch_dependency_preserving_h0p01_s10_o8,grid_3_3,grid5x5,rk4,true,1.325,2.4250000000000003,10,0.10000000000000001,1.549346362946431,2.0409871464289768
torch_dependency_preserving_h0p01_s10_o8,grid_3_4,grid5x5,rk4,true,1.325,2.4500000000000002,0,0,1.325,2.4500000000000002
torch_dependency_preserving_h0p01_s10_o8,grid_3_4,grid5x5,rk4,true,1.325,2.4500000000000002,1,0.01,1.3493385468318664,2.4174475323297795
torch_dependency_preserving_h0p01_s10_o8,grid_3_4,grid5x5,rk4,true,1.325,2.4500000000000002,2,0.02,1.3733438005410967,2.3833502059695961
torch_dependency_preserving_h0p01_s10_o8,grid_3_4,grid5x5,rk4,true,1.325,2.4500000000000002,3,0.029999999999999999,1.3970005859670847,2.3477635479907581
torch_dependency_preserving_h0p01_s10_o8,grid_3_4,grid5x5,rk4,true,1.325,2.4500000000000002,4,0.040000000000000001,1.4202943079886015,2.3107479893497511
torch_dependency_preserving_h0p01_s10_o8,grid_3_4,grid5x5,rk4,true,1.325,2.4500000000000002,5,0.050000000000000003,1.4432109990049957,2.2723685472457986
torch_dependency_preserving_h0p01_s10_o8,grid_3_4,grid5x5,rk4,true,1.325,2.4500000000000002,6,0.059999999999999998,1.4657373630633534,2.232694472545401
torch_dependency_preserving_h0p01_s10_o8,grid_3_4,grid5x5,rk4,true,1.325,2.4500000000000002,7,0.070000000000000007,1.4878608163007485,2.1917988660407648
torch_dependency_preserving_h0p01_s10_o8,grid_3_4,grid5x5,rk4,true,1.325,2.4500000000000002,8,0.080000000000000002,1.509569523410514,2.1497582677214395
torch_dependency_preserving_h0p01_s10_o8,grid_3_4,grid5x5,rk4,true,1.325,2.4500000000000002,9,0.089999999999999997,1.5308524298849882,2.1066522235758303
torch_dependency_preserving_h0p01_s10_o8,grid_3_4,grid5x5,rk4,true,1.325,2.4500000000000002,10,0.10000000000000001,1.5516992898337341,2.06256283469502
torch_dependency_preserving_h0p01_s10_o8,grid_4_0,grid5x5,rk4,true,1.3999999999999999,2.3500000000000001,0,0,1.3999999999999999,2.3500000000000001
torch_dependency_preserving_h0p01_s10_o8,grid_4_0,grid5x5,rk4,true,1.3999999999999999,2.3500000000000001,1,0.01,1.4233148430052427,2.312735626779284
torch_dependency_preserving_h0p01_s10_o8,grid_4_0,grid5x5,rk4,true,1.3999999999999999,2.3500000000000001,2,0.02,1.4462501649646029,2.2741071234901273
torch_dependency_preserving_h0p01_s10_o8,grid_4_0,grid5x5,rk4,true,1.3999999999999999,2.3500000000000001,3,0.029999999999999999,1.4687926714258817,2.2341845336658088
torch_dependency_preserving_h0p01_s10_o8,grid_4_0,grid5x5,rk4,true,1.3999999999999999,2.3500000000000001,4,0.040000000000000001,1.4909297879228163,2.1930417436149834
torch_dependency_preserving_h0p01_s10_o8,grid_4_0,grid5x5,rk4,true,1.3999999999999999,2.3500000000000001,5,0.050000000000000003,1.5126496963398977,2.1507560657302909
torch_dependency_preserving_h0p01_s10_o8,grid_4_0,grid5x5,rk4,true,1.3999999999999999,2.3500000000000001,6,0.059999999999999998,1.5339413669949682,2.1074077995262166
torch_dependency_preserving_h0p01_s10_o8,grid_4_0,grid5x5,rk4,true,1.3999999999999999,2.3500000000000001,7,0.070000000000000007,1.5547945862409687,2.0630797752545913
torch_dependency_preserving_h0p01_s10_o8,grid_4_0,grid5x5,rk4,true,1.3999999999999999,2.3500000000000001,8,0.080000000000000002,1.5751999794375635,2.0178568851099778
torch_dependency_preserving_h0p01_s10_o8,grid_4_0,grid5x5,rk4,true,1.3999999999999999,2.3500000000000001,9,0.089999999999999997,1.5951490291939594,1.9718256071116178
torch_dependency_preserving_h0p01_s10_o8,grid_4_0,grid5x5,rk4,true,1.3999999999999999,2.3500000000000001,10,0.10000000000000001,1.6146340888350883,1.9250735267341899
torch_dependency_preserving_h0p01_s10_o8,grid_4_1,grid5x5,rk4,true,1.3999999999999999,2.375,0,0,1.3999999999999999,2.375
torch_dependency_preserving_h0p01_s10_o8,grid_4_1,grid5x5,rk4,true,1.3999999999999999,2.375,1,0.01,1.4235635878819577,2.3374791240973702
torch_dependency_preserving_h0p01_s10_o8,grid_4_1,grid5x5,rk4,true,1.3999999999999999,2.375,2,0.02,1.4467449268382049,2.2985617019956601
torch_dependency_preserving_h0p01_s10_o8,grid_4_1,grid5x5,rk4,true,1.3999999999999999,2.375,3,0.029999999999999999,1.4695304031700189,2.2583187879587667
torch_dependency_preserving_h0p01_s10_o8,grid_4_1,grid5x5,rk4,true,1.3999999999999999,2.375,4,0.040000000000000001,1.4919071340897714,2.2168254410044539
torch_dependency_preserving_h0p01_s10_o8,grid_4_1,grid5x5,rk4,true,1.3999999999999999,2.375,5,0.050000000000000003,1.5138630056551075,2.1741602978670427
torch_dependency_preserving_h0p01_s10_o8,grid_4_1,grid5x5,rk4,true,1.3999999999999999,2.375,6,0.059999999999999998,1.535386706309888,2.1304051222065108
torch_dependency_preserving_h0p01_s10_o8,grid_4_1,grid5x5,rk4,true,1.3999999999999999,2.375,7,0.070000000000000007,1.5564677558193301,2.08564433509425
torch_dependency_preserving_h0p01_s10_o8,grid_4_1,grid5x5,rk4,true,1.3999999999999999,2.375,8,0.080000000000000002,1.5770965294380526,2.0399645319891175
torch_dependency_preserving_h0p01_s10_o8,grid_4_1,grid5x5,rk4,true,1.3999999999999999,2.375,9,0.089999999999999997,1.597264277202423,1.9934539915067326
torch_dependency_preserving_h0p01_s10_o8,grid_4_1,grid5x5,rk4,true,1.3999999999999999,2.375,10,0.10000000000000001,1.6169631382916638,1.9462021812804171
torch_dependency_preserving_h0p01_s10_o8,grid_4_2,grid5x5,rk4,true,1.3999999999999999,2.4000000000000004,0,0,1.3999999999999999,2.4000000000000004
torch_dependency_preserving_h0p01_s10_o8,grid_4_2,grid5x5,rk4,true,1.3999999999999999,2.4000000000000004,1,0.01,1.4238123321738529,2.3622224458544836
torch_dependency_preserving_h0p01_s10_o8,grid_4_2,grid5x5,rk4,true,1.3999999999999999,2.4000000000000004,2,0.02,1.447239684026733,2.3230155773570433
torch_dependency_preserving_h0p01_s10_o8,grid_4_2,grid5x5,rk4,true,1.3999999999999999,2.4000000000000004,3,0.029999999999999999,1.4702681190981486,2.2824514611652629
torch_dependency_preserving_h0p01_s10_o8,grid_4_2,grid5x5,rk4,true,1.3999999999999999,2.4000000000000004,4,0.040000000000000001,1.4928844428003964,2.2406063346355545
torch_dependency_preserving_h0p01_s10_o8,grid_4_2,grid5x5,rk4,true,1.3999999999999999,2.4000000000000004,5,0.050000000000000003,1.5150762419612331,2.1975601683234935
torch_dependency_preserving_h0p01_s10_o8,grid_4_2,grid5x5,rk4,true,1.3999999999999999,2.4000000000000004,6,0.059999999999999998,1.5368319198608329,2.1533962031878389
torch_dependency_preserving_h0p01_s10_o8,grid_4_2,grid5x5,rk4,true,1.3999999999999999,2.4000000000000004,7,0.070000000000000007,1.5581407265359377,2.1082004677146373
torch_dependency_preserving_h0p01_s10_o8,grid_4_2,grid5x5,rk4,true,1.3999999999999999,2.4000000000000004,8,0.080000000000000002,1.5789927841773761,2.0620612803819722
torch_dependency_preserving_h0p01_s10_o8,grid_4_2,grid5x5,rk4,true,1.3999999999999999,2.4000000000000004,9,0.089999999999999997,1.5993791075019401,2.0150687429911325
torch_dependency_preserving_h0p01_s10_o8,grid_4_2,grid5x5,rk4,true,1.3999999999999999,2.4000000000000004,10,0.10000000000000001,1.6192916190349766,1.9673142303961333
torch_dependency_preserving_h0p01_s10_o8,grid_4_3,grid5x5,rk4,true,1.3999999999999999,2.4250000000000003,0,0,1.3999999999999999,2.4250000000000003
torch_dependency_preserving_h0p01_s10_o8,grid_4_3,grid5x5,rk4,true,1.3999999999999999,2.4250000000000003,1,0.01,1.4240610758808541,2.3869655920211614
torch_dependency_preserving_h0p01_s10_o8,grid_4_3,grid5x5,rk4,true,1.3999999999999999,2.4250000000000003,2,0.02,1.4477344365290528,2.3474687493534336
torch_dependency_preserving_h0p01_s10_o8,grid_4_3,grid5x5,rk4,true,1.3999999999999999,2.4250000000000003,3,0.029999999999999999,1.4710058192048352,2.3065825525915931
torch_dependency_preserving_h0p01_s10_o8,grid_4_3,grid5x5,rk4,true,1.3999999999999999,2.4250000000000003,4,0.040000000000000001,1.493861714038502,2.2643844229892256
torch_dependency_preserving_h0p01_s10_o8,grid_4_3,grid5x5,rk4,true,1.3999999999999999,2.4250000000000003,5,0.050000000000000003,1.516289405221207,2.2209556743814458
torch_dependency_preserving_h0p01_s10_o8,grid_4_3,grid5x5,rk4,true,1.3999999999999999,2.4250000000000003,6,0.059999999999999998,1.5382770075760921,2.1763810382072095
torch_dependency_preserving_h0p01_s10_o8,grid_4_3,grid5x5,rk4,true,1.3999999999999999,2.4250000000000003,7,0.070000000000000007,1.5598134982675596,2.1307481670380941
torch_dependency_preserving_h0p01_s10_o8,grid_4_3,grid5x5,rk4,true,1.3999999999999999,2.4250000000000003,8,0.080000000000000002,1.5808887434617687,2.0841471222466352
torch_dependency_preserving_h0p01_s10_o8,grid_4_3,grid5x5,rk4,true,1.3999999999999999,2.4250000000000003,9,0.089999999999999997,1.6014935198084737,2.0366698515694881
torch_dependency_preserving_h0p01_s10_o8,grid_4_3,grid5x5,rk4,true,1.3999999999999999,2.4250000000000003,10,0.10000000000000001,1.6216195306720376,1.9884096623384528
torch_dependency_preserving_h0p01_s10_o8,grid_4_4,grid5x5,rk4,true,1.3999999999999999,2.4500000000000002,0,0,1.3999999999999999,2.4500000000000002
torch_dependency_preserving_h0p01_s10_o8,grid_4_4,grid5x5,rk4,true,1.3999999999999999,2.4500000000000002,1,0.01,1.4243098190028869,2.4117085625679437
torch_dependency_preserving_h0p01_s10_o8,grid_4_4,grid5x5,rk4,true,1.3999999999999999,2.4500000000000002,2,0.02,1.4482291843440303,2.3719212177640041
torch_dependency_preserving_h0p01_s10_o8,grid_4_4,grid5x5,rk4,true,1.3999999999999999,2.4500000000000002,3,0.029999999999999999,1.4717435034846442,2.3307120615441987
torch_dependency_preserving_h0p01_s10_o8,grid_4_4,grid5x5,rk4,true,1.3999999999999999,2.4500000000000002,4,0.040000000000000001,1.4948389477879032,2.2881597045470108
torch_dependency_preserving_h0p01_s10_o8,grid_4_4,grid5x5,rk4,true,1.3999999999999999,2.4500000000000002,5,0.050000000000000003,1.5175024953979763,2.2443468133244733
torch_dependency_preserving_h0p01_s10_o8,grid_4_4,grid5x5,rk4,true,1.3999999999999999,2.4500000000000002,6,0.059999999999999998,1.5397219693839994,2.1993596230058596
torch_dependency_preserving_h0p01_s10_o8,grid_4_4,grid5x5,rk4,true,1.3999999999999999,2.4500000000000002,7,0.070000000000000007,1.5614860708910689,2.1532874269957007
torch_dependency_preserving_h0p01_s10_o8,grid_4_4,grid5x5,rk4,true,1.3999999999999999,2.4500000000000002,8,0.080000000000000002,1.5827844070976913,2.1062220495574269
torch_dependency_preserving_h0p01_s10_o8,grid_4_4,grid5x5,rk4,true,1.3999999999999999,2.4500000000000002,9,0.089999999999999997,1.6036075138384294,2.0582573072742161
torch_dependency_preserving_h0p01_s10_o8,grid_4_4,grid5x5,rk4,true,1.3999999999999999,2.4500000000000002,10,0.10000000000000001,1.623946872810657,2.0094884654089022
