tool,source_commit,run_id,accepted_step_index,attempt_index,retry_index,t_pre_decimal,t_pre_hex,h_attempt_decimal,h_attempt_hex,accepted,rejection_reason,state_component,stage,validation_status,subset_margin_x,subset_margin_y
torch,455146df23940caa6f168877ffe6ec6f508c43a4,torch-authoritative-observation-20260806,0,0,0,0,0x0.0p+0,0.10000000000000001,0x1.999999999999ap-4,False,Flowstar raw remainder compat residual not subset of target remainder,-1,acceptance_predicate,failed,8.9999997e-05,-0.005278762381047435
torch,455146df23940caa6f168877ffe6ec6f508c43a4,torch-authoritative-observation-20260806,0,1,1,0,0x0.0p+0,0.050000000000000003,0x1.999999999999ap-5,False,Flowstar raw remainder compat residual not subset of target remainder,-1,acceptance_predicate,failed,9.4999997e-05,-0.00047234789066917044
torch,455146df23940caa6f168877ffe6ec6f508c43a4,torch-authoritative-observation-20260806,0,2,2,0,0x0.0p+0,0.025000000000000001,0x1.999999999999ap-6,False,Flowstar raw remainder compat residual not subset of target remainder,-1,acceptance_predicate,failed,9.7499997e-05,-3.0667851465864324e-06
torch,455146df23940caa6f168877ffe6ec6f508c43a4,torch-authoritative-observation-20260806,0,3,3,0,0x0.0p+0,0.012500000000000001,0x1.999999999999ap-7,True,,-1,acceptance_predicate,validated,9.8749997e-05,7.286946843997795e-05
torch,455146df23940caa6f168877ffe6ec6f508c43a4,torch-authoritative-observation-20260806,1,4,0,0.012500000000000001,0x1.999999999999ap-7,0.013750000000000002,0x1.c28f5c28f5c2ap-7,True,,-1,acceptance_predicate,validated,9.8624997e-05,6.655080041541422e-05
torch,455146df23940caa6f168877ffe6ec6f508c43a4,torch-authoritative-observation-20260806,2,5,0,0.026250000000000002,0x1.ae147ae147ae2p-6,0.015125000000000003,0x1.ef9db22d0e562p-7,True,,-1,acceptance_predicate,validated,9.8487497e-05,5.832080283811798e-05
torch,455146df23940caa6f168877ffe6ec6f508c43a4,torch-authoritative-observation-20260806,3,6,0,0.041375000000000009,0x1.52f1a9fbe76cap-5,0.016637500000000003,0x1.1096bb98c7e29p-6,True,,-1,acceptance_predicate,validated,9.8336247e-05,4.7559557664990944e-05
torch,455146df23940caa6f168877ffe6ec6f508c43a4,torch-authoritative-observation-20260806,4,7,0,0.058012500000000009,0x1.db3d07c84b5dep-5,0.018301250000000005,0x1.2bd9018e75794p-6,True,,-1,acceptance_predicate,validated,9.8169872e-05,3.350237795805528e-05
torch,455146df23940caa6f168877ffe6ec6f508c43a4,torch-authoritative-observation-20260806,5,8,0,0.076313750000000014,0x1.3894c447c30d4p-4,0.020131375000000007,0x1.49d51b4fe79f0p-6,True,,-1,acceptance_predicate,validated,9.79868595e-05,1.5241282844443191e-05
torch,455146df23940caa6f168877ffe6ec6f508c43a4,torch-authoritative-observation-20260806,6,9,0,0.09644512500000002,0x1.8b0a0b1bbcf50p-4,0.022144512500000008,0x1.6ad0d13e4b955p-6,False,Flowstar raw remainder compat residual not subset of target remainder,-1,acceptance_predicate,failed,9.778554575e-05,-8.140842820114128e-06
torch,455146df23940caa6f168877ffe6ec6f508c43a4,torch-authoritative-observation-20260806,6,10,1,0.09644512500000002,0x1.8b0a0b1bbcf50p-4,0.011072256250000004,0x1.6ad0d13e4b955p-7,True,,-1,acceptance_predicate,validated,9.889277137500001e-05,7.140968481624757e-05
torch,455146df23940caa6f168877ffe6ec6f508c43a4,torch-authoritative-observation-20260806,7,11,0,0.10751738125000003,0x1.b86425438667bp-4,0.012179481875000005,0x1.8f18e62aecbdep-7,True,,-1,acceptance_predicate,validated,9.87820488125e-05,6.55768780242133e-05
torch,455146df23940caa6f168877ffe6ec6f508c43a4,torch-authoritative-observation-20260806,8,12,0,0.11969686312500004,0x1.ea474208e3ff7p-4,0.013397430062500007,0x1.b701c9fc046a8p-7,True,,-1,acceptance_predicate,validated,9.866025399375e-05,5.819387842650667e-05
torch,455146df23940caa6f168877ffe6ec6f508c43a4,torch-authoritative-observation-20260806,9,13,0,0.13309429318750005,0x1.1093bda432466p-3,0.014737173068750008,0x1.e2e85e2ed1a86p-7,True,,-1,acceptance_predicate,validated,9.852627969312501e-05,4.8976779687199786e-05
torch,455146df23940caa6f168877ffe6ec6f508c43a4,torch-authoritative-observation-20260806,10,14,0,0.14783146625625004,0x1.2ec243871f60ep-3,0.016210890375625009,0x1.0999670026830p-6,True,,-1,acceptance_predicate,validated,9.837890796243751e-05,3.752703356017776e-05
torch,455146df23940caa6f168877ffe6ec6f508c43a4,torch-authoritative-observation-20260806,11,15,0,0.16404235663187505,0x1.4ff5706724314p-3,0.01783197941318751,0x1.2428be19c3f68p-6,True,,-1,acceptance_predicate,validated,9.821679905868125e-05,2.344526308907215e-05
torch,455146df23940caa6f168877ffe6ec6f508c43a4,torch-authoritative-observation-20260806,12,16,0,0.18187433604506256,0x1.747a882a5cb01p-3,0.019615177354506262,0x1.4160044f8ac26p-6,True,,-1,acceptance_predicate,validated,9.803847926454938e-05,6.4106135232520195e-06
torch,455146df23940caa6f168877ffe6ec6f508c43a4,torch-authoritative-observation-20260806,13,17,0,0.20148951339956883,0x1.9ca688b44e086p-3,0.021576695089956889,0x1.618337f118a2ap-6,False,Flowstar raw remainder compat residual not subset of target remainder,-1,acceptance_predicate,failed,9.784232749100432e-05,-1.575284360635721e-05
torch,455146df23940caa6f168877ffe6ec6f508c43a4,torch-authoritative-observation-20260806,13,18,1,0.20148951339956883,0x1.9ca688b44e086p-3,0.010788347544978445,0x1.618337f118a2ap-7,True,,-1,acceptance_predicate,validated,9.892116224550216e-05,7.011230778004171e-05
torch,455146df23940caa6f168877ffe6ec6f508c43a4,torch-authoritative-observation-20260806,14,19,0,0.21227786094454729,0x1.b2bebc335f929p-3,0.01186718229947629,0x1.84dd23ef9b195p-7,True,,-1,acceptance_predicate,validated,9.881327877005237e-05,6.473207131024069e-05
torch,455146df23940caa6f168877ffe6ec6f508c43a4,torch-authoritative-observation-20260806,15,20,0,0.22414504324402357,0x1.cb0c8e7259442p-3,0.01305390052942392,0x1.abc00dedf768bp-7,True,,-1,acceptance_predicate,validated,9.869460694705761e-05,5.830668965262185e-05
torch,455146df23940caa6f168877ffe6ec6f508c43a4,torch-authoritative-observation-20260806,16,21,0,0.2371989437734475,0x1.e5c88f5138babp-3,0.014359290582366313,0x1.d68675b8f68cdp-7,True,,-1,acceptance_predicate,validated,9.856406794176337e-05,5.0675915319702227e-05
torch,455146df23940caa6f168877ffe6ec6f508c43a4,torch-authoritative-observation-20260806,17,22,0,0.25155823435581381,0x1.01987b566411cp-2,0.015795219640602945,0x1.02c9f3f2879a4p-6,True,,-1,acceptance_predicate,validated,9.842047503593971e-05,4.144231243340153e-05
torch,455146df23940caa6f168877ffe6ec6f508c43a4,torch-authoritative-observation-20260806,18,23,0,0.26735345399641675,0x1.11c51a958c8b6p-2,0.017374741604663242,0x1.1caaf2bdfb902p-6,True,,-1,acceptance_predicate,validated,9.826252283953367e-05,2.9868492518110015e-05
torch,455146df23940caa6f168877ffe6ec6f508c43a4,torch-authoritative-observation-20260806,19,24,0,0.28472819560107998,0x1.238fc9c16c446p-2,0.019112215765129569,0x1.3922716a94b83p-6,True,,-1,acceptance_predicate,validated,9.808877542348704e-05,1.6548389807146053e-05
torch,455146df23940caa6f168877ffe6ec6f508c43a4,torch-authoritative-observation-20260806,20,25,0,0.30384041136620954,0x1.3721f0d8158fep-2,0.021023437341642529,0x1.5872aff53d311p-6,True,,-1,acceptance_predicate,validated,9.789765326583576e-05,1.696044409038938e-06
torch,455146df23940caa6f168877ffe6ec6f508c43a4,torch-authoritative-observation-20260806,21,26,0,0.32486384870785207,0x1.4ca91bd76962fp-2,0.023125781075806782,0x1.7ae48e5a901c6p-6,False,Flowstar raw remainder compat residual not subset of target remainder,-1,acceptance_predicate,failed,9.768741889241933e-05,-1.4423922327580475e-05
torch,455146df23940caa6f168877ffe6ec6f508c43a4,torch-authoritative-observation-20260806,21,27,1,0.32486384870785207,0x1.4ca91bd76962fp-2,0.011562890537903391,0x1.7ae48e5a901c6p-7,True,,-1,acceptance_predicate,validated,9.884370794620966e-05,7.119163568973561e-05
torch,455146df23940caa6f168877ffe6ec6f508c43a4,torch-authoritative-observation-20260806,22,28,0,0.33642673924575545,0x1.5880404a3de3dp-2,0.012719179591693731,0x1.a0c836306b527p-7,True,,-1,acceptance_predicate,validated,9.872807904083062e-05,6.678917875877806e-05
torch,455146df23940caa6f168877ffe6ec6f508c43a4,torch-authoritative-observation-20260806,23,29,0,0.34914591883744917,0x1.658681fbc13e6p-2,0.013991097550863106,0x1.ca75d53542dacp-7,True,,-1,acceptance_predicate,validated,9.86008872449137e-05,6.181324544967553e-05
torch,455146df23940caa6f168877ffe6ec6f508c43a4,torch-authoritative-observation-20260806,24,30,0,0.36313701638831225,0x1.73da30a56b553p-2,0.015390207305949418,0x1.f84e6a876323ep-7,True,,-1,acceptance_predicate,validated,9.846097626940506e-05,5.6286534888110254e-05
torch,455146df23940caa6f168877ffe6ec6f508c43a4,torch-authoritative-observation-20260806,25,31,0,0.37852722369426167,0x1.839ca3f9a66e5p-2,0.016929228036544362,0x1.155e5430dced6p-6,True,,-1,acceptance_predicate,validated,9.830707419634557e-05,5.0307067710512874e-05
torch,455146df23940caa6f168877ffe6ec6f508c43a4,torch-authoritative-observation-20260806,26,32,0,0.39545645173080601,0x1.94f2893cb43d2p-2,0.0186221508401988,0x1.311af635bfd1fp-6,True,,-1,acceptance_predicate,validated,9.813778191598012e-05,4.403994108825468e-05
torch,455146df23940caa6f168877ffe6ec6f508c43a4,torch-authoritative-observation-20260806,27,33,0,0.41407860257100482,0x1.a80438a0103a4p-2,0.020484365924218682,0x1.4f9da86e53009p-6,True,,-1,acceptance_predicate,validated,9.795156040757813e-05,3.7787458148890823e-05
torch,455146df23940caa6f168877ffe6ec6f508c43a4,torch-authoritative-observation-20260806,28,34,0,0.43456296849522352,0x1.bcfe1326f56a5p-2,0.022532802516640551,0x1.712d6c795b4d7p-6,True,,-1,acceptance_predicate,validated,9.774671674833594e-05,3.0509936047911032e-05
torch,455146df23940caa6f168877ffe6ec6f508c43a4,torch-authoritative-observation-20260806,29,35,0,0.45709577101186405,0x1.d410e9ee8b1f2p-2,0.024786082768304608,0x1.96185db8b13bap-6,True,,-1,acceptance_predicate,validated,9.752138872316954e-05,2.173672982289088e-05
torch,455146df23940caa6f168877ffe6ec6f508c43a4,torch-authoritative-observation-20260806,30,36,0,0.48188185378016868,0x1.ed726fca1632ep-2,0.02726469104513507,0x1.beb46717f6280p-6,True,,-1,acceptance_predicate,validated,9.72735278954865e-05,9.95051949419534e-06
torch,455146df23940caa6f168877ffe6ec6f508c43a4,torch-authoritative-observation-20260806,31,37,0,0.50914654482530375,0x1.04aedb1dcacabp-1,0.029991160149648578,0x1.eb600b00c1f8dp-6,False,Flowstar raw remainder compat residual not subset of target remainder,-1,acceptance_predicate,failed,9.700088098503514e-05,-2.8202492194643914e-06
torch,455146df23940caa6f168877ffe6ec6f508c43a4,torch-authoritative-observation-20260806,31,38,1,0.50914654482530375,0x1.04aedb1dcacabp-1,0.014995580074824289,0x1.eb600b00c1f8dp-7,True,,-1,acceptance_predicate,validated,9.850043899251757e-05,7.338342927381147e-05
torch,455146df23940caa6f168877ffe6ec6f508c43a4,torch-authoritative-observation-20260806,32,39,0,0.52414212490012801,0x1.0c5c5b49cdd29p-1,0.01649513808230672,0x1.0e419fa6d115bp-6,True,,-1,acceptance_predicate,validated,9.835048319176933e-05,6.985910003982504e-05
torch,455146df23940caa6f168877ffe6ec6f508c43a4,torch-authoritative-observation-20260806,33,40,0,0.54063726298243475,0x1.14ce6847045b4p-1,0.018144651890537395,0x1.29482f9de5fe5p-6,True,,-1,acceptance_predicate,validated,9.818553181094627e-05,6.586434419958645e-05
torch,455146df23940caa6f168877ffe6ec6f508c43a4,torch-authoritative-observation-20260806,34,41,0,0.55878191487297213,0x1.1e18a9c3f38b3p-1,0.019959117079591138,0x1.47029ac749cb0p-6,True,,-1,acceptance_predicate,validated,9.800408529204089e-05,6.13355846216004e-05
torch,455146df23940caa6f168877ffe6ec6f508c43a4,torch-authoritative-observation-20260806,35,42,0,0.57874103195256321,0x1.2850be9a2dd98p-1,0.021955028787550252,0x1.67b610a8045f5p-6,True,,-1,acceptance_predicate,validated,9.780449412124498e-05,5.620558699938246e-05
torch,455146df23940caa6f168877ffe6ec6f508c43a4,torch-authoritative-observation-20260806,36,43,0,0.6006960607401135,0x1.338e6f1f6dfc8p-1,0.024150531666305278,0x1.8baeabec04cf4p-6,True,,-1,acceptance_predicate,validated,9.758494383336947e-05,5.0514011078461266e-05
torch,455146df23940caa6f168877ffe6ec6f508c43a4,torch-authoritative-observation-20260806,37,44,0,0.62484659240641882,0x1.3febe47ece230p-1,0.026565584832935807,0x1.b34023839ee40p-6,True,,-1,acceptance_predicate,validated,9.734343851670642e-05,4.432060659442637e-05
torch,455146df23940caa6f168877ffe6ec6f508c43a4,torch-authoritative-observation-20260806,38,45,0,0.65141217723935463,0x1.4d85e59aeb1a2p-1,0.029222143316229389,0x1.dec68d772ec7ap-6,True,,-1,acceptance_predicate,validated,9.707778266837707e-05,3.7570824661964985e-05
torch,455146df23940caa6f168877ffe6ec6f508c43a4,torch-authoritative-observation-20260806,39,46,0,0.68063432055558404,0x1.5c7c1a06a4906p-1,0.032144357647852333,0x1.07539a9b26877p-5,True,,-1,acceptance_predicate,validated,9.678556123521477e-05,2.8731080143775154e-05
torch,455146df23940caa6f168877ffe6ec6f508c43a4,torch-authoritative-observation-20260806,40,47,0,0.71277867820343632,0x1.6cf153b056f8dp-1,0.035358793412637569,0x1.21a8c3aaaa61dp-5,True,,-1,acceptance_predicate,validated,9.646411765873625e-05,1.917085155836543e-05
torch,455146df23940caa6f168877ffe6ec6f508c43a4,torch-authoritative-observation-20260806,41,48,0,0.74813747161607391,0x1.7f0bdfeb019efp-1,0.038894672753901328,0x1.3ea00a6eee9edp-5,True,,-1,acceptance_predicate,validated,9.611052972460987e-05,9.24238362138572e-06
torch,455146df23940caa6f168877ffe6ec6f508c43a4,torch-authoritative-observation-20260806,42,49,0,0.78703214436997526,0x1.92f5e091f088ep-1,0.042784140029291463,0x1.5e7cd846d3485p-5,False,Flowstar raw remainder compat residual not subset of target remainder,-1,acceptance_predicate,failed,9.572158299707085e-05,-5.373480530142374e-07
torch,455146df23940caa6f168877ffe6ec6f508c43a4,torch-authoritative-observation-20260806,42,50,1,0.78703214436997526,0x1.92f5e091f088ep-1,0.021392070014645732,0x1.5e7cd846d3485p-6,True,,-1,acceptance_predicate,validated,9.786078999853544e-05,7.378145014565285e-05
torch,455146df23940caa6f168877ffe6ec6f508c43a4,torch-authoritative-observation-20260806,43,51,0,0.80842421438462098,0x1.9de9c75427232p-1,0.023531277016110307,0x1.8189544de8693p-6,True,,-1,acceptance_predicate,validated,9.764686929838898e-05,7.03162172857236e-05
torch,455146df23940caa6f168877ffe6ec6f508c43a4,torch-authoritative-observation-20260806,44,52,0,0.83195549140073133,0x1.a9f611f696667p-1,0.02588440471772134,0x1.a8170fef4c73cp-6,True,,-1,acceptance_predicate,validated,9.741155652822787e-05,6.649036412287808e-05
torch,455146df23940caa6f168877ffe6ec6f508c43a4,torch-authoritative-observation-20260806,45,53,0,0.85783989611845268,0x1.b736ca7610ca1p-1,0.028472845189493477,0x1.d27fc4ba6db29p-6,True,,-1,acceptance_predicate,validated,9.715271248105066e-05,6.228374896404404e-05
torch,455146df23940caa6f168877ffe6ec6f508c43a4,torch-authoritative-observation-20260806,46,54,0,0.88631274130794613,0x1.c5cac89be437ap-1,0.031320129708442827,0x1.00931299bc557p-5,True,,-1,acceptance_predicate,validated,9.686798402915572e-05,5.767683073066396e-05
torch,455146df23940caa6f168877ffe6ec6f508c43a4,torch-authoritative-observation-20260806,47,55,0,0.91763287101638891,0x1.d5d3f9c57ffcfp-1,0.034452142679287111,0x1.1a3b6142b5913p-5,True,,-1,acceptance_predicate,validated,9.65547827320713e-05,5.245684403853411e-05
torch,455146df23940caa6f168877ffe6ec6f508c43a4,torch-authoritative-observation-20260806,48,56,0,0.952085013695676,0x1.e777afd9ab560p-1,0.037897356947215827,0x1.367484962e1fcp-5,True,,-1,acceptance_predicate,validated,9.621026130527842e-05,4.671861378478524e-05
torch,455146df23940caa6f168877ffe6ec6f508c43a4,torch-authoritative-observation-20260806,49,57,0,0.98998237064289185,0x1.fadef8230e380p-1,0.041687092641937415,0x1.55802b71ff896p-5,True,,-1,acceptance_predicate,validated,9.583128773580626e-05,3.995652827444763e-05
torch,455146df23940caa6f168877ffe6ec6f508c43a4,torch-authoritative-observation-20260806,50,58,0,1.0316694632848293,0x1.081b7d6d17185p+0,0.045855801906131158,0x1.77a6963099172p-5,True,,-1,acceptance_predicate,validated,9.541441680938688e-05,3.247472605939525e-05
torch,455146df23940caa6f168877ffe6ec6f508c43a4,torch-authoritative-observation-20260806,51,59,0,1.0775252651909606,0x1.13d8b21e9be11p+0,0.050441382096744279,0x1.9d373ecf0eccbp-5,True,,-1,acceptance_predicate,validated,9.495585879032557e-05,2.4209641604454243e-05
torch,455146df23940caa6f168877ffe6ec6f508c43a4,torch-authoritative-observation-20260806,52,60,0,1.1279666472877048,0x1.20c26c1514577p+0,0.055485520306418713,0x1.c68991e3c37adp-5,True,,-1,acceptance_predicate,validated,9.445144496935813e-05,1.4954202275614057e-05
torch,455146df23940caa6f168877ffe6ec6f508c43a4,torch-authoritative-observation-20260806,53,61,0,1.1834521675941234,0x1.2ef6b8a432734p+0,0.061034072337060589,0x1.f3fdba1423d3fp-5,True,,-1,acceptance_predicate,validated,9.389658976629394e-05,4.6194692389579155e-06
torch,455146df23940caa6f168877ffe6ec6f508c43a4,torch-authoritative-observation-20260806,54,62,0,1.244486239931184,0x1.3e96a674d391ep+0,0.067137479570766656,0x1.12febff17a1b0p-4,False,Flowstar raw remainder compat residual not subset of target remainder,-1,acceptance_predicate,failed,9.328624904292333e-05,-7.087343238716158e-06
torch,455146df23940caa6f168877ffe6ec6f508c43a4,torch-authoritative-observation-20260806,54,63,1,1.244486239931184,0x1.3e96a674d391ep+0,0.033568739785383328,0x1.12febff17a1b0p-5,True,,-1,acceptance_predicate,validated,9.664312302146167e-05,6.780748665076695e-05
torch,455146df23940caa6f168877ffe6ec6f508c43a4,torch-authoritative-observation-20260806,55,64,0,1.2780549797165675,0x1.472e9c745f62cp+0,0.036925613763921665,0x1.2e7e9ff00650fp-5,True,,-1,acceptance_predicate,validated,9.630743562360784e-05,6.389424692736925e-05
torch,455146df23940caa6f168877ffe6ec6f508c43a4,torch-authoritative-observation-20260806,56,65,0,1.314980593480489,0x1.50a29173df954p+0,0.040618175140313836,0x1.4cbe7cbb3a25ep-5,True,,-1,acceptance_predicate,validated,9.593817948596861e-05,5.940333053735921e-05
torch,455146df23940caa6f168877ffe6ec6f508c43a4,torch-authoritative-observation-20260806,57,66,0,1.3555987686208029,0x1.5b088559b9667p+0,0.044679992654345226,0x1.6e04bc678cc35p-5,True,,-1,acceptance_predicate,validated,9.553199773456548e-05,5.422713254679425e-05
torch,455146df23940caa6f168877ffe6ec6f508c43a4,torch-authoritative-observation-20260806,58,67,0,1.4002787612751482,0x1.6678ab3cf5cc9p+0,0.049147991919779754,0x1.929ecf3eb4708p-5,True,,-1,acceptance_predicate,validated,9.508519780802203e-05,4.820735831982128e-05
torch,455146df23940caa6f168877ffe6ec6f508c43a4,torch-authoritative-observation-20260806,59,68,0,1.4494267531949279,0x1.730da1b6eb701p+0,0.054062791111757734,0x1.bae1e3f82ce23p-5,True,,-1,acceptance_predicate,validated,9.459371788882423e-05,4.113802082221821e-05
torch,455146df23940caa6f168877ffe6ec6f508c43a4,torch-authoritative-observation-20260806,60,69,0,1.5034895443066856,0x1.80e4b0d6acd72p+0,0.059469070222933511,0x1.e72badf764927p-5,True,,-1,acceptance_predicate,validated,9.405308997770664e-05,3.273260559741149e-05
torch,455146df23940caa6f168877ffe6ec6f508c43a4,torch-authoritative-observation-20260806,61,70,0,1.562958614529619,0x1.901e0e4667fbbp+0,0.065415977245226867,0x1.0bf19fae77509p-4,True,,-1,acceptance_predicate,validated,9.345839927547732e-05,2.2598763026133274e-05
torch,455146df23940caa6f168877ffe6ec6f508c43a4,torch-authoritative-observation-20260806,62,71,0,1.628374591774846,0x1.a0dd28414f70cp+0,0.071957574969749555,0x1.26bcfc731cd8ap-4,True,,-1,acceptance_predicate,validated,9.280423950302504e-05,1.0176711070047643e-05
torch,455146df23940caa6f168877ffe6ec6f508c43a4,torch-authoritative-observation-20260806,63,72,0,1.7003321667445956,0x1.b348f808813e5p+0,0.079153332466724513,0x1.443648e506218p-4,False,Flowstar raw remainder compat residual not subset of target remainder,-1,acceptance_predicate,failed,9.208466375332755e-05,-5.366124998091944e-06
torch,455146df23940caa6f168877ffe6ec6f508c43a4,torch-authoritative-observation-20260806,63,73,1,1.7003321667445956,0x1.b348f808813e5p+0,0.039576666233362257,0x1.443648e506218p-5,True,,-1,acceptance_predicate,validated,9.604233037666377e-05,6.732797062598936e-05
torch,455146df23940caa6f168877ffe6ec6f508c43a4,torch-authoritative-observation-20260806,64,74,0,1.739908832977958,0x1.bd6aaa4fa96f6p+0,0.043534332856698485,0x1.64a21cfbed24ep-5,True,,-1,acceptance_predicate,validated,9.564656371433015e-05,6.318612571018132e-05
torch,455146df23940caa6f168877ffe6ec6f508c43a4,torch-authoritative-observation-20260806,65,75,0,1.7834431658346563,0x1.c88fbb3788d88p+0,0.047887766142368338,0x1.884becaeb80f0p-5,True,,-1,acceptance_predicate,validated,9.521122038576317e-05,5.827465723552138e-05
torch,455146df23940caa6f168877ffe6ec6f508c43a4,torch-authoritative-observation-20260806,66,76,0,1.8313309319770248,0x1.d4d21a9cfe990p+0,0.052676542756605174,0x1.af86b78cfdaa2p-5,True,,-1,acceptance_predicate,validated,9.473234272433948e-05,5.235722573892652e-05
torch,455146df23940caa6f168877ffe6ec6f508c43a4,torch-authoritative-observation-20260806,67,77,0,1.8840074747336299,0x1.e24e505966865p+0,0.057944197032265693,0x1.daadc9e7e3d4cp-5,True,,-1,acceptance_predicate,validated,9.420557729677342e-05,4.5088094056602316e-05
torch,455146df23940caa6f168877ffe6ec6f508c43a4,torch-authoritative-observation-20260806,68,78,0,1.9419516717658956,0x1.f123bea8a5a4fp+0,0.063738616735492262,0x1.0512c8a5f081dp-4,True,,-1,acceptance_predicate,validated,9.362613532645077e-05,3.594371243535884e-05
torch,455146df23940caa6f168877ffe6ec6f508c43a4,torch-authoritative-observation-20260806,69,79,0,2.0056902885013876,0x1.00ba759982568p+1,0.070112478409041501,0x1.1f2e431ceef54p-4,True,,-1,acceptance_predicate,validated,9.298874915909585e-05,2.4096651146516176e-05
torch,455146df23940caa6f168877ffe6ec6f508c43a4,torch-authoritative-observation-20260806,70,80,0,2.0758027669104293,0x1.09b3e7b269ce3p+1,0.077123726249945651,0x1.3be6169fd3a76p-4,True,,-1,acceptance_predicate,validated,9.228762437500543e-05,8.182075279456372e-06
torch,455146df23940caa6f168877ffe6ec6f508c43a4,torch-authoritative-observation-20260806,71,81,0,2.1529264931603751,0x1.13931867686b7p+1,0.084836098874940216,0x1.5b7d18e3026b5p-4,False,Flowstar raw remainder compat residual not subset of target remainder,-1,acceptance_predicate,failed,9.151638711250597e-05,-1.422038733303611e-05
torch,455146df23940caa6f168877ffe6ec6f508c43a4,torch-authoritative-observation-20260806,71,82,1,2.1529264931603751,0x1.13931867686b7p+1,0.042418049437470108,0x1.5b7d18e3026b5p-5,True,,-1,acceptance_predicate,validated,9.5758192056253e-05,6.824290341979187e-05
torch,455146df23940caa6f168877ffe6ec6f508c43a4,torch-authoritative-observation-20260806,72,83,0,2.1953445425978453,0x1.19010ccaf4752p+1,0.046659854381217121,0x1.7e3cce934f761p-5,True,,-1,acceptance_predicate,validated,9.533401156187829e-05,6.366513982161969e-05
torch,455146df23940caa6f168877ffe6ec6f508c43a4,torch-authoritative-observation-20260806,73,84,0,2.2420043969790626,0x1.1efa000541b30p+1,0.051325839819338838,0x1.a476166ed7685p-5,True,,-1,acceptance_predicate,validated,9.486741301806612e-05,5.781224977169587e-05
torch,455146df23940caa6f168877ffe6ec6f508c43a4,torch-authoritative-observation-20260806,74,85,0,2.2933302367984014,0x1.258bd85efd10ap+1,0.056458423801272729,0x1.ce81e579ecf2dp-5,True,,-1,acceptance_predicate,validated,9.435415461987273e-05,4.9987071605095674e-05
torch,455146df23940caa6f168877ffe6ec6f508c43a4,torch-authoritative-observation-20260806,75,86,0,2.3497886605996743,0x1.2cc5dff4e4c47p+1,0.062104266181400004,0x1.fcc216061e3e5p-5,True,,-1,acceptance_predicate,validated,9.378957038186e-05,3.836949978911325e-05
torch,455146df23940caa6f168877ffe6ec6f508c43a4,torch-authoritative-observation-20260806,76,87,0,2.4118929267810745,0x1.34b8e84cfd3d7p+1,0.068314692799540014,0x1.17d125b690a25p-4,True,,-1,acceptance_predicate,validated,9.316852772004599e-05,1.9446848824227327e-05
torch,455146df23940caa6f168877ffe6ec6f508c43a4,torch-authoritative-observation-20260806,77,88,0,2.4802076195806144,0x1.3d77717ab1c28p+1,0.075146162079494025,0x1.33cc7648d24c3p-4,False,Flowstar raw remainder compat residual not subset of target remainder,-1,acceptance_predicate,failed,9.24853807920506e-05,-2.340234945647926e-05
torch,455146df23940caa6f168877ffe6ec6f508c43a4,torch-authoritative-observation-20260806,77,89,1,2.4802076195806144,0x1.3d77717ab1c28p+1,0.037573081039747012,0x1.33cc7648d24c3p-5,True,,-1,acceptance_predicate,validated,9.62426888960253e-05,7.51721407583608e-05
torch,455146df23940caa6f168877ffe6ec6f508c43a4,torch-authoritative-observation-20260806,78,90,0,2.5177807006203614,0x1.4246a353d50bbp+1,0.041330389143721717,0x1.52941bb680ed7p-5,True,,-1,acceptance_predicate,validated,9.586695808562782e-05,6.947194106922709e-05
torch,455146df23940caa6f168877ffe6ec6f508c43a4,torch-authoritative-observation-20260806,79,91,0,2.559111089764083,0x1.4790f3c2af0f6p+1,0.045463428058093891,0x1.746fb8158dd20p-5,True,,-1,acceptance_predicate,validated,9.545365419419061e-05,6.0585883389957745e-05
torch,455146df23940caa6f168877ffe6ec6f508c43a4,torch-authoritative-observation-20260806,80,92,0,2.6045745178221766,0x1.4d62b2a30546ap+1,0.050009770863903284,0x1.99ae174ae8cd7p-5,True,,-1,acceptance_predicate,validated,9.499901991360968e-05,4.6464744462289755e-05
torch,455146df23940caa6f168877ffe6ec6f508c43a4,torch-authoritative-observation-20260806,81,93,0,2.6545842886860798,0x1.53c96b0030e9dp+1,0.05501074795029362,0x1.c2a5e66c00154p-5,True,,-1,acceptance_predicate,validated,9.449892220497063e-05,2.4144529947089404e-05
torch,455146df23940caa6f168877ffe6ec6f508c43a4,torch-authoritative-observation-20260806,82,94,0,2.7095950366363732,0x1.5ad40299e0ea2p+1,0.060511822745322991,0x1.efb67d76cce44p-5,False,Flowstar raw remainder compat residual not subset of target remainder,-1,acceptance_predicate,failed,9.39488147254677e-05,-7.26490646320104e-06
torch,455146df23940caa6f168877ffe6ec6f508c43a4,torch-authoritative-observation-20260806,82,95,1,2.7095950366363732,0x1.5ad40299e0ea2p+1,0.030255911372661495,0x1.efb67d76cce44p-6,True,,-1,acceptance_predicate,validated,9.697440586273385e-05,8.230859380068248e-05
torch,455146df23940caa6f168877ffe6ec6f508c43a4,torch-authoritative-observation-20260806,83,96,0,2.7398509480090349,0x1.5eb36f94ce83fp+1,0.033281502509927646,0x1.10a45e9af0b0cp-5,True,,-1,acceptance_predicate,validated,9.667184674900724e-05,7.915269786347658e-05
torch,455146df23940caa6f168877ffe6ec6f508c43a4,torch-authoritative-observation-20260806,84,97,0,2.7731324505189625,0x1.62f6010f3a46bp+1,0.036609652760920416,0x1.2be801aa6f28ep-5,True,,-1,acceptance_predicate,validated,9.633903172390797e-05,7.489044313968553e-05
torch,455146df23940caa6f168877ffe6ec6f508c43a4,torch-authoritative-observation-20260806,85,98,0,2.8097421032798828,0x1.67a5a115e4035p+1,0.040270618037012464,0x1.49e59b6ead79dp-5,True,,-1,acceptance_predicate,validated,9.597293519629876e-05,6.728813676943139e-05
torch,455146df23940caa6f168877ffe6ec6f508c43a4,torch-authoritative-observation-20260806,86,99,0,2.8500127213168951,0x1.6ccd37839eb93p+1,0.044297679840713713,0x1.6ae2f7c68b9fap-5,True,,-1,acceptance_predicate,validated,9.557022901592863e-05,4.395374686693878e-05
torch,455146df23940caa6f168877ffe6ec6f508c43a4,torch-authoritative-observation-20260806,87,100,0,2.8943104011576088,0x1.7278c362b8e7bp+1,0.048727447824785088,0x1.8f2cdd5a6662dp-5,False,Flowstar raw remainder compat residual not subset of target remainder,-1,acceptance_predicate,failed,9.512725221752148e-05,-7.505579520852412e-07
torch,455146df23940caa6f168877ffe6ec6f508c43a4,torch-authoritative-observation-20260806,87,101,1,2.8943104011576088,0x1.7278c362b8e7bp+1,0.024363723912392544,0x1.8f2cdd5a6662dp-6,True,,-1,acceptance_predicate,validated,9.756362460876075e-05,8.289781350188818e-05
torch,455146df23940caa6f168877ffe6ec6f508c43a4,torch-authoritative-observation-20260806,88,102,0,2.9186741250700012,0x1.75971d1d6db47p+1,0.026800096303631799,0x1.b717c049d7065p-6,True,,-1,acceptance_predicate,validated,9.731998736963682e-05,7.614089915200766e-05
torch,455146df23940caa6f168877ffe6ec6f508c43a4,torch-authoritative-observation-20260806,89,103,0,2.9454742213736331,0x1.79054c9e01628p+1,0.029480105933994982,0x1.e30086b79fba3p-6,True,,-1,acceptance_predicate,validated,9.70519864066005e-05,6.583937576374555e-05
torch,455146df23940caa6f168877ffe6ec6f508c43a4,torch-authoritative-observation-20260806,90,104,0,2.974954327307628,0x1.7ccb4dab70a1fp+1,0.032428116527394482,0x1.09a6b07e97d9ap-5,True,,-1,acceptance_predicate,validated,9.675718534726055e-05,4.9871814334426684e-05
torch,455146df23940caa6f168877ffe6ec6f508c43a4,torch-authoritative-observation-20260806,91,105,0,3.0073824438350223,0x1.80f1e86d6b015p+1,0.035670928180133933,0x1.24375bbe73d5dp-5,True,,-1,acceptance_predicate,validated,9.643290418198661e-05,2.1019098290702762e-05
torch,455146df23940caa6f168877ffe6ec6f508c43a4,torch-authoritative-observation-20260806,92,106,0,3.043053372015156,0x1.8582c5dc64d0ap+1,0.039238020998147327,0x1.4170181e4c380p-5,False,Flowstar raw remainder compat residual not subset of target remainder,-1,acceptance_predicate,failed,9.607619490018527e-05,-2.7943259771665997e-05
torch,455146df23940caa6f168877ffe6ec6f508c43a4,torch-authoritative-observation-20260806,92,107,1,3.043053372015156,0x1.8582c5dc64d0ap+1,0.019619010499073664,0x1.4170181e4c380p-6,True,,-1,acceptance_predicate,validated,9.803809595009264e-05,7.674158894027126e-05
torch,455146df23940caa6f168877ffe6ec6f508c43a4,torch-authoritative-observation-20260806,93,108,0,3.0626723825142297,0x1.8805a60ca1691p+1,0.021580911548981032,0x1.6194e754870a7p-6,True,,-1,acceptance_predicate,validated,9.78419058451019e-05,6.914310731155062e-05
torch,455146df23940caa6f168877ffe6ec6f508c43a4,torch-authoritative-observation-20260806,94,109,0,3.0842532940632106,0x1.8ac8cfdb4a772p+1,0.023739002703879138,0x1.84f098102e252p-6,True,,-1,acceptance_predicate,validated,9.762609672961209e-05,5.850378718042411e-05
torch,455146df23940caa6f168877ffe6ec6f508c43a4,torch-authoritative-observation-20260806,95,110,0,3.1079922967670899,0x1.8dd2b10b6ad37p+1,0.026112902974267053,0x1.abd57411cc5c1p-6,True,,-1,acceptance_predicate,validated,9.73887067025733e-05,4.384949960532028e-05
torch,455146df23940caa6f168877ffe6ec6f508c43a4,torch-authoritative-observation-20260806,96,111,0,3.1341051997413572,0x1.912a5bf38e6c3p+1,0.02872419327169376,0x1.d69dffad2d988p-6,True,,-1,acceptance_predicate,validated,9.712757767283063e-05,2.4322745617533944e-05
torch,455146df23940caa6f168877ffe6ec6f508c43a4,torch-authoritative-observation-20260806,97,112,0,3.1628293930130509,0x1.94d797f2e8c76p+1,0.031596612598863136,0x1.02d6e638d913ep-5,False,Flowstar raw remainder compat residual not subset of target remainder,-1,acceptance_predicate,failed,9.684033574011369e-05,-5.471121042026854e-06
torch,455146df23940caa6f168877ffe6ec6f508c43a4,torch-authoritative-observation-20260806,97,113,1,3.1628293930130509,0x1.94d797f2e8c76p+1,0.015798306299431568,0x1.02d6e638d913ep-6,True,,-1,acceptance_predicate,validated,9.842016637005685e-05,7.67143693193453e-05
torch,455146df23940caa6f168877ffe6ec6f508c43a4,torch-authoritative-observation-20260806,98,114,0,3.1786276993124822,0x1.96dd45bf5a798p+1,0.017378136929374725,0x1.1cb93071bb95ep-6,True,,-1,acceptance_predicate,validated,9.826218330706254e-05,7.078262138455662e-05
torch,455146df23940caa6f168877ffe6ec6f508c43a4,torch-authoritative-observation-20260806,99,115,0,3.1960058362418571,0x1.9916b8203df0bp+1,0.019115950622312198,0x1.39321bb04e581p-6,True,,-1,acceptance_predicate,validated,9.808840193776878e-05,6.278947202942295e-05
torch,455146df23940caa6f168877ffe6ec6f508c43a4,torch-authoritative-observation-20260806,100,116,0,3.2151217868641693,0x1.9b891c579e8d6p+1,0.02102754568454342,0x1.5883eb41efc75p-6,True,,-1,acceptance_predicate,validated,9.789724243154566e-05,5.192058388102417e-05
torch,455146df23940caa6f168877ffe6ec6f508c43a4,torch-authoritative-observation-20260806,101,117,0,3.2361493325487127,0x1.9e3a242e226cfp+1,0.023130300252997765,0x1.7af782c887c1bp-6,True,,-1,acceptance_predicate,validated,9.768696697470022e-05,3.7127940187753835e-05
torch,455146df23940caa6f168877ffe6ec6f508c43a4,torch-authoritative-observation-20260806,102,118,0,3.2592796328017104,0x1.a1301333b37c7p+1,0.025443330278297541,0x1.a0dd0fdc95551p-6,True,,-1,acceptance_predicate,validated,9.745566397217025e-05,1.6978538392444423e-05
torch,455146df23940caa6f168877ffe6ec6f508c43a4,torch-authoritative-observation-20260806,103,119,0,3.2847229630800081,0x1.a471cd536ca72p+1,0.027987663306127297,0x1.ca8cc4a5d7773p-6,False,Flowstar raw remainder compat residual not subset of target remainder,-1,acceptance_predicate,failed,9.720123066938727e-05,-1.0323805010188164e-05
torch,455146df23940caa6f168877ffe6ec6f508c43a4,torch-authoritative-observation-20260806,103,120,1,3.2847229630800081,0x1.a471cd536ca72p+1,0.013993831653063648,0x1.ca8cc4a5d7773p-7,True,,-1,acceptance_predicate,validated,9.860061383469364e-05,7.32924943014088e-05
torch,455146df23940caa6f168877ffe6ec6f508c43a4,torch-authoritative-observation-20260806,104,121,0,3.2987167947330716,0x1.a63c5a18127e9p+1,0.015393214818370015,0x1.f867a51cd3699p-7,True,,-1,acceptance_predicate,validated,9.8460675518163e-05,6.73755929391115e-05
torch,455146df23940caa6f168877ffe6ec6f508c43a4,torch-authoritative-observation-20260806,105,122,0,3.3141100095514417,0x1.a834c1bd2f520p+1,0.016932536300207017,0x1.156c34697446ep-6,True,,-1,acceptance_predicate,validated,9.83067433699793e-05,5.9782118547457825e-05
torch,455146df23940caa6f168877ffe6ec6f508c43a4,torch-authoritative-observation-20260806,106,123,0,3.3310425458516488,0x1.aa5f9a26023a9p+1,0.018625789930227721,0x1.312a39a7331adp-6,True,,-1,acceptance_predicate,validated,9.813741800697723e-05,4.997908731456762e-05
torch,455146df23940caa6f168877ffe6ec6f508c43a4,torch-authoritative-observation-20260806,107,124,0,3.3496683357818764,0x1.acc1ee9950a0cp+1,0.020488368923250497,0x1.4fae729e51d0cp-6,True,,-1,acceptance_predicate,validated,9.795116010767496e-05,3.726175398497292e-05
torch,455146df23940caa6f168877ffe6ec6f508c43a4,torch-authoritative-observation-20260806,108,125,0,3.3701567047051268,0x1.af614b7e8d446p+1,0.022537205815575549,0x1.713fe47af398ep-6,True,,-1,acceptance_predicate,validated,9.774627641844245e-05,2.098320433564221e-05
torch,455146df23940caa6f168877ffe6ec6f508c43a4,torch-authoritative-observation-20260806,109,126,0,3.3926939105207023,0x1.b243cb47832b9p+1,0.024790926397133106,0x1.962cae873f283p-6,True,,-1,acceptance_predicate,validated,9.752090436028669e-05,4.5878637412681404e-07
torch,455146df23940caa6f168877ffe6ec6f508c43a4,torch-authoritative-observation-20260806,110,127,0,3.4174848369178354,0x1.b57024a491a9ep+1,0.027270019036846418,0x1.becabffb2bdf7p-6,False,Flowstar raw remainder compat residual not subset of target remainder,-1,acceptance_predicate,failed,9.727299509631537e-05,-3.0247722373506875e-05
torch,455146df23940caa6f168877ffe6ec6f508c43a4,torch-authoritative-observation-20260806,110,128,1,3.4174848369178354,0x1.b57024a491a9ep+1,0.013635009518423209,0x1.becabffb2bdf7p-7,True,,-1,acceptance_predicate,validated,9.863649604815768e-05,6.927564628738428e-05
torch,455146df23940caa6f168877ffe6ec6f508c43a4,torch-authoritative-observation-20260806,111,129,0,3.4311198464362587,0x1.b72eef648cd5cp+1,0.014998510470265531,0x1.eb789ffab042ap-7,True,,-1,acceptance_predicate,validated,9.850014595297344e-05,6.331974327162876e-05
torch,455146df23940caa6f168877ffe6ec6f508c43a4,torch-authoritative-observation-20260806,112,130,0,3.4461183569065241,0x1.b91a680487860p+1,0.016498361517292084,0x1.0e4f24c9e0f17p-6,True,,-1,acceptance_predicate,validated,9.83501608482708e-05,5.602436368588362e-05
torch,455146df23940caa6f168877ffe6ec6f508c43a4,torch-authoritative-observation-20260806,113,131,0,3.4626167184238161,0x1.bb37064e1b47ep+1,0.018148197669021295,0x1.29570ede1109ap-6,True,,-1,acceptance_predicate,validated,9.818517723309788e-05,4.6280362947531476e-05
torch,455146df23940caa6f168877ffe6ec6f508c43a4,torch-authoritative-observation-20260806,114,132,0,3.4807649160928373,0x1.bd89b46bd769fp+1,0.019963017435923425,0x1.4712f6c112bddp-6,True,,-1,acceptance_predicate,validated,9.800369525640767e-05,3.4218133937737315e-05
torch,455146df23940caa6f168877ffe6ec6f508c43a4,torch-authoritative-observation-20260806,115,133,0,3.5007279335287609,0x1.c017da59598f7p+1,0.021959319179515768,0x1.67c80f6dfb040p-6,True,,-1,acceptance_predicate,validated,9.780406508204842e-05,1.9701933239245925e-05
torch,455146df23940caa6f168877ffe6ec6f508c43a4,torch-authoritative-observation-20260806,116,134,0,3.5226872527082769,0x1.c2e76a7835858p+1,0.024155251097467346,0x1.8bc2775f60eadp-6,True,,-1,acceptance_predicate,validated,9.758447189025327e-05,1.7399526827687785e-06
torch,455146df23940caa6f168877ffe6ec6f508c43a4,torch-authoritative-observation-20260806,117,135,0,3.5468425038057441,0x1.c5feef66f4475p+1,0.026570776207214084,0x1.b355e9b5b768cp-6,False,Flowstar raw remainder compat residual not subset of target remainder,-1,acceptance_predicate,failed,9.734291937927859e-05,-1.8942998825875805e-05
torch,455146df23940caa6f168877ffe6ec6f508c43a4,torch-authoritative-observation-20260806,117,136,1,3.5468425038057441,0x1.c5feef66f4475p+1,0.013285388103607042,0x1.b355e9b5b768cp-7,True,,-1,acceptance_predicate,validated,9.86714581896393e-05,7.110560824949567e-05
torch,455146df23940caa6f168877ffe6ec6f508c43a4,torch-authoritative-observation-20260806,118,137,0,3.5601278919093513,0x1.c7b24550a9fecp+1,0.014613926913967746,0x1.dede8114b0267p-7,True,,-1,acceptance_predicate,validated,9.853860430860322e-05,6.63561306667501e-05
torch,455146df23940caa6f168877ffe6ec6f508c43a4,torch-authoritative-observation-20260806,119,138,0,3.5747418188233189,0x1.c99123d1beaeep+1,0.016075319605364524,0x1.0760c6fe94153p-6,True,,-1,acceptance_predicate,validated,9.839246503946355e-05,6.077881520942759e-05
torch,455146df23940caa6f168877ffe6ec6f508c43a4,torch-authoritative-observation-20260806,120,139,0,3.5908171384286836,0x1.cb9fe55fbbd71p+1,0.017682851565900978,0x1.21b7414b3c7dcp-6,True,,-1,acceptance_predicate,validated,9.82317118434099e-05,5.433524785898769e-05
torch,455146df23940caa6f168877ffe6ec6f508c43a4,torch-authoritative-observation-20260806,121,140,0,3.6084999899945847,0x1.cde353e252501p+1,0.019451136722491078,0x1.3eaffb05f5bd9p-6,True,,-1,acceptance_predicate,validated,9.805488332775089e-05,4.7028380526052215e-05
torch,455146df23940caa6f168877ffe6ec6f508c43a4,torch-authoritative-observation-20260806,122,141,0,3.6279511267170759,0x1.d060b3d85e3b9p+1,0.021396250394740187,0x1.5e8e60ecf4b6fp-6,True,,-1,acceptance_predicate,validated,9.786037196052598e-05,3.896349348911768e-05
torch,455146df23940caa6f168877ffe6ec6f508c43a4,torch-authoritative-observation-20260806,123,142,0,3.6493473771118161,0x1.d31dd09a38250p+1,0.023535875434214207,0x1.819c9dd173961p-6,True,,-1,acceptance_predicate,validated,9.764640945657858e-05,2.968659520238499e-05
torch,455146df23940caa6f168877ffe6ec6f508c43a4,torch-authoritative-observation-20260806,124,143,0,3.6728832525460304,0x1.d62109d5db0c3p+1,0.025889462977635631,0x1.a82c473332585p-6,True,,-1,acceptance_predicate,validated,9.741105070223644e-05,1.92265243902465e-05
torch,455146df23940caa6f168877ffe6ec6f508c43a4,torch-authoritative-observation-20260806,125,144,0,3.698772715523666,0x1.d97162644170ep+1,0.028478409275399196,0x1.d2971b1eb7613p-6,True,,-1,acceptance_predicate,validated,9.715215607246008e-05,6.8886068248435e-06
torch,455146df23940caa6f168877ffe6ec6f508c43a4,torch-authoritative-observation-20260806,126,145,0,3.7272511247990652,0x1.dd16909a7edfap+1,0.031326250202939117,0x1.009fe884180f1p-5,False,Flowstar raw remainder compat residual not subset of target remainder,-1,acceptance_predicate,failed,9.686737197970609e-05,-7.958117685459557e-06
torch,455146df23940caa6f168877ffe6ec6f508c43a4,torch-authoritative-observation-20260806,126,146,1,3.7272511247990652,0x1.dd16909a7edfap+1,0.015663125101469558,0x1.009fe884180f1p-6,True,,-1,acceptance_predicate,validated,9.843368448985305e-05,7.238658417026882e-05
torch,455146df23940caa6f168877ffe6ec6f508c43a4,torch-authoritative-observation-20260806,127,147,0,3.7429142499005348,0x1.df17d06b870fcp+1,0.017229437611616515,0x1.1a497fc480dd6p-6,True,,-1,acceptance_predicate,validated,9.827705323883835e-05,6.851482110474557e-05
torch,455146df23940caa6f168877ffe6ec6f508c43a4,torch-authoritative-observation-20260806,128,148,0,3.7601436875121514,0x1.e14c636b10118p+1,0.018952381372778167,0x1.36840c8b5a8d2p-6,True,,-1,acceptance_predicate,validated,9.810475886272218e-05,6.400304001204442e-05
torch,455146df23940caa6f168877ffe6ec6f508c43a4,torch-authoritative-observation-20260806,129,149,0,3.7790960688849298,0x1.e3b96b8426c6ap+1,0.020847619510055985,0x1.559140ffb0681p-6,True,,-1,acceptance_predicate,validated,9.79152350489944e-05,5.820877129734694e-05
torch,455146df23940caa6f168877ffe6ec6f508c43a4,torch-authoritative-observation-20260806,130,150,0,3.7999436883949858,0x1.e6648e0626277p+1,0.022932381461061586,0x1.77b96119420c2p-6,True,,-1,acceptance_predicate,validated,9.770675885389384e-05,5.136760211368926e-05
torch,455146df23940caa6f168877ffe6ec6f508c43a4,torch-authoritative-observation-20260806,131,151,0,3.8228760698560476,0x1.e95400c858ab9p+1,0.025225619607167748,0x1.9d4beacefbda3p-6,True,,-1,acceptance_predicate,validated,9.747743503928323e-05,4.334377062175677e-05
torch,455146df23940caa6f168877ffe6ec6f508c43a4,torch-authoritative-observation-20260806,132,152,0,3.8481016894632152,0x1.ec8e989df6a34p+1,0.027748181567884524,0x1.c6a04f16e1d67p-6,True,,-1,acceptance_predicate,validated,9.722517884321155e-05,3.376875369732492e-05
torch,455146df23940caa6f168877ffe6ec6f508c43a4,torch-authoritative-observation-20260806,133,153,0,3.8758498710310998,0x1.f01bd93c2466fp+1,0.03052299972467298,0x1.f416bd65f86bfp-6,True,,-1,acceptance_predicate,validated,9.69476970275327e-05,2.2413026179687518e-05
torch,455146df23940caa6f168877ffe6ec6f508c43a4,torch-authoritative-observation-20260806,134,154,0,3.9063728707557726,0x1.f40406b6f057cp+1,0.033575299697140279,0x1.130c81c4e23b6p-5,True,,-1,acceptance_predicate,validated,9.664246703028597e-05,9.4730888649256e-06
torch,455146df23940caa6f168877ffe6ec6f508c43a4,torch-authoritative-observation-20260806,135,155,0,3.9399481704529129,0x1.f85038be03e0bp+1,0.036932829666854308,0x1.2e8dc1f22c0e2p-5,False,Flowstar raw remainder compat residual not subset of target remainder,-1,acceptance_predicate,failed,9.630671403331457e-05,-4.851536287430518e-06
torch,455146df23940caa6f168877ffe6ec6f508c43a4,torch-authoritative-observation-20260806,135,156,1,3.9399481704529129,0x1.f85038be03e0bp+1,0.018466414833427154,0x1.2e8dc1f22c0e2p-6,True,,-1,acceptance_predicate,validated,9.815335551665729e-05,7.465132104494229e-05
torch,455146df23940caa6f168877ffe6ec6f508c43a4,torch-authoritative-observation-20260806,136,157,0,3.9584145852863402,0x1.faad5441e838dp+1,0.02031305631676987,0x1.4ccf2223fd42cp-6,True,,-1,acceptance_predicate,validated,9.796869136832302e-05,7.099711470592153e-05
torch,455146df23940caa6f168877ffe6ec6f508c43a4,torch-authoritative-observation-20260806,137,158,0,3.9787276416031099,0x1.fd46f28630335p+1,0.022344361948446859,0x1.6e170bf463631p-6,True,,-1,acceptance_predicate,validated,9.776556080515532e-05,6.537237770780706e-05
torch,455146df23940caa6f168877ffe6ec6f508c43a4,torch-authoritative-observation-20260806,138,159,0,4.001072003551557,0x1.0011904f0c7d1p+2,0.024578798143291548,0x1.92b2f38cd3b9dp-6,True,,-1,acceptance_predicate,validated,9.754211718567084e-05,5.8416722099408166e-05
torch,455146df23940caa6f168877ffe6ec6f508c43a4,torch-authoritative-observation-20260806,139,160,0,4.0256508016948489,0x1.01a443429950dp+2,0.027036677957620703,0x1.baf80be7b5b2dp-6,True,,-1,acceptance_predicate,validated,9.729632920423794e-05,5.0009869058525015e-05
torch,455146df23940caa6f168877ffe6ec6f508c43a4,torch-authoritative-observation-20260806,140,161,0,4.0526874796524694,0x1.035f3b4e81068p+2,0.029740345753382778,0x1.e7440d187b119p-6,True,,-1,acceptance_predicate,validated,9.702596242466172e-05,4.000891452968658e-05
torch,455146df23940caa6f168877ffe6ec6f508c43a4,torch-authoritative-observation-20260806,141,162,0,4.0824278254058521,0x1.05467f5b99819p+2,0.032714380328721059,0x1.0bff0733dd49bp-5,True,,-1,acceptance_predicate,validated,9.67285589671279e-05,2.824586159273143e-05
torch,455146df23940caa6f168877ffe6ec6f508c43a4,torch-authoritative-observation-20260806,142,163,0,4.115142205734573,0x1.075e7d6a013c2p+2,0.035985818361593168,0x1.26cbbb1f736abp-5,True,,-1,acceptance_predicate,validated,9.640141516384068e-05,1.471240199822791e-05
torch,455146df23940caa6f168877ffe6ec6f508c43a4,torch-authoritative-observation-20260806,143,164,0,4.1511280240961659,0x1.09ac14e04022fp+2,0.039584400197752487,0x1.44468108fef56p-5,False,Flowstar raw remainder compat residual not subset of target remainder,-1,acceptance_predicate,failed,9.604155698022476e-05,-9.556202281229366e-07
torch,455146df23940caa6f168877ffe6ec6f508c43a4,torch-authoritative-observation-20260806,143,165,1,4.1511280240961659,0x1.09ac14e04022fp+2,0.019792200098876243,0x1.44468108fef56p-6,True,,-1,acceptance_predicate,validated,9.802077699011237e-05,7.296301780032306e-05
torch,455146df23940caa6f168877ffe6ec6f508c43a4,torch-authoritative-observation-20260806,144,166,0,4.1709202241950418,0x1.0af05b614921ep+2,0.021771420108763869,0x1.64b3f456b20dfp-6,True,,-1,acceptance_predicate,validated,9.782285498912362e-05,6.855553693896224e-05
torch,455146df23940caa6f168877ffe6ec6f508c43a4,torch-authoritative-observation-20260806,145,167,0,4.1926916443038058,0x1.0c550f559fd3fp+2,0.023948562119640259,0x1.885f8cc5c3dc3p-6,True,,-1,acceptance_predicate,validated,9.760514078803597e-05,6.326056961905253e-05
torch,455146df23940caa6f168877ffe6ec6f508c43a4,torch-authoritative-observation-20260806,146,168,0,4.2166402064234463,0x1.0ddd6ee26597dp+2,0.026343418331604286,0x1.af9c4e0cbdd8ap-6,True,,-1,acceptance_predicate,validated,9.736565516683958e-05,5.6908637805545525e-05
torch,455146df23940caa6f168877ffe6ec6f508c43a4,torch-authoritative-observation-20260806,147,169,0,4.242983624755051,0x1.0f8d0b307255bp+2,0.028977760164764717,0x1.dac5890e0407fp-6,True,,-1,acceptance_predicate,validated,9.710222098352353e-05,4.925932048908342e-05
torch,455146df23940caa6f168877ffe6ec6f508c43a4,torch-authoritative-observation-20260806,148,170,0,4.2719613849198153,0x1.1167d0b98059bp+2,0.031875536181241192,0x1.051fd82e1bd13p-5,True,,-1,acceptance_predicate,validated,9.681244338187589e-05,3.949845519076729e-05
torch,455146df23940caa6f168877ffe6ec6f508c43a4,torch-authoritative-observation-20260806,149,171,0,4.3038369211010563,0x1.13721069dc915p+2,0.035063089799365316,0x1.1f3ca0ff84ffcp-5,True,,-1,acceptance_predicate,validated,9.649368802006347e-05,2.7214976157179625e-05
torch,455146df23940caa6f168877ffe6ec6f508c43a4,torch-authoritative-observation-20260806,150,172,0,4.3389000109004217,0x1.15b089abdb9b5p+2,0.03856939877930185,0x1.3bf5e44c457fcp-5,True,,-1,acceptance_predicate,validated,9.614305712206981e-05,1.1662791374438905e-05
torch,455146df23940caa6f168877ffe6ec6f508c43a4,torch-authoritative-observation-20260806,151,173,0,4.3774694096797235,0x1.1828757474265p+2,0.042426338657232041,0x1.5b8e7b20b2d96p-5,False,Flowstar raw remainder compat residual not subset of target remainder,-1,acceptance_predicate,failed,9.57573631342768e-05,-8.299798111017375e-06
torch,455146df23940caa6f168877ffe6ec6f508c43a4,torch-authoritative-observation-20260806,151,174,1,4.3774694096797235,0x1.1828757474265p+2,0.02121316932861602,0x1.5b8e7b20b2d96p-6,True,,-1,acceptance_predicate,validated,9.78786800671384e-05,7.058883659429581e-05
torch,455146df23940caa6f168877ffe6ec6f508c43a4,torch-authoritative-observation-20260806,152,175,0,4.3986825790083399,0x1.198403ef94d93p+2,0.023334486261477626,0x1.7e4fedd72b226p-6,True,,-1,acceptance_predicate,validated,9.766654837385224e-05,6.55025663861934e-05
torch,455146df23940caa6f168877ffe6ec6f508c43a4,torch-authoritative-observation-20260806,153,176,0,4.4220170652698174,0x1.1b0253dd6c045p+2,0.02566793488762539,0x1.a48b1f397c3f7p-6,True,,-1,acceptance_predicate,validated,9.743320351123746e-05,5.923234708657731e-05
torch,455146df23940caa6f168877ffe6ec6f508c43a4,torch-authoritative-observation-20260806,154,177,0,4.4476850001574428,0x1.1ca6defca5809p+2,0.028234728376387932,0x1.ce9908bf3bdf7p-6,True,,-1,acceptance_predicate,validated,9.717652416236121e-05,5.142019841960602e-05
torch,455146df23940caa6f168877ffe6ec6f508c43a4,torch-authoritative-observation-20260806,155,178,0,4.4759197285338308,0x1.1e75780564bc7p+2,0.031058201214026727,0x1.fcdb899f2842ap-6,True,,-1,acceptance_predicate,validated,9.689417687859732e-05,4.157742737067891e-05
torch,455146df23940caa6f168877ffe6ec6f508c43a4,torch-authoritative-observation-20260806,156,179,0,4.5069779297478574,0x1.2072538f03e4bp+2,0.034164021335429402,0x1.17df254abc8b1p-5,True,,-1,acceptance_predicate,validated,9.658359486645706e-05,2.903042185977831e-05
torch,455146df23940caa6f168877ffe6ec6f508c43a4,torch-authoritative-observation-20260806,157,180,0,4.5411419510832864,0x1.22a211d9995dcp+2,0.037580423468972349,0x1.33dbdc389c32ap-5,True,,-1,acceptance_predicate,validated,9.624195465310277e-05,1.2843603124445567e-05
torch,455146df23940caa6f168877ffe6ec6f508c43a4,torch-authoritative-observation-20260806,158,181,0,4.5787223745522585,0x1.2509c9920a962p+2,0.041338465815869585,0x1.52a50bd7df048p-5,False,Flowstar raw remainder compat residual not subset of target remainder,-1,acceptance_predicate,failed,9.586615041841304e-05,-8.597575059213084e-06
torch,455146df23940caa6f168877ffe6ec6f508c43a4,torch-authoritative-observation-20260806,158,182,1,4.5787223745522585,0x1.2509c9920a962p+2,0.020669232907934793,0x1.52a50bd7df048p-6,True,,-1,acceptance_predicate,validated,9.793307370920653e-05,7.067974608031258e-05
torch,455146df23940caa6f168877ffe6ec6f508c43a4,torch-authoritative-observation-20260806,159,183,0,4.599391607460193,0x1.265c6e9de2752p+2,0.022736156198728274,0x1.748259d3dbb83p-6,True,,-1,acceptance_predicate,validated,9.772638138012718e-05,6.539186625731906e-05
torch,455146df23940caa6f168877ffe6ec6f508c43a4,torch-authoritative-observation-20260806,160,184,0,4.6221277636589218,0x1.27d0f0f7b650ep+2,0.025009771818601104,0x1.99c29602a4e44p-6,True,,-1,acceptance_predicate,validated,9.74990198181399e-05,5.879405133353663e-05
torch,455146df23940caa6f168877ffe6ec6f508c43a4,torch-authoritative-observation-20260806,161,185,0,4.6471375354775226,0x1.296ab38db8f5cp+2,0.027510749000461215,0x1.c2bc71cfb5618p-6,True,,-1,acceptance_predicate,validated,9.724892209995388e-05,5.047113206769944e-05
torch,455146df23940caa6f168877ffe6ec6f508c43a4,torch-authoritative-observation-20260806,162,186,0,4.6746482844779838,0x1.2b2d6fff88ab2p+2,0.030261823900507339,0x1.efcf49fe1451bp-6,True,,-1,acceptance_predicate,validated,9.697381460994927e-05,3.983722648736004e-05
torch,455146df23940caa6f168877ffe6ec6f508c43a4,torch-authoritative-observation-20260806,163,187,0,4.704910108378491,0x1.2d1d3f4986bf7p+2,0.033288006290558073,0x1.10b2024bbe602p-5,True,,-1,acceptance_predicate,validated,9.66711963709442e-05,2.60697659917348e-05
torch,455146df23940caa6f168877ffe6ec6f508c43a4,torch-authoritative-observation-20260806,164,188,0,4.7381981146690491,0x1.2f3ea34e1e3c3p+2,0.03661680691961388,0x1.2bf70286849cfp-5,True,,-1,acceptance_predicate,validated,9.633831630803861e-05,8.058292550874906e-06
torch,455146df23940caa6f168877ffe6ec6f508c43a4,torch-authoritative-observation-20260806,165,189,0,4.7748149215886633,0x1.319691532b457p+2,0.040278487611575271,0x1.49f61c60c5131p-5,False,Flowstar raw remainder compat residual not subset of target remainder,-1,acceptance_predicate,failed,9.597214823884247e-05,-1.57541714025902e-05
torch,455146df23940caa6f168877ffe6ec6f508c43a4,torch-authoritative-observation-20260806,165,190,1,4.7748149215886633,0x1.319691532b457p+2,0.020139243805787636,0x1.49f61c60c5131p-6,True,,-1,acceptance_predicate,validated,9.798607261942124e-05,6.960799207641992e-05
torch,455146df23940caa6f168877ffe6ec6f508c43a4,torch-authoritative-observation-20260806,166,191,0,4.7949541653944507,0x1.32e0876f8c0a8p+2,0.022153168186366402,0x1.6af51f373f2eap-6,True,,-1,acceptance_predicate,validated,9.778468018136337e-05,6.381945460653825e-05
torch,455146df23940caa6f168877ffe6ec6f508c43a4,torch-authoritative-observation-20260806,167,192,0,4.8171073335808172,0x1.344b7c8ec349bp+2,0.024368485005003045,0x1.8f40d589924cfp-6,True,,-1,acceptance_predicate,validated,9.75631484994997e-05,5.6531566984362026e-05
torch,455146df23940caa6f168877ffe6ec6f508c43a4,torch-authoritative-observation-20260806,168,193,0,4.8414758185858204,0x1.35dabd644cdc0p+2,0.026805333505503352,0x1.b72db7b0edbb1p-6,True,,-1,acceptance_predicate,validated,9.731946364944967e-05,4.7257848429502874e-05
torch,455146df23940caa6f168877ffe6ec6f508c43a4,torch-authoritative-observation-20260806,169,194,0,4.8682811520913241,0x1.3791eb1bfdc9cp+2,0.029485866856053689,0x1.e318b075d24ddp-6,True,,-1,acceptance_predicate,validated,9.705141031439463e-05,3.532912338444951e-05
torch,455146df23940caa6f168877ffe6ec6f508c43a4,torch-authoritative-observation-20260806,170,195,0,4.8977670189473779,0x1.397503cc739c1p+2,0.03243445354165906,0x1.09b3faa733aadp-5,True,,-1,acceptance_predicate,validated,9.67565516458341e-05,1.981600648454691e-05
torch,455146df23940caa6f168877ffe6ec6f508c43a4,torch-authoritative-observation-20260806,171,196,0,4.9302014724890366,0x1.3b886bc1c2036p+2,0.035677898895824969,0x1.2445fa1e526f2p-5,False,Flowstar raw remainder compat residual not subset of target remainder,-1,acceptance_predicate,failed,9.643220711041751e-05,-5.848576236771057e-07
torch,455146df23940caa6f168877ffe6ec6f508c43a4,torch-authoritative-observation-20260806,171,197,1,4.9302014724890366,0x1.3b886bc1c2036p+2,0.017838949447912485,0x1.2445fa1e526f2p-6,True,,-1,acceptance_predicate,validated,9.821610205520875e-05,7.294605820099727e-05
torch,455146df23940caa6f168877ffe6ec6f508c43a4,torch-authoritative-observation-20260806,172,198,0,4.9480404219369492,0x1.3cacb1bbe055dp+2,0.019622844392703735,0x1.41802cbaf4471p-6,True,,-1,acceptance_predicate,validated,9.803771256072963e-05,6.78044360399632e-05
torch,455146df23940caa6f168877ffe6ec6f508c43a4,torch-authoritative-observation-20260806,173,199,0,4.9676632663296525,0x1.3dee31e89b4a1p+2,0.02158512883197411,0x1.61a6979a731b0p-6,True,,-1,acceptance_predicate,validated,9.78414841168026e-05,6.135129401146726e-05
torch,455146df23940caa6f168877ffe6ec6f508c43a4,torch-authoritative-observation-20260806,174,200,0,4.9892483951616269,0x1.3f4fd88035bd3p+2,0.023743641715171522,0x1.85040d29e5042p-6,True,,-1,acceptance_predicate,validated,9.762563282848285e-05,5.316990442710144e-05
torch,455146df23940caa6f168877ffe6ec6f508c43a4,torch-authoritative-observation-20260806,175,201,0,5.0129920368767982,0x1.40d4dc8d5fa23p+2,0.026118005886688677,0x1.abeadb47af1e3p-6,True,,-1,acceptance_predicate,validated,9.738819641133114e-05,4.268951505783962e-05
torch,455146df23940caa6f168877ffe6ec6f508c43a4,torch-authoritative-observation-20260806,176,202,0,5.039110042763487,0x1.4280c768a7515p+2,0.028729806475357549,0x1.d6b58aceda3aep-6,True,,-1,acceptance_predicate,validated,9.712701635246424e-05,2.912085757577025e-05
torch,455146df23940caa6f168877ffe6ec6f508c43a4,torch-authoritative-observation-20260806,177,203,0,5.0678398492388448,0x1.44577cf3762b9p+2,0.031602787122893307,0x1.02e3d924f806dp-5,True,,-1,acceptance_predicate,validated,9.683971828771067e-05,1.136153314251805e-05
torch,455146df23940caa6f168877ffe6ec6f508c43a4,torch-authoritative-observation-20260806,178,204,0,5.0994426363617382,0x1.465d44a5c01bap+2,0.034763065835182641,0x1.1cc76edbdda12p-5,False,Flowstar raw remainder compat residual not subset of target remainder,-1,acceptance_predicate,failed,9.652369041648174e-05,-1.2144847514160859e-05
torch,455146df23940caa6f168877ffe6ec6f508c43a4,torch-authoritative-observation-20260806,178,205,1,5.0994426363617382,0x1.465d44a5c01bap+2,0.017381532917591321,0x1.1cc76edbdda12p-6,True,,-1,acceptance_predicate,validated,9.826184370824087e-05,7.069067859799094e-05
torch,455146df23940caa6f168877ffe6ec6f508c43a4,torch-authoritative-observation-20260806,179,206,0,5.1168241692793295,0x1.477a0c149bf94p+2,0.019119686209350454,0x1.3941c6bea6fe1p-6,True,,-1,acceptance_predicate,validated,9.808802837906495e-05,6.479083887189708e-05
torch,455146df23940caa6f168877ffe6ec6f508c43a4,torch-authoritative-observation-20260806,180,207,0,5.13594385548868,0x1.48b34ddb5aa04p+2,0.0210316548302855,0x1.5895276b514abp-6,True,,-1,acceptance_predicate,validated,9.789683151697145e-05,5.732971236049908e-05
torch,455146df23940caa6f168877ffe6ec6f508c43a4,torch-authoritative-observation-20260806,181,208,0,5.1569755103189658,0x1.4a0be302c5f19p+2,0.023134820313314052,0x1.7b0a78293fd23p-6,True,,-1,acceptance_predicate,validated,9.768651496866859e-05,4.780116022891081e-05
torch,455146df23940caa6f168877ffe6ec6f508c43a4,torch-authoritative-observation-20260806,182,209,0,5.1801103306322798,0x1.4b86ed7aef316p+2,0.025448302344645461,0x1.a0f1ea93c6341p-6,True,,-1,acceptance_predicate,validated,9.745516676553546e-05,3.5508881137811586e-05
torch,455146df23940caa6f168877ffe6ec6f508c43a4,torch-authoritative-observation-20260806,183,210,0,5.205558632976925,0x1.4d27df6582f79p+2,0.02799313257911001,0x1.caa3b53c26d2fp-6,True,,-1,acceptance_predicate,validated,9.720068374208901e-05,1.9485507090398813e-05
torch,455146df23940caa6f168877ffe6ec6f508c43a4,torch-authoritative-observation-20260806,184,211,0,5.2335517655560349,0x1.4ef2831abf1e6p+2,0.030792445837021013,0x1.f880e0f55de81p-6,False,Flowstar raw remainder compat residual not subset of target remainder,-1,acceptance_predicate,failed,9.69207524162979e-05,-1.6270744187604639e-06
torch,455146df23940caa6f168877ffe6ec6f508c43a4,torch-authoritative-observation-20260806,184,212,1,5.2335517655560349,0x1.4ef2831abf1e6p+2,0.015396222918510507,0x1.f880e0f55de81p-7,True,,-1,acceptance_predicate,validated,9.846037470814895e-05,7.303460239221793e-05
torch,455146df23940caa6f168877ffe6ec6f508c43a4,torch-authoritative-observation-20260806,185,213,0,5.2489479884745451,0x1.4feec38b39cd5p+2,0.016935845210361559,0x1.157a1553c072ep-6,True,,-1,acceptance_predicate,validated,9.830641247896384e-05,6.757866452675361e-05
torch,455146df23940caa6f168877ffe6ec6f508c43a4,torch-authoritative-observation-20260806,186,214,0,5.2658838336849065,0x1.51043da08d8dcp+2,0.018629429731397716,0x1.31397ddc207e6p-6,True,,-1,acceptance_predicate,validated,9.813705402686023e-05,6.069789332205705e-05
torch,455146df23940caa6f168877ffe6ec6f508c43a4,torch-authoritative-observation-20260806,187,215,0,5.2845132634163043,0x1.5235771e69ae4p+2,0.020492372704537489,0x1.4fbf3da556f17p-6,True,,-1,acceptance_predicate,validated,9.795075972954625e-05,5.1940710598444976e-05
torch,455146df23940caa6f168877ffe6ec6f508c43a4,torch-authoritative-observation-20260806,188,216,0,5.3050056361208417,0x1.5385365c0f053p+2,0.022541609974991241,0x1.71525d6912d67p-6,True,,-1,acceptance_predicate,validated,9.774583600250088e-05,4.069008260510541e-05
torch,455146df23940caa6f168877ffe6ec6f508c43a4,torch-authoritative-observation-20260806,189,217,0,5.3275472460958326,0x1.54f688b978180p+2,0.024795770972490368,0x1.96410059fb1f2p-6,True,,-1,acceptance_predicate,validated,9.752041990275097e-05,2.6095051984284268e-05
torch,455146df23940caa6f168877ffe6ec6f508c43a4,torch-authoritative-observation-20260806,190,218,0,5.3523430170683231,0x1.568cc9b9d2132p+2,0.027275348069739407,0x1.bee119fc943bep-6,True,,-1,acceptance_predicate,validated,9.727246219302607e-05,6.970618681446903e-06
torch,455146df23940caa6f168877ffe6ec6f508c43a4,torch-authoritative-observation-20260806,191,219,0,5.3796183651380627,0x1.584baad3cea76p+2,0.030002882876713349,0x1.eb91362f6fdb8p-6,False,Flowstar raw remainder compat residual not subset of target remainder,-1,acceptance_predicate,failed,9.699970871232866e-05,-1.8350150511727538e-05
torch,455146df23940caa6f168877ffe6ec6f508c43a4,torch-authoritative-observation-20260806,191,220,1,5.3796183651380627,0x1.584baad3cea76p+2,0.015001441438356675,0x1.eb91362f6fdb8p-7,True,,-1,acceptance_predicate,validated,9.849985285616433e-05,6.944931560740792e-05
torch,455146df23940caa6f168877ffe6ec6f508c43a4,torch-authoritative-observation-20260806,192,221,0,5.3946198065764195,0x1.5941736ee65f5p+2,0.016501585582192342,0x1.0e5caa9a171f2p-6,True,,-1,acceptance_predicate,validated,9.834983844178077e-05,6.292468903876212e-05
torch,455146df23940caa6f168877ffe6ec6f508c43a4,torch-authoritative-observation-20260806,193,222,0,5.4111213921586119,0x1.5a4fd01980767p+2,0.018151744140411579,0x1.2965eedcb308bp-6,True,,-1,acceptance_predicate,validated,9.818482258595884e-05,5.4646433985454234e-05
torch,455146df23940caa6f168877ffe6ec6f508c43a4,torch-authoritative-observation-20260806,194,223,0,5.4292731362990239,0x1.5b7936085d298p+2,0.019966918554452737,0x1.4723538c5e899p-6,True,,-1,acceptance_predicate,validated,9.800330514455473e-05,4.405320861937642e-05
torch,455146df23940caa6f168877ffe6ec6f508c43a4,torch-authoritative-observation-20260806,195,224,0,5.449240054853477,0x1.5cc0595be9881p+2,0.021963610409898013,0x1.67da0f1a67fdcp-6,True,,-1,acceptance_predicate,validated,9.78036359590102e-05,3.0378181875973943e-05
torch,455146df23940caa6f168877ffe6ec6f508c43a4,torch-authoritative-observation-20260806,196,225,0,5.4712036652633751,0x1.5e28336b03f01p+2,0.024159971450887816,0x1.8bd643d03f30cp-6,True,,-1,acceptance_predicate,validated,9.758399985491122e-05,1.256513268814934e-05
torch,455146df23940caa6f168877ffe6ec6f508c43a4,torch-authoritative-observation-20260806,197,226,0,5.4953636367142629,0x1.5fb409aed42f4p+2,0.0265759685959766,0x1.b36bb0feabe8ep-6,False,Flowstar raw remainder compat residual not subset of target remainder,-1,acceptance_predicate,failed,9.734240014040234e-05,-1.085276328607036e-05
torch,455146df23940caa6f168877ffe6ec6f508c43a4,torch-authoritative-observation-20260806,197,227,1,5.4953636367142629,0x1.5fb409aed42f4p+2,0.0132879842979883,0x1.b36bb0feabe8ep-7,True,,-1,acceptance_predicate,validated,9.867119857020118e-05,7.116022812420566e-05
torch,455146df23940caa6f168877ffe6ec6f508c43a4,torch-authoritative-observation-20260806,198,228,0,5.5086516210122509,0x1.608dbf8753853p+2,0.014616782727787131,0x1.def675e4f04d0p-7,True,,-1,acceptance_predicate,validated,9.853831872722129e-05,6.499257612535005e-05
torch,455146df23940caa6f168877ffe6ec6f508c43a4,torch-authoritative-observation-20260806,199,229,0,5.5232684037400377,0x1.617d3ac245fd5p+2,0.016078461000565845,0x1.076df40ab75d9p-6,True,,-1,acceptance_predicate,validated,9.839215089994342e-05,5.719975343153572e-05
torch,455146df23940caa6f168877ffe6ec6f508c43a4,torch-authoritative-observation-20260806,200,230,0,5.5393468647406037,0x1.6284a8b650b4bp+2,0.017686307100622432,0x1.21c5bfa5634d6p-6,True,,-1,acceptance_predicate,validated,9.823136628993775e-05,4.727879642763965e-05
torch,455146df23940caa6f168877ffe6ec6f508c43a4,torch-authoritative-observation-20260806,201,231,0,5.5570331718412262,0x1.63a66e75f6180p+2,0.019454937810684678,0x1.3ebfec69206ecp-6,True,,-1,acceptance_predicate,validated,9.805450321893154e-05,3.454960395244777e-05
torch,455146df23940caa6f168877ffe6ec6f508c43a4,torch-authoritative-observation-20260806,202,232,0,5.576488109651911,0x1.64e52e625f387p+2,0.021400431591753147,0x1.5e9fea73a3ad1p-6,True,,-1,acceptance_predicate,validated,9.785995384082468e-05,1.8084519874010565e-05
torch,455146df23940caa6f168877ffe6ec6f508c43a4,torch-authoritative-observation-20260806,203,233,0,5.5978885412436643,0x1.6643ce4cd2dc2p+2,0.023540474750928464,0x1.81afe84c00d80p-6,False,Flowstar raw remainder compat residual not subset of target remainder,-1,acceptance_predicate,failed,9.764594952490715e-05,-3.380683106589806e-06
torch,455146df23940caa6f168877ffe6ec6f508c43a4,torch-authoritative-observation-20260806,203,234,1,5.5978885412436643,0x1.6643ce4cd2dc2p+2,0.011770237375464232,0x1.81afe84c00d80p-7,True,,-1,acceptance_predicate,validated,9.882297326245358e-05,7.291748651855585e-05
torch,455146df23940caa6f168877ffe6ec6f508c43a4,torch-authoritative-observation-20260806,204,235,0,5.6096587786191288,0x1.6704a640f8dc9p+2,0.012947261113010656,0x1.a8417f86cdba7p-7,True,,-1,acceptance_predicate,validated,9.870527088869893e-05,6.715013657197203e-05
torch,455146df23940caa6f168877ffe6ec6f508c43a4,torch-authoritative-observation-20260806,205,236,0,5.6226060397321396,0x1.67d8c700bc437p+2,0.014241987224311723,0x1.d2ae72ade24d2p-7,True,,-1,acceptance_predicate,validated,9.857579827756883e-05,5.990161985209524e-05
torch,455146df23940caa6f168877ffe6ec6f508c43a4,torch-authoritative-observation-20260806,206,237,0,5.6368480269564509,0x1.68c21e3a13349p+2,0.015666185946742895,0x1.00acbf12d610dp-6,True,,-1,acceptance_predicate,validated,9.843337840532571e-05,5.073233460379116e-05
torch,455146df23940caa6f168877ffe6ec6f508c43a4,torch-authoritative-observation-20260806,207,238,0,5.6525142129031938,0x1.69c2caf9260aap+2,0.017232804541417186,0x1.1a579efb1eac2p-6,True,,-1,acceptance_predicate,validated,9.827671654585828e-05,3.905719408179315e-05
torch,455146df23940caa6f168877ffe6ec6f508c43a4,torch-authoritative-observation-20260806,208,239,0,5.6697470174446112,0x1.6add229821295p+2,0.018956084995558908,0x1.369395476e8a3p-6,True,,-1,acceptance_predicate,validated,9.810438850044412e-05,2.4092877513174387e-05
torch,455146df23940caa6f168877ffe6ec6f508c43a4,torch-authoritative-observation-20260806,209,240,0,5.6887031024401704,0x1.6c13b62d6897ep+2,0.020851693495114801,0x1.55a257682ccb4p-6,True,,-1,acceptance_predicate,validated,9.791482765048852e-05,4.787526788454987e-06
torch,455146df23940caa6f168877ffe6ec6f508c43a4,torch-authoritative-observation-20260806,210,241,0,5.7095547959352855,0x1.6d695884d0c4bp+2,0.022936862844626284,0x1.77cc2cf297ac7p-6,False,Flowstar raw remainder compat residual not subset of target remainder,-1,acceptance_predicate,failed,9.770631071553737e-05,-2.0276714195283405e-05
torch,455146df23940caa6f168877ffe6ec6f508c43a4,torch-authoritative-observation-20260806,210,242,1,5.7095547959352855,0x1.6d695884d0c4bp+2,0.011468431422313142,0x1.77cc2cf297ac7p-7,True,,-1,acceptance_predicate,validated,9.885315385776869e-05,6.848025482996043e-05
torch,455146df23940caa6f168877ffe6ec6f508c43a4,torch-authoritative-observation-20260806,211,243,0,5.7210232273575983,0x1.6e253e9b4a108p+2,0.012615274564544457,0x1.9d6097d7a6d75p-7,True,,-1,acceptance_predicate,validated,9.873846954354555e-05,6.17556394383702e-05
torch,455146df23940caa6f168877ffe6ec6f508c43a4,torch-authoritative-observation-20260806,212,244,0,5.733638501922143,0x1.6ef3eee735e3fp+2,0.013876802020998905,0x1.c6b70d6d37868p-7,True,,-1,acceptance_predicate,validated,9.861231679790011e-05,5.334835551120436e-05
torch,455146df23940caa6f168877ffe6ec6f508c43a4,torch-authoritative-observation-20260806,213,245,0,5.7475153039431417,0x1.6fd74a6dec7fbp+2,0.015264482223098796,0x1.f42fc1f8237a6p-7,True,,-1,acceptance_predicate,validated,9.847354877769012e-05,4.277916581922281e-05
torch,455146df23940caa6f168877ffe6ec6f508c43a4,torch-authoritative-observation-20260806,214,246,0,5.7627797861662406,0x1.70d1624ee8917p+2,0.016790930445408678,0x1.131a444879e9cp-6,True,,-1,acceptance_predicate,validated,9.832090395545913e-05,2.9414279323365707e-05
torch,455146df23940caa6f168877ffe6ec6f508c43a4,torch-authoritative-observation-20260806,215,247,0,5.7795707166116497,0x1.71e47c93310b6p+2,0.018470023489949548,0x1.2e9ce4b61fb46p-6,True,,-1,acceptance_predicate,validated,9.815299465100505e-05,1.2357252639408163e-05
torch,455146df23940caa6f168877ffe6ec6f508c43a4,torch-authoritative-observation-20260806,216,248,0,5.798040740101599,0x1.73131977e72b1p+2,0.020317025838944503,0x1.4cdfc861efacdp-6,False,Flowstar raw remainder compat residual not subset of target remainder,-1,acceptance_predicate,failed,9.796829441610556e-05,-9.750869881603686e-06
torch,455146df23940caa6f168877ffe6ec6f508c43a4,torch-authoritative-observation-20260806,216,249,1,5.798040740101599,0x1.73131977e72b1p+2,0.010158512919472252,0x1.4cdfc861efacdp-7,True,,-1,acceptance_predicate,validated,9.898414570805277e-05,6.984809387554604e-05
torch,455146df23940caa6f168877ffe6ec6f508c43a4,torch-authoritative-observation-20260806,217,250,0,5.8081992530210709,0x1.73b9895c1822ep+2,0.011174364211419478,0x1.6e295c6bbad7cp-7,True,,-1,acceptance_predicate,validated,9.888256057885805e-05,6.343958657666109e-05
torch,455146df23940caa6f168877ffe6ec6f508c43a4,torch-authoritative-observation-20260806,218,251,0,5.8193736172324906,0x1.74709e0a4e005p+2,0.012291800632561427,0x1.92c718dce7209p-7,True,,-1,acceptance_predicate,validated,9.877081693674386e-05,5.5361722542672084e-05
torch,455146df23940caa6f168877ffe6ec6f508c43a4,torch-authoritative-observation-20260806,219,252,0,5.831665417865052,0x1.753a0196bc73ep+2,0.01352098069581757,0x1.bb0e34f2fe3d7p-7,True,,-1,acceptance_predicate,validated,9.864789893041824e-05,4.51843253787946e-05
torch,455146df23940caa6f168877ffe6ec6f508c43a4,torch-authoritative-observation-20260806,220,253,0,5.8451863985608696,0x1.761788b135f30p+2,0.014873078765399329,0x1.e75c6d71b143ap-7,True,,-1,acceptance_predicate,validated,9.851268912346007e-05,3.2227021046789625e-05
torch,455146df23940caa6f168877ffe6ec6f508c43a4,torch-authoritative-observation-20260806,221,254,0,5.8600594773262689,0x1.770b36e7eecbap+2,0.016360386641939263,0x1.0c0c6f64ee4bap-6,True,,-1,acceptance_predicate,validated,9.836395833580608e-05,1.5636420309424266e-05
torch,455146df23940caa6f168877ffe6ec6f508c43a4,torch-authoritative-observation-20260806,222,255,0,5.8764198639682084,0x1.7817435753b9fp+2,0.017996425306133192,0x1.26da7a889fb9ap-6,False,Flowstar raw remainder compat residual not subset of target remainder,-1,acceptance_predicate,failed,9.820035446938668e-05,-5.789673725823443e-06
torch,455146df23940caa6f168877ffe6ec6f508c43a4,torch-authoritative-observation-20260806,222,256,1,5.8764198639682084,0x1.7817435753b9fp+2,0.0089982126530665958,0x1.26da7a889fb9ap-7,True,,-1,acceptance_predicate,validated,9.910017573469334e-05,7.156456172562231e-05
torch,455146df23940caa6f168877ffe6ec6f508c43a4,torch-authoritative-observation-20260806,223,257,0,5.8854180766212751,0x1.78aab0949809dp+2,0.0098980339183732564,0x1.4456b9fcafb2ap-7,True,,-1,acceptance_predicate,validated,9.901019360816268e-05,6.547174997085066e-05
torch,455146df23940caa6f168877ffe6ec6f508c43a4,torch-authoritative-observation-20260806,224,258,0,5.8953161105396488,0x1.794cdbf19661bp+2,0.010887837310210584,0x1.64c5cc95f477cp-7,True,,-1,acceptance_predicate,validated,9.891121326897895e-05,5.787305888306016e-05
torch,455146df23940caa6f168877ffe6ec6f508c43a4,torch-authoritative-observation-20260806,225,259,0,5.9062039478498596,0x1.79ff3ed7e15bfp+2,0.011976621041231643,0x1.88732dd82683cp-7,True,,-1,acceptance_predicate,validated,9.880233489587684e-05,4.834384782947016e-05
torch,455146df23940caa6f168877ffe6ec6f508c43a4,torch-authoritative-observation-20260806,226,260,0,5.9181805688910911,0x1.7ac3786ecd6f3p+2,0.013174283145354808,0x1.afb1e5a0f72a9p-7,True,,-1,acceptance_predicate,validated,9.868256868546452e-05,3.6321776524058454e-05
torch,455146df23940caa6f168877ffe6ec6f508c43a4,torch-authoritative-observation-20260806,227,261,0,5.9313548520364456,0x1.7b9b51619deacp+2,0.01449171145989029,0x1.dadd496443154p-7,True,,-1,acceptance_predicate,validated,9.855082585401097e-05,1.9330256718016575e-05
torch,455146df23940caa6f168877ffe6ec6f508c43a4,torch-authoritative-observation-20260806,228,262,0,5.9458465634963362,0x1.7c88c006500c5p+2,0.015940882605879319,0x1.052ce85d8b4bbp-6,False,Flowstar raw remainder compat residual not subset of target remainder,-1,acceptance_predicate,failed,9.840590873941207e-05,-4.866673701511669e-06
torch,455146df23940caa6f168877ffe6ec6f508c43a4,torch-authoritative-observation-20260806,228,263,1,5.9458465634963362,0x1.7c88c006500c5p+2,0.0079704413029396595,0x1.052ce85d8b4bbp-7,True,,-1,acceptance_predicate,validated,9.920295286970603e-05,7.362161475955292e-05
torch,455146df23940caa6f168877ffe6ec6f508c43a4,torch-authoritative-observation-20260806,229,264,0,5.9538170047992756,0x1.7d0b567a7ed1fp+2,0.0087674854332336263,0x1.1f4aff9a1939bp-7,True,,-1,acceptance_predicate,validated,9.912324845667664e-05,6.770175822610768e-05
torch,455146df23940caa6f168877ffe6ec6f508c43a4,torch-authoritative-observation-20260806,230,265,0,5.9625844902325094,0x1.7d9afbfa4bde9p+2,0.0096442339765569901,0x1.3c05b2c31bbf8p-7,True,,-1,acceptance_predicate,validated,9.903557360234431e-05,5.970925003140894e-05
torch,455146df23940caa6f168877ffe6ec6f508c43a4,torch-authoritative-observation-20260806,231,266,0,5.9722287242090664,0x1.7e38fed3ad6c7p+2,0.010608657374212689,0x1.5b9fde3d04ec4p-7,True,,-1,acceptance_predicate,validated,9.893913126257874e-05,4.9422179663550505e-05
torch,455146df23940caa6f168877ffe6ec6f508c43a4,torch-authoritative-observation-20260806,232,267,0,5.9828373815832787,0x1.7ee6cec2cbeeep+2,0.011669523111633958,0x1.7e630e0febd0bp-7,True,,-1,acceptance_predicate,validated,9.883304468883661e-05,3.611834416347319e-05
torch,455146df23940caa6f168877ffe6ec6f508c43a4,torch-authoritative-observation-20260806,233,268,0,5.9945069046949131,0x1.7fa60049d3e4dp+2,0.012836475422797354,0x1.a4a0291183659p-7,True,,-1,acceptance_predicate,validated,9.871634945772027e-05,1.8839951230505958e-05
torch,455146df23940caa6f168877ffe6ec6f508c43a4,torch-authoritative-observation-20260806,234,269,0,6.0073433801177103,0x1.8078505e5ca68p+2,0.014120122965077092,0x1.ceb02d2cdd563p-7,False,Flowstar raw remainder compat residual not subset of target remainder,-1,acceptance_predicate,failed,9.85879847034923e-05,-3.6696645897552662e-06
torch,455146df23940caa6f168877ffe6ec6f508c43a4,torch-authoritative-observation-20260806,234,270,1,6.0073433801177103,0x1.8078505e5ca68p+2,0.0070600614825385459,0x1.ceb02d2cdd563p-8,True,,-1,acceptance_predicate,validated,9.929399085174615e-05,7.433640880711247e-05
torch,455146df23940caa6f168877ffe6ec6f508c43a4,torch-authoritative-observation-20260806,235,271,0,6.0144034416002485,0x1.80ebfc69a7dddp+2,0.0077660676307924007,0x1.fcf4fe7e26abap-8,True,,-1,acceptance_predicate,validated,9.922339023692076e-05,6.84234762407879e-05
torch,455146df23940caa6f168877ffe6ec6f508c43a4,torch-authoritative-observation-20260806,236,272,0,6.0221695092310412,0x1.816b39a947678p+2,0.008542674393871642,0x1.17ed25922ede7p-7,True,,-1,acceptance_predicate,validated,9.914572956061284e-05,6.0962391648612924e-05
torch,455146df23940caa6f168877ffe6ec6f508c43a4,torch-authoritative-observation-20260806,237,273,0,6.0307121836249129,0x1.81f7303c107efp+2,0.0093969418332588064,0x1.33eb42ed99f4bp-7,True,,-1,acceptance_predicate,validated,9.906030281667412e-05,5.1505777498823545e-05
torch,455146df23940caa6f168877ffe6ec6f508c43a4,torch-authoritative-observation-20260806,238,274,0,6.040109125458172,0x1.829125dd874bfp+2,0.010336636016584688,0x1.52b5fcd2295a0p-7,True,,-1,acceptance_predicate,validated,9.896633339834154e-05,3.9470748956824124e-05
torch,455146df23940caa6f168877ffe6ec6f508c43a4,torch-authoritative-observation-20260806,239,275,0,6.0504457614747569,0x1.833a80dbf060ap+2,0.011370299618243158,0x1.7494fc80c7164p-7,True,,-1,acceptance_predicate,validated,9.886296703817568e-05,2.409868224830528e-05
torch,455146df23940caa6f168877ffe6ec6f508c43a4,torch-authoritative-observation-20260806,240,276,0,6.0618160610930003,0x1.83f4cb5a30c43p+2,0.012507329580067476,0x1.99d715c0dafefp-7,True,,-1,acceptance_predicate,validated,9.874926404199325e-05,4.400575409796103e-06
torch,455146df23940caa6f168877ffe6ec6f508c43a4,torch-authoritative-observation-20260806,241,277,0,6.0743233906730678,0x1.84c1b6e51131bp+2,0.013758062538074226,0x1.c2d2fe5424188p-7,False,Flowstar raw remainder compat residual not subset of target remainder,-1,acceptance_predicate,failed,9.862419074619259e-05,-2.104862759735396e-05
torch,455146df23940caa6f168877ffe6ec6f508c43a4,torch-authoritative-observation-20260806,241,278,1,6.0743233906730678,0x1.84c1b6e51131bp+2,0.0068790312690371128,0x1.c2d2fe5424188p-8,True,,-1,acceptance_predicate,validated,9.93120938730963e-05,7.017265188465492e-05
torch,455146df23940caa6f168877ffe6ec6f508c43a4,torch-authoritative-observation-20260806,242,279,0,6.0812024219421046,0x1.85326ba4a63abp+2,0.0075669343959408244,0x1.efe817c2f4816p-8,True,,-1,acceptance_predicate,validated,9.924330356040592e-05,6.330191736649137e-05
torch,455146df23940caa6f168877ffe6ec6f508c43a4,torch-authoritative-observation-20260806,243,280,0,6.0887693563380454,0x1.85ae65aa96f7dp+2,0.008323627835534907,0x1.10bfa6ab39ad9p-7,True,,-1,acceptance_predicate,validated,9.916763421644651e-05,5.4131730076851934e-05
torch,455146df23940caa6f168877ffe6ec6f508c43a4,torch-authoritative-observation-20260806,244,281,0,6.0970929841735799,0x1.8636c57dec94ap+2,0.0091559906190883979,0x1.2c060422bf722p-7,True,,-1,acceptance_predicate,validated,9.908439793809116e-05,4.201683182958344e-05
torch,455146df23940caa6f168877ffe6ec6f508c43a4,torch-authoritative-observation-20260806,245,282,0,6.1062489747926687,0x1.86ccc87ffdf46p+2,0.010071589680997238,0x1.4a069e2638fd9p-7,True,,-1,acceptance_predicate,validated,9.899283803190028e-05,2.6147240496646014e-05
torch,455146df23940caa6f168877ffe6ec6f508c43a4,torch-authoritative-observation-20260806,246,283,0,6.116320564473666,0x1.8771cbcf1110ep+2,0.011078748649096963,0x1.6b07479071e3cp-7,True,,-1,acceptance_predicate,validated,9.88921221350903e-05,5.203077497774851e-06
torch,455146df23940caa6f168877ffe6ec6f508c43a4,torch-authoritative-observation-20260806,247,284,0,6.1273993131227629,0x1.88274f72d949dp+2,0.012186623514006661,0x1.8f54ceb87d476p-7,False,Flowstar raw remainder compat residual not subset of target remainder,-1,acceptance_predicate,failed,9.878133464859933e-05,-2.29278679420972e-05
torch,455146df23940caa6f168877ffe6ec6f508c43a4,torch-authoritative-observation-20260806,247,285,1,6.1273993131227629,0x1.88274f72d949dp+2,0.0060933117570033304,0x1.8f54ceb87d476p-8,True,,-1,acceptance_predicate,validated,9.939066582429968e-05,6.886173553316015e-05
torch,455146df23940caa6f168877ffe6ec6f508c43a4,torch-authoritative-observation-20260806,248,286,0,6.1334926248797661,0x1.888b24a687692p+2,0.0067026429327036643,0x1.b743b031569b6p-8,True,,-1,acceptance_predicate,validated,9.932973270672964e-05,6.120713628783857e-05
torch,455146df23940caa6f168877ffe6ec6f508c43a4,torch-authoritative-observation-20260806,249,287,0,6.1401952678124694,0x1.88f8f59293becp+2,0.0073729072259740309,0x1.e330db6978de2p-8,True,,-1,acceptance_predicate,validated,9.92627062774026e-05,5.1340828785310014e-05
torch,455146df23940caa6f168877ffe6ec6f508c43a4,torch-authoritative-observation-20260806,250,288,0,6.147568175038443,0x1.8971c1c96e1cfp+2,0.0081101979485714345,0x1.09c1457a027a3p-7,True,,-1,acceptance_predicate,validated,9.918897720514285e-05,3.814310187621874e-05
torch,455146df23940caa6f168877ffe6ec6f508c43a4,torch-authoritative-observation-20260806,251,289,0,6.1556783729870146,0x1.89f6a26c2b1e3p+2,0.0089212177434285795,0x1.2454993969201p-7,True,,-1,acceptance_predicate,validated,9.910787522565715e-05,2.0755391524367032e-05
torch,455146df23940caa6f168877ffe6ec6f508c43a4,torch-authoritative-observation-20260806,252,290,0,6.1645995907304432,0x1.8a88ccb8c7d2cp+2,0.0098133395177714376,0x1.419042258d3cep-7,False,Flowstar raw remainder compat residual not subset of target remainder,-1,acceptance_predicate,failed,9.901866304822286e-05,-2.3198409625856093e-06
torch,455146df23940caa6f168877ffe6ec6f508c43a4,torch-authoritative-observation-20260806,252,291,1,6.1645995907304432,0x1.8a88ccb8c7d2cp+2,0.0049066697588857188,0x1.419042258d3cep-8,True,,-1,acceptance_predicate,validated,9.950933002411143e-05,7.393414673861886e-05
torch,455146df23940caa6f168877ffe6ec6f508c43a4,torch-authoritative-observation-20260806,253,292,0,6.1695062604893289,0x1.8ad930c951361p+2,0.0053973367347742909,0x1.61b848c2e8296p-8,True,,-1,acceptance_predicate,validated,9.946026332652257e-05,6.756209217135261e-05
torch,455146df23940caa6f168877ffe6ec6f508c43a4,torch-authoritative-observation-20260806,254,293,0,6.1749035972241035,0x1.8b319edb81f02p+2,0.0059370704082517206,0x1.8517833ccc2d9p-8,True,,-1,acceptance_predicate,validated,9.940628995917484e-05,5.9424442291364e-05
torch,455146df23940caa6f168877ffe6ec6f508c43a4,torch-authoritative-observation-20260806,255,294,0,6.1808406676323555,0x1.8b92e4bc51233p+2,0.0065307774490768935,0x1.ac00438fad656p-8,True,,-1,acceptance_predicate,validated,9.934691925509231e-05,4.895809949333926e-05
torch,455146df23940caa6f168877ffe6ec6f508c43a4,torch-authoritative-observation-20260806,256,295,0,6.1873714450814328,0x1.8bfde4cd350e9p+2,0.007183855193984583,0x1.d6cd171e0b892p-8,True,,-1,acceptance_predicate,validated,9.928161148060155e-05,3.540324728961435e-05
torch,455146df23940caa6f168877ffe6ec6f508c43a4,torch-authoritative-observation-20260806,257,296,0,6.1945553002754172,0x1.8c739812fc917p+2,0.0079022407133830415,0x1.02f0ccb6ecbeap-7,True,,-1,acceptance_predicate,validated,9.92097729286617e-05,1.77109341818353e-05
torch,455146df23940caa6f168877ffe6ec6f508c43a4,torch-authoritative-observation-20260806,258,297,0,6.2024575409888003,0x1.8cf510795807dp+2,0.0086924647847213456,0x1.1cd5adfc6ad1bp-7,False,Flowstar raw remainder compat residual not subset of target remainder,-1,acceptance_predicate,failed,9.913075052152787e-05,-5.582419618468175e-06
torch,455146df23940caa6f168877ffe6ec6f508c43a4,torch-authoritative-observation-20260806,258,298,1,6.2024575409888003,0x1.8cf510795807dp+2,0.0043462323923606728,0x1.1cd5adfc6ad1bp-8,True,,-1,acceptance_predicate,validated,9.956537376076394e-05,7.30750060867226e-05
torch,455146df23940caa6f168877ffe6ec6f508c43a4,torch-authoritative-observation-20260806,259,299,0,6.2068037733811607,0x1.8d3c45e4d7228p+2,0.0047808556315967407,0x1.39517295a8b38p-8,True,,-1,acceptance_predicate,validated,9.952191143684033e-05,6.660726597711388e-05
torch,455146df23940caa6f168877ffe6ec6f508c43a4,torch-authoritative-observation-20260806,260,300,0,6.2115846290127577,0x1.8d8a9a417c8cbp+2,0.0052589411947564155,0x1.58a664716cc58p-8,True,,-1,acceptance_predicate,validated,9.947410288052436e-05,5.838889430706721e-05
torch,455146df23940caa6f168877ffe6ec6f508c43a4,torch-authoritative-observation-20260806,261,301,0,6.216843570207514,0x1.8de0c3da98e7ep+2,0.0057848353142320574,0x1.7b1d6e7cc472ep-8,True,,-1,acceptance_predicate,validated,9.94215134685768e-05,4.788233020929709e-05
torch,455146df23940caa6f168877ffe6ec6f508c43a4,torch-authoritative-observation-20260806,262,302,0,6.2226284055217462,0x1.8e3f8b3638190p+2,0.0063633188456552634,0x1.a106c6560b4b3p-8,True,,-1,acceptance_predicate,validated,9.936366511543448e-05,3.436124556589145e-05
torch,455146df23940caa6f168877ffe6ec6f508c43a4,torch-authoritative-observation-20260806,263,303,0,6.2289917243674013,0x1.8ea7cce7cd9bdp+2,0.0069996507302207906,0x1.cabaa6f83f9f9p-8,True,,-1,acceptance_predicate,validated,9.930003192697792e-05,1.6834551244751555e-05
torch,455146df23940caa6f168877ffe6ec6f508c43a4,torch-authoritative-observation-20260806,264,304,0,6.2359913750976217,0x1.8f1a7b918babbp+2,0.0076996158032428706,0x1.f89a1e1112c93p-8,False,Flowstar raw remainder compat residual not subset of target remainder,-1,acceptance_predicate,failed,9.923003541967572e-05,-6.064492509279658e-06
torch,455146df23940caa6f168877ffe6ec6f508c43a4,torch-authoritative-observation-20260806,264,305,1,6.2359913750976217,0x1.8f1a7b918babbp+2,0.0038498079016214353,0x1.f89a1e1112c93p-9,True,,-1,acceptance_predicate,validated,9.961501620983786e-05,7.288047388864452e-05
torch,455146df23940caa6f168877ffe6ec6f508c43a4,torch-authoritative-observation-20260806,265,306,0,6.2398411829992435,0x1.8f598ed54dce1p+2,0.004234788691783579,0x1.1587f6efca551p-8,True,,-1,acceptance_predicate,validated,9.957651813082165e-05,6.647748838667716e-05
torch,455146df23940caa6f168877ffe6ec6f508c43a4,torch-authoritative-observation-20260806,266,307,0,6.2440759716910268,0x1.8f9ef0d309c0ap+2,0.0046582675609619373,0x1.3148c2d491c40p-8,True,,-1,acceptance_predicate,validated,9.953417024390381e-05,5.83797204506493e-05
torch,455146df23940caa6f168877ffe6ec6f508c43a4,torch-authoritative-observation-20260806,267,308,0,6.2487342392519887,0x1.8feb4303bee51p+2,0.0051240943170581315,0x1.4fd009836d247p-8,True,,-1,acceptance_predicate,validated,9.94875875682942e-05,4.808113455673955e-05
torch,455146df23940caa6f168877ffe6ec6f508c43a4,torch-authoritative-observation-20260806,268,309,0,6.2538583335690472,0x1.903f37061fc06p+2,0.0056365037487639451,0x1.7164d743c4db5p-8,True,,-1,acceptance_predicate,validated,9.943634662512361e-05,3.490374560575524e-05
torch,455146df23940caa6f168877ffe6ec6f508c43a4,torch-authoritative-observation-20260806,269,310,0,6.2594948373178108,0x1.909b903bf0b19p+2,0.0062001541236403404,0x1.96555330f2248p-8,True,,-1,acceptance_predicate,validated,9.937998158763597e-05,1.793086330917728e-05
torch,455146df23940caa6f168877ffe6ec6f508c43a4,torch-authoritative-observation-20260806,270,311,0,6.2656949914414515,0x1.91012590bcee2p+2,0.0068201695360043746,0x1.bef7751c3d8e9p-8,False,Flowstar raw remainder compat residual not subset of target remainder,-1,acceptance_predicate,failed,9.931798004639957e-05,-4.089372427045821e-06
torch,455146df23940caa6f168877ffe6ec6f508c43a4,torch-authoritative-observation-20260806,270,312,1,6.2656949914414515,0x1.91012590bcee2p+2,0.0034100847680021873,0x1.bef7751c3d8e9p-9,True,,-1,acceptance_predicate,validated,9.965898852319978e-05,7.328565853659975e-05
torch,455146df23940caa6f168877ffe6ec6f508c43a4,torch-authoritative-observation-20260806,271,313,0,6.2691050762094536,0x1.9139047f6075dp+2,0.0037510932448024063,0x1.eba9cd9f10834p-9,True,,-1,acceptance_predicate,validated,9.962488767551977e-05,6.708104805296423e-05
torch,455146df23940caa6f168877ffe6ec6f508c43a4,torch-authoritative-observation-20260806,272,314,0,6.2728561694542559,0x1.917679b91457ep+2,0.0041262025692826469,0x1.0e6a31177c483p-8,True,,-1,acceptance_predicate,validated,9.958737674307174e-05,5.9268592789236564e-05
torch,455146df23940caa6f168877ffe6ec6f508c43a4,torch-authoritative-observation-20260806,273,315,0,6.2769823720235385,0x1.91ba14455a36fp+2,0.0045388228262109118,0x1.2974cf99d582ap-8,True,,-1,acceptance_predicate,validated,9.954611471737892e-05,4.9380833714012864e-05
torch,455146df23940caa6f168877ffe6ec6f508c43a4,torch-authoritative-observation-20260806,274,316,0,6.2815211948497494,0x1.9204717940ac5p+2,0.0049927051088320034,0x1.4733b12937a95p-8,True,,-1,acceptance_predicate,validated,9.950072648911681e-05,3.6796398439432155e-05
torch,455146df23940caa6f168877ffe6ec6f508c43a4,torch-authoritative-observation-20260806,275,317,0,6.2865138999585817,0x1.92563e658afa4p+2,0.0054919756197152041,0x1.67ec0fad56d3ep-8,True,,-1,acceptance_predicate,validated,9.945079943802849e-05,2.06823055250815e-05
torch,455146df23940caa6f168877ffe6ec6f508c43a4,torch-authoritative-observation-20260806,276,318,0,6.2920058755782966,0x1.92b03969764ffp+2,0.0060411731816867251,0x1.8bea113eac4f8p-8,False,Flowstar raw remainder compat residual not subset of target remainder,-1,acceptance_predicate,failed,9.939587968183133e-05,-8.832712783984789e-08
torch,455146df23940caa6f168877ffe6ec6f508c43a4,torch-authoritative-observation-20260806,276,319,1,6.2920058755782966,0x1.92b03969764ffp+2,0.0030205865908433625,0x1.8bea113eac4f8p-9,True,,-1,acceptance_predicate,validated,9.969793834091567e-05,7.41969423382039e-05
torch,455146df23940caa6f168877ffe6ec6f508c43a4,torch-authoritative-observation-20260806,277,320,0,6.2950264621691403,0x1.92e1b6ab9e258p+2,0.0033226452499276991,0x1.b381795e8a578p-9,True,,-1,acceptance_predicate,validated,9.966773247500724e-05,6.829749372478302e-05
torch,455146df23940caa6f168877ffe6ec6f508c43a4,torch-authoritative-observation-20260806,278,321,0,6.2983491074190683,0x1.931826dac9f6dp+2,0.0036549097749204694,0x1.df0e6be7fe938p-9,True,,-1,acceptance_predicate,validated,9.963450602250796e-05,6.0899765426535455e-05
torch,455146df23940caa6f168877ffe6ec6f508c43a4,torch-authoritative-observation-20260806,279,322,0,6.3020040171939886,0x1.935408a846f6ap+2,0.0040204007524125163,0x1.077b21bf98d12p-8,True,,-1,acceptance_predicate,validated,9.959795692475875e-05,5.1579065008545254e-05
torch,455146df23940caa6f168877ffe6ec6f508c43a4,torch-authoritative-observation-20260806,280,323,0,6.3060244179464009,0x1.9395e770b6dcdp+2,0.0044224408276537681,0x1.21d43eb928194p-8,True,,-1,acceptance_predicate,validated,9.955775291723463e-05,3.977502439186148e-05
torch,455146df23940caa6f168877ffe6ec6f508c43a4,torch-authoritative-observation-20260806,281,324,0,6.3104468587740543,0x1.93de5c806526dp+2,0.0048646849104191456,0x1.3ecfde9878e8ap-8,True,,-1,acceptance_predicate,validated,9.95135285089581e-05,2.474242024239412e-05
torch,455146df23940caa6f168877ffe6ec6f508c43a4,torch-authoritative-observation-20260806,282,325,0,6.3153115436844738,0x1.942e10780b451p+2,0.0053511534014610606,0x1.5eb174daeb665p-8,True,,-1,acceptance_predicate,validated,9.94648816598539e-05,5.268512925320738e-06
torch,455146df23940caa6f168877ffe6ec6f508c43a4,torch-authoritative-observation-20260806,283,326,0,6.3206626970859352,0x1.9485bcd541fffp+2,0.0058862687416071672,0x1.81c333bd9c8a3p-8,False,Flowstar raw remainder compat residual not subset of target remainder,-1,acceptance_predicate,failed,9.94113701258393e-05,-2.0910297811642834e-05
torch,455146df23940caa6f168877ffe6ec6f508c43a4,torch-authoritative-observation-20260806,283,327,1,6.3206626970859352,0x1.9485bcd541fffp+2,0.0029431343708035836,0x1.81c333bd9c8a3p-9,True,,-1,acceptance_predicate,validated,9.970568356291964e-05,6.898334750431051e-05
torch,455146df23940caa6f168877ffe6ec6f508c43a4,torch-authoritative-observation-20260806,284,328,0,6.3236058314567387,0x1.94b5f53bb9b38p+2,0.0032374478078839421,0x1.a856b8ea2c31ap-9,True,,-1,acceptance_predicate,validated,9.967625221921161e-05,6.16267828432615e-05
torch,455146df23940caa6f168877ffe6ec6f508c43a4,torch-authoritative-observation-20260806,285,329,0,6.3268432792646223,0x1.94eb0012d6f90p+2,0.0035611925886723365,0x1.d2c5cb67fd69dp-9,True,,-1,acceptance_predicate,validated,9.964387774113277e-05,5.2296728178829675e-05
torch,455146df23940caa6f168877ffe6ec6f508c43a4,torch-authoritative-observation-20260806,286,330,0,6.3304044718532948,0x1.952558cc43f8bp+2,0.0039173118475395704,0x1.00b99645fe93dp-8,True,,-1,acceptance_predicate,validated,9.960826581524605e-05,4.040310085570919e-05
torch,455146df23940caa6f168877ffe6ec6f508c43a4,torch-authoritative-observation-20260806,287,331,0,6.3343217837008341,0x1.95658731d5785p+2,0.0043090430322935275,0x1.1a65bee698090p-8,True,,-1,acceptance_predicate,validated,9.956909269677065e-05,2.514419137223993e-05
torch,455146df23940caa6f168877ffe6ec6f508c43a4,torch-authoritative-observation-20260806,288,332,0,6.3386308267331275,0x1.95ac20a18f1e5p+2,0.0047399473355228807,0x1.36a31eca7409fp-8,True,,-1,acceptance_predicate,validated,9.952600226644771e-05,5.4307941192337575e-06
torch,455146df23940caa6f168877ffe6ec6f508c43a4,torch-authoritative-observation-20260806,289,333,0,6.3433707740686502,0x1.95f9c96941bb5p+2,0.0052139420690751693,0x1.55b36eab7fa49p-8,False,Flowstar raw remainder compat residual not subset of target remainder,-1,acceptance_predicate,failed,9.947860279309249e-05,-2.1575533221396625e-05
torch,455146df23940caa6f168877ffe6ec6f508c43a4,torch-authoritative-observation-20260806,289,334,1,6.3433707740686502,0x1.95f9c96941bb5p+2,0.0026069710345375846,0x1.55b36eab7fa49p-9,True,,-1,acceptance_predicate,validated,9.973929989654625e-05,6.892545573145161e-05
torch,455146df23940caa6f168877ffe6ec6f508c43a4,torch-authoritative-observation-20260806,290,335,0,6.3459777451031876,0x1.96247fd7172b4p+2,0.0028676681379913435,0x1.77def9bca601ep-9,True,,-1,acceptance_predicate,validated,9.971323018620087e-05,6.139839761506129e-05
torch,455146df23940caa6f168877ffe6ec6f508c43a4,torch-authoritative-observation-20260806,291,336,0,6.3488454132411789,0x1.96537bb64ec00p+2,0.0031544349517904783,0x1.9d7545e91d022p-9,True,,-1,acceptance_predicate,validated,9.968455350482096e-05,5.180998376771569e-05
torch,455146df23940caa6f168877ffe6ec6f508c43a4,torch-authoritative-observation-20260806,292,337,0,6.3519998481929694,0x1.96872a5f0be3ap+2,0.0034698784469695265,0x1.c6cdcce6d31c0p-9,True,,-1,acceptance_predicate,validated,9.965300915530305e-05,3.951891299620315e-05
torch,455146df23940caa6f168877ffe6ec6f508c43a4,torch-authoritative-observation-20260806,293,338,0,6.3554697266399387,0x1.96c00418a8be0p+2,0.0038168662916664795,0x1.f448c7cab5054p-9,True,,-1,acceptance_predicate,validated,9.961831037083336e-05,2.36581095759771e-05
torch,455146df23940caa6f168877ffe6ec6f508c43a4,torch-authoritative-observation-20260806,294,339,0,6.3592865929316051,0x1.96fe8d31a214ap+2,0.004198552920833128,0x1.1328077c49f62p-8,True,,-1,acceptance_predicate,validated,9.958014170791669e-05,3.045836186100527e-06
torch,455146df23940caa6f168877ffe6ec6f508c43a4,torch-authoritative-observation-20260806,295,340,0,6.3634851458524384,0x1.9743573381272p+2,0.0046184082129164415,0x1.2eac083beaf53p-8,False,Flowstar raw remainder compat residual not subset of target remainder,-1,acceptance_predicate,failed,9.953815617870836e-05,-2.3950257910597067e-05
torch,455146df23940caa6f168877ffe6ec6f508c43a4,torch-authoritative-observation-20260806,295,341,1,6.3634851458524384,0x1.9743573381272p+2,0.0023092041064582207,0x1.2eac083beaf53p-9,True,,-1,acceptance_predicate,validated,9.976907658935419e-05,6.828033174459869e-05
torch,455146df23940caa6f168877ffe6ec6f508c43a4,torch-authoritative-observation-20260806,296,342,0,6.3657943499588967,0x1.97692cb488a48p+2,0.0025401245171040431,0x1.4cf06f751c0dcp-9,True,,-1,acceptance_predicate,validated,9.97459845482896e-05,6.0711710870460893e-05
torch,455146df23940caa6f168877ffe6ec6f508c43a4,torch-authoritative-observation-20260806,297,343,0,6.3683344744760007,0x1.9792cac277480p+2,0.0027941369688144475,0x1.6e3badcd9edbfp-9,True,,-1,acceptance_predicate,validated,9.972058330311856e-05,5.111821244094882e-05
torch,455146df23940caa6f168877ffe6ec6f508c43a4,torch-authoritative-observation-20260806,298,344,0,6.3711286114448153,0x1.97c0923830fbep+2,0.0030735506656958925,0x1.92db3f2efb8b9p-9,True,,-1,acceptance_predicate,validated,9.969264193343041e-05,3.889026440044673e-05
torch,455146df23940caa6f168877ffe6ec6f508c43a4,torch-authoritative-observation-20260806,299,345,0,6.3742021621105112,0x1.97f2eda016db5p+2,0.0033809057322654822,0x1.bb245f1a14b33p-9,True,,-1,acceptance_predicate,validated,9.966190642677346e-05,2.3210613587694803e-05
torch,455146df23940caa6f168877ffe6ec6f508c43a4,torch-authoritative-observation-20260806,300,346,0,6.3775830678427763,0x1.982a522bfa1dep+2,0.0037189963054920306,0x1.e774cf0316c52p-9,True,,-1,acceptance_predicate,validated,9.96280973694508e-05,2.974103896012523e-06
torch,455146df23940caa6f168877ffe6ec6f508c43a4,torch-authoritative-observation-20260806,301,347,0,6.3813020641482687,0x1.986740c5da80cp+2,0.0040908959360412339,0x1.0c19d841b2ec7p-8,False,Flowstar raw remainder compat residual not subset of target remainder,-1,acceptance_predicate,failed,9.959090740639589e-05,-2.3331870744201037e-05
torch,455146df23940caa6f168877ffe6ec6f508c43a4,torch-authoritative-observation-20260806,301,348,1,6.3813020641482687,0x1.986740c5da80cp+2,0.0020454479680206169,0x1.0c19d841b2ec7p-9,True,,-1,acceptance_predicate,validated,9.979545220319794e-05,6.838877924748889e-05
torch,455146df23940caa6f168877ffe6ec6f508c43a4,torch-authoritative-observation-20260806,302,349,0,6.3833475121162895,0x1.9888c400e2b72p+2,0.0022499927648226789,0x1.26e93aaeab375p-9,True,,-1,acceptance_predicate,validated,9.977499772351773e-05,6.095718347871858e-05
torch,455146df23940caa6f168877ffe6ec6f508c43a4,torch-authoritative-observation-20260806,303,350,0,6.3855975048811118,0x1.98ada128388c8p+2,0.002474992041304947,0x1.4466f3c022bcep-9,True,,-1,acceptance_predicate,validated,9.975249779586951e-05,5.1581278857954915e-05
torch,455146df23940caa6f168877ffe6ec6f508c43a4,torch-authoritative-observation-20260806,304,351,0,6.3880724969224163,0x1.98d62e06b090dp+2,0.002722491245435442,0x1.64d7a5b9bfcfdp-9,True,,-1,acceptance_predicate,validated,9.972774787545646e-05,3.9692324528616876e-05
torch,455146df23940caa6f168877ffe6ec6f508c43a4,torch-authoritative-observation-20260806,305,352,0,6.3907949881678521,0x1.9902c8fb67c8dp+2,0.0029947403699789863,0x1.8886cfe5ec97dp-9,True,,-1,acceptance_predicate,validated,9.970052296300211e-05,2.4534174781785486e-05
torch,455146df23940caa6f168877ffe6ec6f508c43a4,torch-authoritative-observation-20260806,306,353,0,6.3937897285378309,0x1.9933d9d564866p+2,0.0032942144069768851,0x1.afc77e49b773dp-9,True,,-1,acceptance_predicate,validated,9.967057555930231e-05,5.09346082738725e-06
torch,455146df23940caa6f168877ffe6ec6f508c43a4,torch-authoritative-observation-20260806,307,354,0,6.3970839429448079,0x1.9969d2c52dbd5p+2,0.0036236358476745738,0x1.daf50aeab032ap-9,False,Flowstar raw remainder compat residual not subset of target remainder,-1,acceptance_predicate,failed,9.963763341523255e-05,-1.99995911680722e-05
