run_id,segment_index,t_lo,t_hi,x_lo,x_hi,y_lo,y_hi,h,order,reset_box_source
flowstar_style_o6_candidate8_output6_keep4,0,0,0.050000000000000003,1.2152073421903087,1.5176151700730418,2.1485662817375037,2.3525640646972352,0.050000000000000003,6,normalized_endpoint_reset_box
flowstar_style_o6_candidate8_output6_keep4,1,0.050000000000000003,0.125,1.3692055558743783,1.6807310213970075,1.7943622835788919,2.1409624348714127,0.075000000000000011,6,normalized_endpoint_reset_box
flowstar_style_o6_candidate8_output6_keep4,2,0.125,0.17499999999999999,1.4550799962634968,1.7809363082997465,1.5355050783245565,1.9672764765015416,0.050000000000000003,6,normalized_endpoint_reset_box
flowstar_style_o6_candidate8_output6_keep4,3,0.17499999999999999,0.21249999999999999,1.5103822744574369,1.8506347937113987,1.3364886265147051,1.8261496713037897,0.037500000000000006,6,normalized_endpoint_reset_box
flowstar_style_o6_candidate8_output6_keep4,4,0.21249999999999999,0.26874999999999999,1.5803776220320955,1.9440001465294252,1.0435704194953568,1.6027884677017359,0.056250000000000008,6,normalized_endpoint_reset_box
flowstar_style_o6_candidate8_output6_keep4,5,0.26874999999999999,0.31093749999999998,1.6215952994381944,2.0063672732567777,0.83219320033009347,1.4342397990277718,0.042187500000000003,6,normalized_endpoint_reset_box
flowstar_style_o6_candidate8_output6_keep4,6,0.31093749999999998,0.34257812499999996,1.6464334776153493,2.0488571906620909,0.68104698683860199,1.310083589595876,0.031640625000000006,6,normalized_endpoint_reset_box
flowstar_style_o6_candidate8_output6_keep4,7,0.34257812499999996,0.39003906249999998,1.6756128318748971,2.1047822450735487,0.47186978047614481,1.128261369176158,0.047460937500000008,6,normalized_endpoint_reset_box
flowstar_style_o6_candidate8_output6_keep4,8,0.39003906249999998,0.42563476562499997,1.690813859683862,2.1416235388193705,0.32815504788220434,0.99896982626632591,0.035595703125000003,6,normalized_endpoint_reset_box
flowstar_style_o6_candidate8_output6_keep4,9,0.42563476562499997,0.47902832031249998,1.7051067980987165,2.1880246843384032,0.13809196567729995,0.8157891577462395,0.053393554687500004,6,normalized_endpoint_reset_box
flowstar_style_o6_candidate8_output6_keep4,10,0.47902832031249998,0.519073486328125,1.709067167715268,2.2171565249058607,0.013260611894679378,0.6898467767845482,0.040045166015625001,6,normalized_endpoint_reset_box
flowstar_style_o6_candidate8_output6_keep4,11,0.519073486328125,0.57914123535156248,1.7067920249753339,2.2514779379807512,-0.14370387168100082,0.51666682502304551,0.060067749023437506,6,normalized_endpoint_reset_box
flowstar_style_o6_candidate8_output6_keep4,12,0.57914123535156248,0.62419204711914056,1.6988647602427032,2.2712870082185748,-0.24178785918767703,0.40095767703652996,0.045050811767578129,6,normalized_endpoint_reset_box
flowstar_style_o6_candidate8_output6_keep4,13,0.62419204711914056,0.65798015594482417,1.6899729392992158,2.2831020501517774,-0.30538911823742482,0.32163651521727249,0.033788108825683595,6,normalized_endpoint_reset_box
flowstar_style_o6_candidate8_output6_keep4,14,0.65798015594482417,0.70866231918334954,1.6730302308990435,2.2959542612269845,-0.38531318962491262,0.21243203255461274,0.050682163238525396,6,normalized_endpoint_reset_box
flowstar_style_o6_candidate8_output6_keep4,15,0.70866231918334954,0.74667394161224354,1.6576443756452373,2.3023661350036018,-0.43538946930633254,0.13844564109669452,0.038011622428894047,6,normalized_endpoint_reset_box
flowstar_style_o6_candidate8_output6_keep4,16,0.74667394161224354,0.80369137525558465,1.6312964958009346,2.3070496914203811,-0.4959219502344791,0.037441224130459326,0.057017433643341067,6,normalized_endpoint_reset_box
flowstar_style_o6_candidate8_output6_keep4,17,0.80369137525558465,0.84645445048809043,1.6092908353172111,2.3071717192771812,-0.53257059439984544,-0.030334615296874919,0.042763075232505804,6,normalized_endpoint_reset_box
flowstar_style_o6_candidate8_output6_keep4,18,0.84645445048809043,0.87852675691246973,1.5917749449809409,2.3054913993579373,-0.55924811776010086,-0.073891780275813737,0.032072306424379353,6,normalized_endpoint_reset_box
flowstar_style_o6_candidate8_output6_keep4,19,0.87852675691246973,0.9266352165490388,1.5639272822653552,2.3005628945513377,-0.59770691399068765,-0.12981915146763276,0.048108459636569026,6,normalized_endpoint_reset_box
flowstar_style_o6_candidate8_output6_keep4,20,0.9266352165490388,0.96271656127646554,1.5418403155252085,2.2952441103495569,-0.62609601381928348,-0.16459725599821262,0.036081344727426773,6,normalized_endpoint_reset_box
flowstar_style_o6_candidate8_output6_keep4,21,0.96271656127646554,1.0168385783676057,1.5068118612691885,2.2851375897164026,-0.66751650398362095,-0.20807347294562917,0.054122017091140159,6,normalized_endpoint_reset_box
flowstar_style_o6_candidate8_output6_keep4,22,1.0168385783676057,1.0574300911859609,1.4790720344896355,2.2761673664779578,-0.69874504682696914,-0.23372994770990821,0.040591512818355116,6,normalized_endpoint_reset_box
flowstar_style_o6_candidate8_output6_keep4,23,1.0574300911859609,1.0878737257997273,1.4574331827652769,2.2688132685106694,-0.72245830201137218,-0.24945900579949293,0.030443634613766337,6,normalized_endpoint_reset_box
flowstar_style_o6_candidate8_output6_keep4,24,1.0878737257997273,1.1335391777203767,1.4236183074212505,2.2569729583290008,-0.7579514833150971,-0.2691482839136744,0.045665451920649504,6,normalized_endpoint_reset_box
flowstar_style_o6_candidate8_output6_keep4,25,1.1335391777203767,1.1677882666608639,1.3971828328805289,2.2475697405746375,-0.78537411004719093,-0.28015029794713697,0.03424908894048713,6,normalized_endpoint_reset_box
flowstar_style_o6_candidate8_output6_keep4,26,1.1677882666608639,1.1934750833662293,1.3767334988690907,2.2402964049924976,-0.80652142309964148,-0.28639173060663575,0.025686816705365347,6,normalized_endpoint_reset_box
flowstar_style_o6_candidate8_output6_keep4,27,1.1934750833662293,1.2320053084242772,1.3450309748055513,2.2291258891216676,-0.83864023462771875,-0.29376552746366041,0.038530225058048019,6,normalized_endpoint_reset_box
flowstar_style_o6_candidate8_output6_keep4,28,1.2320053084242772,1.2609029772178133,1.3204285831048519,2.2205958252163067,-0.86375009681024628,-0.29692050040483492,0.028897668793536016,6,normalized_endpoint_reset_box
flowstar_style_o6_candidate8_output6_keep4,29,1.2609029772178133,1.3042494804081173,1.2821418203761614,2.207680988287736,-0.90232064979029825,-0.29949049927283444,0.043346503190304024,6,normalized_endpoint_reset_box
flowstar_style_o6_candidate8_output6_keep4,30,1.3042494804081173,1.3367593578008452,1.2523029549946489,2.197968634455886,-0.93299263725018877,-0.29846486314895437,0.032509877392728016,6,normalized_endpoint_reset_box
flowstar_style_o6_candidate8_output6_keep4,31,1.3367593578008452,1.3611417658453913,1.2292565102018362,2.1907260253883778,-0.95713600787798825,-0.29598056681994128,0.024382408044546014,6,normalized_endpoint_reset_box
flowstar_style_o6_candidate8_output6_keep4,32,1.3611417658453913,1.3977153779122102,1.1935600390529166,2.1800060390772007,-0.99448998664406674,-0.29084226062310847,0.036573612066819021,6,normalized_endpoint_reset_box
flowstar_style_o6_candidate8_output6_keep4,33,1.3977153779122102,1.4251455869623244,1.1658678974779719,2.1721190575998039,-1.0242993968594503,-0.28467081970339192,0.027430209050114264,6,normalized_endpoint_reset_box
flowstar_style_o6_candidate8_output6_keep4,34,1.4251455869623244,1.4662909005374958,1.1227534702828563,2.1606527358250429,-1.0709599496578657,-0.27351581022057742,0.041145313575171399,6,normalized_endpoint_reset_box
flowstar_style_o6_candidate8_output6_keep4,35,1.4662909005374958,1.4971498857188743,1.0891152807857858,2.1524016164710478,-1.1088310312701564,-0.26183674009226082,0.03085898518137855,6,normalized_endpoint_reset_box
flowstar_style_o6_candidate8_output6_keep4,36,1.4971498857188743,1.5202941246049082,1.0630989945424358,2.1464718420901026,-1.1390796716121203,-0.25102454753913994,0.02314423888603391,6,normalized_endpoint_reset_box
flowstar_style_o6_candidate8_output6_keep4,37,1.5202941246049082,1.555010482933959,1.0227241280109216,2.1380815242908269,-1.186548198499177,-0.23309453354506529,0.034716358329050866,6,normalized_endpoint_reset_box
flowstar_style_o6_candidate8_output6_keep4,38,1.555010482933959,1.5810477516807473,0.99132512168656373,2.1322341981752415,-1.2250084019495102,-0.21660601629539053,0.026037268746788148,6,normalized_endpoint_reset_box
flowstar_style_o6_candidate8_output6_keep4,39,1.5810477516807473,1.6005757032408383,0.96710157606316161,2.1281475403234644,-1.2556563735795927,-0.20234087736113543,0.019527951560091111,6,normalized_endpoint_reset_box
flowstar_style_o6_candidate8_output6_keep4,40,1.6005757032408383,1.6298676305809749,0.92961199196707467,2.1225684997764933,-1.3037373756761019,-0.17928018826573583,0.029291927340136664,6,normalized_endpoint_reset_box
flowstar_style_o6_candidate8_output6_keep4,41,1.6298676305809749,1.6518365760860774,0.90054131589712305,2.1188563478562803,-1.3425327034054499,-0.15914884513976066,0.021968945505102498,6,normalized_endpoint_reset_box
flowstar_style_o6_candidate8_output6_keep4,42,1.6518365760860774,1.6847899943437312,0.85528183094586629,2.1141665773055673,-1.4040617377127087,-0.12629898218007277,0.032953418257653744,6,normalized_endpoint_reset_box
flowstar_style_o6_candidate8_output6_keep4,43,1.6847899943437312,1.7095050580369715,0.81995413219639302,2.1114112155710689,-1.4544780233171777,-0.097268532347459219,0.024715063693240308,6,normalized_endpoint_reset_box
flowstar_style_o6_candidate8_output6_keep4,44,1.7095050580369715,1.7280413558069017,0.79261592362560829,2.1098398894655586,-1.4950014787722539,-0.072694707055454569,0.018536297769930231,6,normalized_endpoint_reset_box
flowstar_style_o6_candidate8_output6_keep4,45,1.7280413558069017,1.7558458024617971,0.750152491705664,2.1083801364235502,-1.5591722034468438,-0.033048631751348104,0.027804446654895346,6,normalized_endpoint_reset_box
flowstar_style_o6_candidate8_output6_keep4,46,1.7558458024617971,1.7766991374529686,0.7170912130086049,2.1080511374570676,-1.6114624855255293,0.00099206770644821472,0.020853334991171511,6,normalized_endpoint_reset_box
flowstar_style_o6_candidate8_output6_keep4,47,1.7766991374529686,1.7923391386963472,0.69155936214283875,2.1082904585954116,-1.6532958569817502,0.029245777480861379,0.015640001243378634,6,normalized_endpoint_reset_box
flowstar_style_o6_candidate8_output6_keep4,48,1.7923391386963472,1.8157991405614151,0.65199580565264725,2.1095141156631172,-1.7193718882757245,0.074469346787709417,0.023460001865067949,6,normalized_endpoint_reset_box
flowstar_style_o6_candidate8_output6_keep4,49,1.8157991405614151,1.833394141960216,0.62127127316234843,2.1111628408849779,-1.7728832330608948,0.11251994511494848,0.017595001398800963,6,normalized_endpoint_reset_box
flowstar_style_o6_candidate8_output6_keep4,50,1.833394141960216,1.8597866440584174,0.57335074309491096,2.1149555436825702,-1.8583566434384613,0.17415557999188047,0.026392502098201445,6,normalized_endpoint_reset_box
flowstar_style_o6_candidate8_output6_keep4,51,1.8597866440584174,1.8795810206320684,0.53586898612011336,2.1189294205405393,-1.9286456857278773,0.22687708974078014,0.019794376573651084,6,normalized_endpoint_reset_box
flowstar_style_o6_candidate8_output6_keep4,52,1.8795810206320684,1.8944268030623068,0.50681541648527184,2.1226244819311573,-1.9852867739902396,0.27056905624582944,0.014845782430238312,6,normalized_endpoint_reset_box
flowstar_style_o6_candidate8_output6_keep4,53,1.8944268030623068,1.9166954767076643,0.4616009032987633,2.129438687411163,-2.0755032635579735,0.34087463788178873,0.022268673645357468,6,normalized_endpoint_reset_box
flowstar_style_o6_candidate8_output6_keep4,54,1.9166954767076643,1.9333969819416823,0.42632089074469298,2.1356289573539842,-2.1492190059706231,0.40003200125479732,0.016701505234018102,6,normalized_endpoint_reset_box
flowstar_style_o6_candidate8_output6_keep4,55,1.9333969819416823,1.9459231108671959,0.39902886715174346,2.1409449314894711,-2.2083120404885204,0.44846584771405174,0.012526128925513576,6,normalized_endpoint_reset_box
flowstar_style_o6_candidate8_output6_keep4,56,1.9459231108671959,1.9647123042554664,0.35665572711315141,2.150102788114757,-2.3021181376788333,0.52593119535624644,0.018789193388270363,6,normalized_endpoint_reset_box
flowstar_style_o6_candidate8_output6_keep4,57,1.9647123042554664,1.9788041992966692,0.32367799026245359,2.157969226763071,-2.378263056205534,0.59023068833321435,0.014091895041202772,6,normalized_endpoint_reset_box
flowstar_style_o6_candidate8_output6_keep4,58,1.9788041992966692,1.9893731205775713,0.29822114405359068,2.1644839099505204,-2.4389796267875354,0.64233689709523945,0.01056892128090208,6,normalized_endpoint_reset_box
flowstar_style_o6_candidate8_output6_keep4,59,1.9893731205775713,2.0052265024989246,0.25879482681995636,2.1753261746114134,-2.5350051981546922,0.72520060397746988,0.015853381921353119,6,normalized_endpoint_reset_box
flowstar_style_o6_candidate8_output6_keep4,60,2.0052265024989246,2.0171165389399395,0.22819335540097238,2.1843542438334764,-2.6124363720505013,0.79317710949585885,0.011890036441014839,6,normalized_endpoint_reset_box
flowstar_style_o6_candidate8_output6_keep4,61,2.0171165389399395,2.0260340662707006,0.20462284050524066,2.1916717093344116,-2.67385184748546,0.8477720702681083,0.0089175273307611283,6,normalized_endpoint_reset_box
flowstar_style_o6_candidate8_output6_keep4,62,2.0260340662707006,2.0394103572668425,0.16821056545489305,2.2035905149610255,-2.7706002468732054,0.93412134965555527,0.013376290996141692,6,normalized_endpoint_reset_box
flowstar_style_o6_candidate8_output6_keep4,63,2.0394103572668425,2.0494425755139489,0.14002673729533466,2.2133143040404128,-2.8481045087644841,1.0042261345455483,0.010032218247106268,6,normalized_endpoint_reset_box
flowstar_style_o6_candidate8_output6_keep4,64,2.0494425755139489,2.0644909028846081,0.096242797009139888,2.229269470295661,-2.9713704616966354,1.1161870033831565,0.015048327370659403,6,normalized_endpoint_reset_box
flowstar_style_o6_candidate8_output6_keep4,65,2.0644909028846081,2.0757771484126026,0.062144101219612599,2.2423873265905301,-3.0713467142778104,1.2082866976328464,0.011286245527994551,6,normalized_endpoint_reset_box
flowstar_style_o6_candidate8_output6_keep4,66,2.0757771484126026,2.0842418325585985,0.035809221384335038,2.2529293939838615,-3.151010557852405,1.2824315546922092,0.0084646841459959134,6,normalized_endpoint_reset_box
flowstar_style_o6_candidate8_output6_keep4,67,2.0842418325585985,2.0969388587775923,-0.0049977196666449548,2.2699601455282625,-3.2772002664991988,1.4002076939192845,0.01269702621899387,6,normalized_endpoint_reset_box
flowstar_style_o6_candidate8_output6_keep4,68,2.0969388587775923,2.1064616284418376,-0.036688805130030186,2.2837509466951804,-3.3788896967624393,1.4961567431009499,0.0095227696642454021,6,normalized_endpoint_reset_box
flowstar_style_o6_candidate8_output6_keep4,69,2.1064616284418376,2.1136037056900214,-0.061108623476060324,2.2947106082659401,-3.4594850061790798,1.5728077986016284,0.0071420772481840516,6,normalized_endpoint_reset_box
flowstar_style_o6_candidate8_output6_keep4,70,2.1136037056900214,2.1243168215622976,-0.098849062118441924,2.3122085931913814,-3.5866319300331639,1.6939500678837658,0.010713115872276077,6,normalized_endpoint_reset_box
flowstar_style_o6_candidate8_output6_keep4,71,2.1243168215622976,2.1323516584665048,-0.12807496113280806,2.3262119692931398,-3.6883963431420601,1.7917296432122192,0.0080348369042070565,6,normalized_endpoint_reset_box
flowstar_style_o6_candidate8_output6_keep4,72,2.1323516584665048,2.1383777861446602,-0.15054325413971584,2.3372430722227504,-3.7686350838481193,1.8693031834693041,0.0060261276781552924,6,normalized_endpoint_reset_box
flowstar_style_o6_candidate8_output6_keep4,73,2.1383777861446602,2.147416977661893,-0.18517629028022992,2.3546907138991076,-3.8946731370121923,1.9912854938930555,0.009039191517232939,6,normalized_endpoint_reset_box
flowstar_style_o6_candidate8_output6_keep4,74,2.147416977661893,2.1541963712998178,-0.21191887443437343,2.3685213427452587,-3.9949129445053968,2.0889398690588648,0.0067793936379247043,6,normalized_endpoint_reset_box
flowstar_style_o6_candidate8_output6_keep4,75,2.1541963712998178,2.164365461756705,-0.2533469532135339,2.3905494769417284,-4.1537280816216837,2.2438059138203941,0.010169090456887056,6,normalized_endpoint_reset_box
flowstar_style_o6_candidate8_output6_keep4,76,2.164365461756705,2.1719922795993702,-0.28551179408348915,2.4081398825077112,-4.281386576122558,2.369155763865832,0.0076268178426652927,6,normalized_endpoint_reset_box
flowstar_style_o6_candidate8_output6_keep4,77,2.1719922795993702,2.1777123929813693,-0.31029007931269803,2.4219766574469759,-4.3823837994702215,2.468828876892303,0.0057201133819989695,6,normalized_endpoint_reset_box
flowstar_style_o6_candidate8_output6_keep4,78,2.1777123929813693,2.1862925630543679,-0.34857176623321079,2.4438325481589067,-4.5416843548046826,2.6260942397730833,0.0085801700729984543,6,normalized_endpoint_reset_box
flowstar_style_o6_candidate8_output6_keep4,79,2.1862925630543679,2.1927276906091167,-0.37820607776465603,2.4611374469585034,-4.6689072094458517,2.7523641340553415,0.0064351275547488412,6,normalized_endpoint_reset_box
flowstar_style_o6_candidate8_output6_keep4,80,2.1927276906091167,2.1975540362751782,-0.40098104243192118,2.4746619664334735,-4.7690458216541982,2.8521414741387545,0.0048263456660616304,6,normalized_endpoint_reset_box
flowstar_style_o6_candidate8_output6_keep4,81,2.1975540362751782,2.2047935547742705,-0.43607319661436789,2.4958756815207184,-4.9262827714992126,3.008799972055519,0.0072395184990924457,6,normalized_endpoint_reset_box
flowstar_style_o6_candidate8_output6_keep4,82,2.2047935547742705,2.2102231936485897,-0.46315889502276614,2.5125508071908516,-5.0510735760801069,3.1336474353423154,0.0054296388743193345,6,normalized_endpoint_reset_box
flowstar_style_o6_candidate8_output6_keep4,83,2.2102231936485897,2.2142954228043292,-0.4839267236866332,2.5255113636293722,-5.1488151148858332,3.2317306774321555,0.0040722291557395013,6,normalized_endpoint_reset_box
flowstar_style_o6_candidate8_output6_keep4,84,2.2142954228043292,2.2204037665379386,-0.5158421679880405,2.545718863178994,-5.3016091778563466,3.3850079246970242,0.0061083437336092519,6,normalized_endpoint_reset_box
flowstar_style_o6_candidate8_output6_keep4,85,2.2204037665379386,2.2249850243381455,-0.54040559155402945,2.5615039712576766,-5.4221509182071692,3.5063222120153776,0.0045812578002069389,6,normalized_endpoint_reset_box
flowstar_style_o6_candidate8_output6_keep4,86,2.2249850243381455,2.2318569110384558,-0.57831459841289767,2.5862526925650688,-5.61196706839082,3.6972551819383721,0.0068718867003104084,6,normalized_endpoint_reset_box
flowstar_style_o6_candidate8_output6_keep4,87,2.2318569110384558,2.2370108260636887,-0.60762599973283515,2.6057000231130134,-5.7630370114801908,3.8497310371918614,0.0051539150252328065,6,normalized_endpoint_reset_box
flowstar_style_o6_candidate8_output6_keep4,88,2.2370108260636887,2.2408762623326135,-0.63013130035026643,2.6208125275018306,-5.8816208605912408,3.9697165833321035,0.0038654362689246047,6,normalized_endpoint_reset_box
flowstar_style_o6_candidate8_output6_keep4,89,2.2408762623326135,2.2466744167360004,-0.66476997997501952,2.6443725563311431,-6.0674970521995411,4.1576569841688453,0.005798154403386907,6,normalized_endpoint_reset_box
flowstar_style_o6_candidate8_output6_keep4,90,2.2466744167360004,2.2510230325385407,-0.6914737771933287,2.6627759957377606,-6.2145276910355252,4.3067113452547865,0.0043486158025401803,6,normalized_endpoint_reset_box
flowstar_style_o6_candidate8_output6_keep4,91,2.2510230325385407,2.2542844943904461,-0.71192915211549401,2.6770122261529075,-6.3293877948923676,4.4233772884168614,0.0032614618519051352,6,normalized_endpoint_reset_box
flowstar_style_o6_candidate8_output6_keep4,92,2.2542844943904461,2.2591766871683037,-0.74333016368345295,2.6990958244113354,-6.5086238220105903,4.6052864414240151,0.0048921927778577028,6,normalized_endpoint_reset_box
flowstar_style_o6_candidate8_output6_keep4,93,2.2591766871683037,2.2628458317516968,-0.76746906346410604,2.7162557792435655,-6.6495811817864974,4.7486391123913387,0.0036691445833932773,6,normalized_endpoint_reset_box
flowstar_style_o6_candidate8_output6_keep4,94,2.2628458317516968,2.2683495486267868,-0.80467235109081925,2.743007521747256,-6.8710472813404886,4.9736441900578692,0.005503716875089916,6,normalized_endpoint_reset_box
flowstar_style_o6_candidate8_output6_keep4,95,2.2683495486267868,2.2724773362831043,-0.83339545837804863,2.7639055746739087,-7.0466303242155055,5.1524156996754131,0.004127787656317437,6,normalized_endpoint_reset_box
flowstar_style_o6_candidate8_output6_keep4,96,2.2724773362831043,2.2755731770253425,-0.85542283983093537,2.780073172213017,-7.1840395931480305,5.2925406341472234,0.0030958407422380777,6,normalized_endpoint_reset_box
flowstar_style_o6_candidate8_output6_keep4,97,2.2755731770253425,2.2802169381386994,-0.88928011676046148,2.8051567987336572,-7.3989342322571421,5.5114565528525592,0.0046437611133571168,6,normalized_endpoint_reset_box
flowstar_style_o6_candidate8_output6_keep4,98,2.2802169381386994,2.2836997589737171,-0.91534312777410776,2.8246523909989825,-7.5682974824153018,5.6842751664880948,0.0034828208350178376,6,normalized_endpoint_reset_box
flowstar_style_o6_candidate8_output6_keep4,99,2.2836997589737171,2.2863118745999804,-0.93528431606420626,2.83967616466468,-7.7002251602563323,5.8190590427806903,0.0026121156262633783,6,normalized_endpoint_reset_box
flowstar_style_o6_candidate8_output6_keep4,100,2.2863118745999804,2.2902300480393754,-0.96585564929640988,2.862885535219597,-7.9056329987402023,6.0287021376290282,0.0039181734393950677,6,normalized_endpoint_reset_box
flowstar_style_o6_candidate8_output6_keep4,101,2.2902300480393754,2.2931686781189216,-0.98932316930561837,2.8808428541381437,-8.0666176870288631,6.1932187862148602,0.0029386300795463008,6,normalized_endpoint_reset_box
flowstar_style_o6_candidate8_output6_keep4,102,2.2931686781189216,2.2975766232382409,-1.0254329892862628,2.9087070846175522,-8.3188460466971019,6.4506715878387944,0.0044079451193194509,6,normalized_endpoint_reset_box
flowstar_style_o6_candidate8_output6_keep4,103,2.2975766232382409,2.3008825820777306,-1.0532625363997243,2.9303681326694471,-8.5179840318441347,6.6542093048307578,0.0033059588394895884,6,normalized_endpoint_reset_box
flowstar_style_o6_candidate8_output6_keep4,104,2.3008825820777306,2.3033620512073476,-1.0745746599539119,2.9470636865505591,-8.6733178812051612,6.8131336352218463,0.0024794691296171913,6,normalized_endpoint_reset_box
flowstar_style_o6_candidate8_output6_keep4,105,2.3033620512073476,2.3070812549017732,-1.1072806230951677,2.9728616479688901,-8.9155806890643348,7.0607129859896753,0.0037192036944257868,6,normalized_endpoint_reset_box
flowstar_style_o6_candidate8_output6_keep4,106,2.3070812549017732,2.3098706576725925,-1.1324140379950443,2.9928274293028179,-9.1057620105468491,7.2552720575946523,0.0027894027708193401,6,normalized_endpoint_reset_box
flowstar_style_o6_candidate8_output6_keep4,107,2.3098706576725925,2.3119627097507069,-1.1516178999871651,3.0081637535683634,-9.2534518934678509,7.4064792785885674,0.0020920520781145049,6,normalized_endpoint_reset_box
flowstar_style_o6_candidate8_output6_keep4,108,2.3119627097507069,2.3151007878678787,-1.1810141323098446,3.0317725771856079,-9.4827960499772637,7.6410366537777694,0.0031380781171717574,6,normalized_endpoint_reset_box
flowstar_style_o6_candidate8_output6_keep4,109,2.3151007878678787,2.3174543464557575,-1.2035425310944188,3.0499714157244489,-9.661881796495372,7.8243442572721706,0.0023535585878788181,6,normalized_endpoint_reset_box
flowstar_style_o6_candidate8_output6_keep4,110,2.3174543464557575,2.3209846843375757,-1.2381430859249973,3.0780964059354874,-9.9415674663443099,8.1102709508223079,0.0035303378818182271,6,normalized_endpoint_reset_box
flowstar_style_o6_candidate8_output6_keep4,111,2.3209846843375757,2.3236324377489392,-1.264755753643612,3.0998672519751138,-10.161407253834245,8.3352102309265206,0.0026477534113636702,6,normalized_endpoint_reset_box
flowstar_style_o6_candidate8_output6_keep8,0,0,0.050000000000000003,1.2152074444650907,1.5176150676963818,2.1485663500256313,2.3525639974500967,0.050000000000000003,6,normalized_endpoint_reset_box
flowstar_style_o6_candidate8_output6_keep8,1,0.050000000000000003,0.125,1.3692059779404766,1.6807305744533001,1.7943688718712347,2.1409558291634041,0.075000000000000011,6,normalized_endpoint_reset_box
flowstar_style_o6_candidate8_output6_keep8,2,0.125,0.17499999999999999,1.4550809115238463,1.7809353748708479,1.5355131789421594,1.9672683679231082,0.050000000000000003,6,normalized_endpoint_reset_box
flowstar_style_o6_candidate8_output6_keep8,3,0.17499999999999999,0.21249999999999999,1.5103835416521394,1.850633509539573,1.3364975816154616,1.8261407321700431,0.037500000000000006,6,normalized_endpoint_reset_box
flowstar_style_o6_candidate8_output6_keep8,4,0.21249999999999999,0.26874999999999999,1.5803796023290668,1.9439981267041315,1.0435889671081906,1.6027700398281788,0.056250000000000008,6,normalized_endpoint_reset_box
flowstar_style_o6_candidate8_output6_keep8,5,0.26874999999999999,0.31093749999999998,1.6215980279812892,2.0063645161256076,0.8322119250881963,1.4342212392444533,0.042187500000000003,6,normalized_endpoint_reset_box
flowstar_style_o6_candidate8_output6_keep8,6,0.31093749999999998,0.37421874999999999,1.6683509057871548,2.0857366942302584,0.54241110114273494,1.1851349463514418,0.063281250000000011,6,normalized_endpoint_reset_box
flowstar_style_o6_candidate8_output6_keep8,7,0.37421874999999999,0.42167968750000001,1.6911557436141385,2.1359964893692593,0.34740056266238278,1.0095045128309925,0.047460937500000008,6,normalized_endpoint_reset_box
flowstar_style_o6_candidate8_output6_keep8,8,0.42167968750000001,0.457275390625,1.7020477111324324,2.1687879251512436,0.21496785895461465,0.88587485024413126,0.035595703125000003,6,normalized_endpoint_reset_box
flowstar_style_o6_candidate8_output6_keep8,9,0.457275390625,0.51066894531249996,1.7105674134359505,2.2095828282734136,0.041777432653967238,0.71217456527057399,0.053393554687500004,6,normalized_endpoint_reset_box
flowstar_style_o6_candidate8_output6_keep8,10,0.51066894531249996,0.55071411132812498,1.7108101375543328,2.2348195094864374,-0.070822683992198654,0.59353570683605994,0.040045166015625001,6,normalized_endpoint_reset_box
flowstar_style_o6_candidate8_output6_keep8,11,0.55071411132812498,0.61078186035156246,1.7037627565526299,2.2639187218329755,-0.21114461798310957,0.4312751064130313,0.060067749023437506,6,normalized_endpoint_reset_box
flowstar_style_o6_candidate8_output6_keep8,12,0.61078186035156246,0.65583267211914054,1.6929239071067539,2.2801838397989558,-0.29814223114538535,0.32323152899850954,0.045050811767578129,6,normalized_endpoint_reset_box
flowstar_style_o6_candidate8_output6_keep8,13,0.65583267211914054,0.72340888977050777,1.6701804327813166,2.2959721088121037,-0.40138525772525541,0.17880310693796916,0.06757621765136719,6,normalized_endpoint_reset_box
flowstar_style_o6_candidate8_output6_keep8,14,0.72340888977050777,0.77340888977050781,1.6488760403283604,2.3022167117536707,-0.46141180617929184,0.085396620937466375,0.050000000000000003,6,normalized_endpoint_reset_box
flowstar_style_o6_candidate8_output6_keep8,15,0.77340888977050781,0.81090888977050779,1.6309294361760134,2.3041369137637169,-0.49872679098958611,0.021827102781611481,0.037500000000000006,6,normalized_endpoint_reset_box
flowstar_style_o6_candidate8_output6_keep8,16,0.81090888977050779,0.86715888977050781,1.6015162346030865,2.3029119894843051,-0.54604498053613215,-0.062963176833885304,0.056250000000000008,6,normalized_endpoint_reset_box
flowstar_style_o6_candidate8_output6_keep8,17,0.86715888977050781,0.90934638977050786,1.5777449652323972,2.2991422915369353,-0.58025896635403074,-0.11479985147022083,0.042187500000000003,6,normalized_endpoint_reset_box
flowstar_style_o6_candidate8_output6_keep8,18,0.90934638977050786,0.97262763977050781,1.539441116334481,2.2898175020528311,-0.62929078301739716,-0.17812460160416854,0.063281250000000011,6,normalized_endpoint_reset_box
flowstar_style_o6_candidate8_output6_keep8,19,0.97262763977050781,1.0200885772705077,1.5086953794659741,2.2804775126279249,-0.66568273123174382,-0.21491613602427059,0.047460937500000008,6,normalized_endpoint_reset_box
flowstar_style_o6_candidate8_output6_keep8,20,1.0200885772705077,1.0556842803955078,1.4845044268453431,2.2724280060462432,-0.69308581948253178,-0.23726865727763546,0.035595703125000003,6,normalized_endpoint_reset_box
flowstar_style_o6_candidate8_output6_keep8,21,1.0556842803955078,1.1090778350830077,1.4463931836189436,2.2590168407041542,-0.73379384173580009,-0.26485327578627477,0.053393554687500004,6,normalized_endpoint_reset_box
flowstar_style_o6_candidate8_output6_keep8,22,1.1090778350830077,1.1491230010986326,1.4163713013031491,2.2481052080998256,-0.76514007070852652,-0.2802308308012042,0.040045166015625001,6,normalized_endpoint_reset_box
flowstar_style_o6_candidate8_output6_keep8,23,1.1491230010986326,1.2091907501220702,1.3689637189255022,2.2307495197264595,-0.81260963829791022,-0.29786235308778242,0.060067749023437506,6,normalized_endpoint_reset_box
flowstar_style_o6_candidate8_output6_keep8,24,1.2091907501220702,1.2542415618896483,1.3314962717620527,2.2171694516289686,-0.85022856090087895,-0.30542021734456881,0.045050811767578129,6,normalized_endpoint_reset_box
flowstar_style_o6_candidate8_output6_keep8,25,1.2542415618896483,1.2880296707153318,1.3022612956873969,2.2068129222657671,-0.8798987176170584,-0.30798472652141096,0.033788108825683595,6,normalized_endpoint_reset_box
flowstar_style_o6_candidate8_output6_keep8,26,1.2880296707153318,1.3387118339538573,1.2564892406814259,2.1911931215838858,-0.92578619543628826,-0.30909848416307178,0.050682163238525396,6,normalized_endpoint_reset_box
flowstar_style_o6_candidate8_output6_keep8,27,1.3387118339538573,1.3767234563827513,1.2205880159024769,2.1795133340197572,-0.96278127652899304,-0.30600340088795674,0.038011622428894047,6,normalized_endpoint_reset_box
flowstar_style_o6_candidate8_output6_keep8,28,1.3767234563827513,1.4052321732044217,1.1927161342079546,2.1708620274195836,-0.99224119627748364,-0.30135455264728161,0.028508716821670534,6,normalized_endpoint_reset_box
flowstar_style_o6_candidate8_output6_keep8,29,1.4052321732044217,1.4479952484369276,1.1492920155066644,2.1581811620246376,-1.0382477500523126,-0.29249945276333295,0.042763075232505804,6,normalized_endpoint_reset_box
flowstar_style_o6_candidate8_output6_keep8,30,1.4479952484369276,1.4800675548613069,1.1153900224985822,2.1489681827563607,-1.0755322821441542,-0.28258011139485917,0.032072306424379353,6,normalized_endpoint_reset_box
flowstar_style_o6_candidate8_output6_keep8,31,1.4800675548613069,1.528176014497876,1.0622148122299717,2.1358230163877501,-1.1346525306250552,-0.26498004590947888,0.048108459636569026,6,normalized_endpoint_reset_box
flowstar_style_o6_candidate8_output6_keep8,32,1.528176014497876,1.5642573592253028,1.0203858446050966,2.1266034032107233,-1.1836151621401261,-0.24681854949229665,0.036081344727426773,6,normalized_endpoint_reset_box
flowstar_style_o6_candidate8_output6_keep8,33,1.5642573592253028,1.5913183677708729,0.98781467192602435,2.1201588027515523,-1.2233676404162253,-0.23001553339022962,0.02706100854557008,6,normalized_endpoint_reset_box
flowstar_style_o6_candidate8_output6_keep8,34,1.5913183677708729,1.631909880589228,0.93686565702561009,2.1114107234918511,-1.2866421626338214,-0.20199048480145282,0.040591512818355116,6,normalized_endpoint_reset_box
flowstar_style_o6_candidate8_output6_keep8,35,1.631909880589228,1.6623535152029945,0.89689518161162296,2.1056675370419438,-1.3389821155365953,-0.17597672184999752,0.030443634613766337,6,normalized_endpoint_reset_box
flowstar_style_o6_candidate8_output6_keep8,36,1.6623535152029945,1.6851862411633192,0.86583601203906779,2.1019144824855007,-1.3813931121062963,-0.15323952453169762,0.022832725960324752,6,normalized_endpoint_reset_box
flowstar_style_o6_candidate8_output6_keep8,37,1.6851862411633192,1.7194353301038063,0.81736445645997247,2.0973173920665653,-1.448929882394445,-0.11603943950786087,0.03424908894048713,6,normalized_endpoint_reset_box
flowstar_style_o6_candidate8_output6_keep8,38,1.7194353301038063,1.7451221468091718,0.77942923166928457,2.0947675993274872,-1.5045676596585236,-0.083056180094418189,0.025686816705365347,6,normalized_endpoint_reset_box
flowstar_style_o6_candidate8_output6_keep8,39,1.7451221468091718,1.7643872593381957,0.75000932736053305,2.0934412074744122,-1.5494789843536654,-0.055051866329082356,0.01926511252902401,6,normalized_endpoint_reset_box
flowstar_style_o6_candidate8_output6_keep8,40,1.7643872593381957,1.7932849281317318,0.70419934538545481,2.0925154401434791,-1.620902900197233,-0.0096941108083432176,0.028897668793536016,6,normalized_endpoint_reset_box
flowstar_style_o6_candidate8_output6_keep8,41,1.7932849281317318,1.8149581797268839,0.66843370347946762,2.0927343138462584,-1.679416367498356,0.029422336767516048,0.021673251595152012,6,normalized_endpoint_reset_box
flowstar_style_o6_candidate8_output6_keep8,42,1.8149581797268839,1.8312131184232479,0.64075167970719271,2.0934802594018578,-1.7264289369304779,0.062008904757205052,0.016254938696364008,6,normalized_endpoint_reset_box
flowstar_style_o6_candidate8_output6_keep8,43,1.8312131184232479,1.8555955264677939,0.59774740604990673,2.0956373471927425,-1.8010108586820761,0.11439487299866022,0.024382408044546014,6,normalized_endpoint_reset_box
flowstar_style_o6_candidate8_output6_keep8,44,1.8555955264677939,1.8738823325012035,0.56425671220272611,2.0981377330038145,-1.8617367253078487,0.15868761516133484,0.01828680603340951,6,normalized_endpoint_reset_box
flowstar_style_o6_candidate8_output6_keep8,45,1.8738823325012035,1.9013125415513177,0.5118527489645055,2.1034881517204473,-1.9592783810786052,0.23084251739781353,0.027430209050114264,6,normalized_endpoint_reset_box
flowstar_style_o6_candidate8_output6_keep8,46,1.9013125415513177,1.9218851983389034,0.47071486692221526,2.108880201996747,-2.0400392617686953,0.29295202474057824,0.0205726567875857,6,normalized_endpoint_reset_box
flowstar_style_o6_candidate8_output6_keep8,47,1.9218851983389034,1.9373146909295926,0.43873301913834489,2.1138017819464547,-2.1054777737041932,0.34469072177634646,0.015429492590689275,6,normalized_endpoint_reset_box
flowstar_style_o6_candidate8_output6_keep8,48,1.9373146909295926,1.9604589298156265,0.38879280580059716,2.1227531141744143,-2.2103185775148262,0.42843924037040709,0.02314423888603391,6,normalized_endpoint_reset_box
flowstar_style_o6_candidate8_output6_keep8,49,1.9604589298156265,1.9778171089801519,0.34967792418082477,2.1308081673788712,-2.2965853166542267,0.49937487304818778,0.017358179164525433,6,normalized_endpoint_reset_box
flowstar_style_o6_candidate8_output6_keep8,50,1.9778171089801519,1.990835743353546,0.31932689047596063,2.1376909188166535,-2.3661305217096658,0.55776323114186621,0.013018634373394074,6,normalized_endpoint_reset_box
flowstar_style_o6_candidate8_output6_keep8,51,1.990835743353546,2.0103636949136372,0.27203992433988045,2.1495024946581927,-2.4771968565882556,0.65171373799666221,0.019527951560091111,6,normalized_endpoint_reset_box
flowstar_style_o6_candidate8_output6_keep8,52,2.0103636949136372,2.0250096585837056,0.23509524022879399,2.1596237590696648,-2.5679973779581604,0.73022435632116656,0.014645963670068332,6,normalized_endpoint_reset_box
flowstar_style_o6_candidate8_output6_keep8,53,2.0250096585837056,2.0359941313362571,0.20648742784605834,2.1679971607365571,-2.6408148989230633,0.79419220158274351,0.010984472752551249,6,normalized_endpoint_reset_box
flowstar_style_o6_candidate8_output6_keep8,54,2.0359941313362571,2.0524708404650838,0.16202409581394761,2.181926775927864,-2.7566879796513835,0.8965342273449256,0.016476709128826872,6,normalized_endpoint_reset_box
flowstar_style_o6_candidate8_output6_keep8,55,2.0524708404650838,2.064828372311704,0.12737797826664196,2.1935286454676541,-2.8507961509252047,0.98105987861038935,0.012357531846620154,6,normalized_endpoint_reset_box
flowstar_style_o6_candidate8_output6_keep8,56,2.064828372311704,2.0740965211966693,0.10060874792562216,2.2029381421200651,-2.9258672642176622,1.0493137422420871,0.0092681488849651154,6,normalized_endpoint_reset_box
flowstar_style_o6_candidate8_output6_keep8,57,2.0740965211966693,2.0879987445241168,0.059108492558984101,2.2182808311370987,-3.0448585738404574,1.157911816401934,0.013902223327447673,6,normalized_endpoint_reset_box
flowstar_style_o6_candidate8_output6_keep8,58,2.0879987445241168,2.0984254120197026,0.026861359096667269,2.2308169961118658,-3.1408628319359684,1.2466723592848699,0.010426667495585755,6,normalized_endpoint_reset_box
flowstar_style_o6_candidate8_output6_keep8,59,2.0984254120197026,2.1140654132630812,-0.023458677801425926,2.2514301060959272,-3.2947475818385943,1.3894936745505573,0.015640001243378634,6,normalized_endpoint_reset_box
flowstar_style_o6_candidate8_output6_keep8,60,2.1140654132630812,2.1257954141956152,-0.062841861780788197,2.2684231404228412,-3.4206915342519908,1.5079784775914933,0.011730000932533974,6,normalized_endpoint_reset_box
flowstar_style_o6_candidate8_output6_keep8,61,2.1257954141956152,2.1345929148950158,-0.0933789603374615,2.2821119600676449,-3.5217770398513943,1.6040144309855391,0.0087975006994004817,6,normalized_endpoint_reset_box
flowstar_style_o6_candidate8_output6_keep8,62,2.1345929148950158,2.1477891659441166,-0.1409121830502976,2.3042906959778673,-3.6831773459070889,1.7577200231645891,0.013196251049100723,6,normalized_endpoint_reset_box
flowstar_style_o6_candidate8_output6_keep8,63,2.1477891659441166,2.1576863542309423,-0.17801207012953618,2.3223110723667961,-3.8144083179724619,1.8839866192827197,0.009897188286825542,6,normalized_endpoint_reset_box
flowstar_style_o6_candidate8_output6_keep8,64,2.1576863542309423,2.1651092454460614,-0.20671388557298434,2.3366724356511694,-3.9191829924504757,1.98555271650446,0.007422891215119156,6,normalized_endpoint_reset_box
flowstar_style_o6_candidate8_output6_keep8,65,2.1651092454460614,2.1762435822687403,-0.25127358603492089,2.3596778988950078,-4.0857736417357273,2.1472580417050016,0.011134336822678734,6,normalized_endpoint_reset_box
flowstar_style_o6_candidate8_output6_keep8,66,2.1762435822687403,2.1845943348857495,-0.28595245057692797,2.3781577494987785,-4.2203337351274888,2.2788995885285046,0.008350752617009051,6,normalized_endpoint_reset_box
flowstar_style_o6_candidate8_output6_keep8,67,2.1845943348857495,2.1908573993485061,-0.31271849520557471,2.3927596445164609,-4.3272012050561397,2.3840467106600443,0.0062630644627567882,6,normalized_endpoint_reset_box
flowstar_style_o6_candidate8_output6_keep8,68,2.1908573993485061,2.2002519960426414,-0.35416107253525875,2.4159366848760175,-4.4963736227686972,2.5505935572730274,0.0093945966941351815,6,normalized_endpoint_reset_box
flowstar_style_o6_candidate8_output6_keep8,69,2.2002519960426414,2.2072979435632427,-0.38631869123651752,2.4343807523214007,-4.6321270143861684,2.6850439797838224,0.0070459475206013861,6,normalized_endpoint_reset_box
flowstar_style_o6_candidate8_output6_keep8,70,2.2072979435632427,2.2125824042036939,-0.41107971389119158,2.4488514122789975,-4.7393827150083014,2.7917359081631679,0.0052844606404510398,6,normalized_endpoint_reset_box
flowstar_style_o6_candidate8_output6_keep8,71,2.2125824042036939,2.2205090951643704,-0.4493137240768626,2.4716449680349166,-4.9084070163581446,2.9598839173997136,0.0079266909606765593,6,normalized_endpoint_reset_box
flowstar_style_o6_candidate8_output6_keep8,72,2.2205090951643704,2.2264541133848779,-0.47889344938734696,2.4896411052045746,-5.043174886409723,3.0945732904795196,0.0059450182205074194,6,normalized_endpoint_reset_box
flowstar_style_o6_candidate8_output6_keep8,73,2.2264541133848779,2.235371640715639,-0.52481529464007881,2.5181877829807844,-5.2575375026076481,3.3087771403256161,0.0089175273307611283,6,normalized_endpoint_reset_box
flowstar_style_o6_candidate8_output6_keep8,74,2.235371640715639,2.2420597862137099,-0.56055360092393991,2.5408958951911838,-5.4303987151369917,3.4823403139522875,0.0066881454980708462,6,normalized_endpoint_reset_box
flowstar_style_o6_candidate8_output6_keep8,75,2.2420597862137099,2.2470758953372632,-0.58813575313674704,2.5587094567968545,-5.5675015333339637,3.6204803136029464,0.0050161091235531342,6,normalized_endpoint_reset_box
flowstar_style_o6_candidate8_output6_keep8,76,2.2470758953372632,2.254600059022593,-0.63083778514018829,2.5867691599072073,-5.7845685811046117,3.8390668147126399,0.0075241636853297014,6,normalized_endpoint_reset_box
flowstar_style_o6_candidate8_output6_keep8,77,2.254600059022593,2.2602431817865902,-0.66396914116208128,2.6089278117310175,-5.9584688132444859,4.0148206784513167,0.0056431227639972756,6,normalized_endpoint_reset_box
flowstar_style_o6_candidate8_output6_keep8,78,2.2602431817865902,2.2644755238595882,-0.68947686370412087,2.626213573674915,-6.0956820993671235,4.1538638543524975,0.0042323420729979567,6,normalized_endpoint_reset_box
flowstar_style_o6_candidate8_output6_keep8,79,2.2644755238595882,2.2708240369690853,-0.72885749645645104,2.6532763527732914,-6.3119042902654394,4.3727948075509095,0.006348513109496935,6,normalized_endpoint_reset_box
flowstar_style_o6_candidate8_output6_keep8,80,2.2708240369690853,2.2755854218012082,-0.75931886933611981,2.6745117166910464,-6.4840261731964821,4.5475552295264379,0.0047613848321227011,6,normalized_endpoint_reset_box
flowstar_style_o6_candidate8_output6_keep8,81,2.2755854218012082,2.2791564604253001,-0.78271416629677237,2.6909962471708551,-6.6191552984025064,4.6850335915849879,0.0035710386240920258,6,normalized_endpoint_reset_box
flowstar_style_o6_candidate8_output6_keep8,82,2.2791564604253001,2.2845130183614382,-0.81873450248599144,2.7166665501048111,-6.8311023430455347,4.9004676477962139,0.0053565579361380383,6,normalized_endpoint_reset_box
flowstar_style_o6_candidate8_output6_keep8,83,2.2845130183614382,2.2885304368135415,-0.84651340265526709,2.736695946273676,-6.9987893491808899,5.0712755488035901,0.0040174184521035283,6,normalized_endpoint_reset_box
flowstar_style_o6_candidate8_output6_keep8,84,2.2885304368135415,2.294556564491697,-0.88948212271820581,2.7680645070998899,-7.2639091595429024,5.3410175234225177,0.0060261276781552924,6,normalized_endpoint_reset_box
flowstar_style_o6_candidate8_output6_keep8,85,2.294556564491697,2.2990761602503134,-0.92278806127671931,2.7926897923896599,-7.4756585259110153,5.5569310447561691,0.0045195957586164695,6,normalized_endpoint_reset_box
flowstar_style_o6_candidate8_output6_keep8,86,2.2990761602503134,2.3024658570692758,-0.94840974548710644,2.8118138751536099,-7.6423317069020431,5.7271543483528982,0.0033896968189623521,6,normalized_endpoint_reset_box
flowstar_style_o6_candidate8_output6_keep8,87,2.3024658570692758,2.3075504022977191,-0.98792984278813611,2.8416105276584371,-7.9045778335620751,5.9946630958299112,0.0050845452284435282,6,normalized_endpoint_reset_box
flowstar_style_o6_candidate8_output6_keep8,88,2.3075504022977191,2.311363811219052,-1.0184682045800839,2.8648746923301873,-8.112718659881164,6.2073337775669604,0.0038134089213326464,6,normalized_endpoint_reset_box
flowstar_style_o6_candidate8_output6_keep8,89,2.311363811219052,2.3142238679100515,-1.0419034244560774,2.8828659719790073,-8.2757440565312272,6.3741105609431994,0.0028600566909994848,6,normalized_endpoint_reset_box
flowstar_style_o6_candidate8_output6_keep8,90,2.3142238679100515,2.3185139529465508,-1.0779514259298741,2.9107684375328953,-8.5310400382107456,6.6349705908913741,0.0042900850364992272,6,normalized_endpoint_reset_box
flowstar_style_o6_candidate8_output6_keep8,91,2.3185139529465508,2.3217315167239252,-1.1057232441310945,2.9324473338064503,-8.732451648406343,6.8410339931708339,0.0032175637773744206,6,normalized_endpoint_reset_box
flowstar_style_o6_candidate8_output6_keep8,92,2.3217315167239252,2.324144689556956,-1.1269850890193376,2.9491495618124373,-8.8894680161553428,7.0018277994421441,0.0024131728330308152,6,normalized_endpoint_reset_box
flowstar_style_o6_candidate8_output6_keep8,93,2.324144689556956,2.3277644488065024,-1.1596034723692457,2.9749457760199594,-9.1342382017157888,7.2522035925095185,0.0036197592495462228,6,normalized_endpoint_reset_box
flowstar_style_o6_candidate8_output6_keep8,94,2.3277644488065024,2.3304792682436619,-1.1846609627559668,2.9949003358328765,-9.3262566752284677,7.4488133791893878,0.0027148194371596672,6,normalized_endpoint_reset_box
flowstar_style_o6_candidate8_output6_keep8,95,2.3304792682436619,2.3345514973994015,-1.2232490431261567,3.0258576312244774,-9.6275461838905887,7.7568984289685767,0.0040722291557395013,6,normalized_endpoint_reset_box
flowstar_style_o6_candidate8_output6_keep8,96,2.3345514973994015,2.3376056692662059,-1.2530151676165453,3.0499194053095966,-9.8656989035541525,8.0006711683496494,0.003054171866804626,6,normalized_endpoint_reset_box
flowstar_style_o6_candidate8_output6_keep8,97,2.3376056692662059,2.3398962981663094,-1.275826084659043,3.0684635820468653,-10.051634179213686,8.1911378938667454,0.0022906289001034695,6,normalized_endpoint_reset_box
flowstar_style_o6_candidate8_output6_keep8,98,2.3398962981663094,2.3433322415164648,-1.310858853779286,3.0971158528985829,-10.342013732367837,8.488227656086309,0.0034359433501552042,6,normalized_endpoint_reset_box
flowstar_style_o6_candidate8_output6_keep8,99,2.3433322415164648,2.345909199029081,-1.3378025840198626,3.1192897290272601,-10.5702192252757,8.7218902351411423,0.0025769575126164033,6,normalized_endpoint_reset_box
flowstar_style_o6_candidate8_output6_keep4_centered,0,0,0.050000000000000003,1.2152073421903087,1.5176151700730418,2.1485662817375037,2.3525640646972352,0.050000000000000003,6,normalized_endpoint_reset_box
flowstar_style_o6_candidate8_output6_keep4_centered,1,0.050000000000000003,0.125,1.3692055558743783,1.6807310213970075,1.7943622835788919,2.1409624348714127,0.075000000000000011,6,normalized_endpoint_reset_box
flowstar_style_o6_candidate8_output6_keep4_centered,2,0.125,0.17499999999999999,1.4550799962634968,1.7809363082997465,1.5355050783245565,1.9672764765015416,0.050000000000000003,6,normalized_endpoint_reset_box
flowstar_style_o6_candidate8_output6_keep4_centered,3,0.17499999999999999,0.21249999999999999,1.5103822744574369,1.8506347937113987,1.3364886265147051,1.8261496713037897,0.037500000000000006,6,normalized_endpoint_reset_box
flowstar_style_o6_candidate8_output6_keep4_centered,4,0.21249999999999999,0.26874999999999999,1.5803776220320955,1.9440001465294252,1.0435704194953568,1.6027884677017359,0.056250000000000008,6,normalized_endpoint_reset_box
flowstar_style_o6_candidate8_output6_keep4_centered,5,0.26874999999999999,0.31093749999999998,1.6215952994381944,2.0063672732567777,0.83219320033009347,1.4342397990277718,0.042187500000000003,6,normalized_endpoint_reset_box
flowstar_style_o6_candidate8_output6_keep4_centered,6,0.31093749999999998,0.37421874999999999,1.6683467128735063,2.0857405003228267,0.5423890905765858,1.185157572666792,0.063281250000000011,6,normalized_endpoint_reset_box
flowstar_style_o6_candidate8_output6_keep4_centered,7,0.37421874999999999,0.42167968750000001,1.6911504481201374,2.1360014451670994,0.34737388200531483,1.0095316541288468,0.047460937500000008,6,normalized_endpoint_reset_box
flowstar_style_o6_candidate8_output6_keep4_centered,8,0.42167968750000001,0.457275390625,1.702041461880009,2.168793860413281,0.2149414479003714,0.88590162035516495,0.035595703125000003,6,normalized_endpoint_reset_box
flowstar_style_o6_candidate8_output6_keep4_centered,9,0.457275390625,0.51066894531249996,1.710559588704385,2.2095904231317398,0.041741823854493716,0.71221022342988383,0.053393554687500004,6,normalized_endpoint_reset_box
flowstar_style_o6_candidate8_output6_keep4_centered,10,0.51066894531249996,0.55071411132812498,1.7108008378603516,2.2348286008680303,-0.070857375097607769,0.59357031988483955,0.040045166015625001,6,normalized_endpoint_reset_box
flowstar_style_o6_candidate8_output6_keep4_centered,11,0.55071411132812498,0.61078186035156246,1.7037510363675004,2.2639303584032033,-0.21117782607894872,0.43130775116233278,0.060067749023437506,6,normalized_endpoint_reset_box
flowstar_style_o6_candidate8_output6_keep4_centered,12,0.61078186035156246,0.65583267211914054,1.6929104849461212,2.280197170599819,-0.2981743017517931,0.32326302073878371,0.045050811767578129,6,normalized_endpoint_reset_box
flowstar_style_o6_candidate8_output6_keep4_centered,13,0.65583267211914054,0.68962078094482415,1.6821694770658779,2.2895509128354723,-0.35427103263382992,0.24925741924180414,0.033788108825683595,6,normalized_endpoint_reset_box
flowstar_style_o6_candidate8_output6_keep4_centered,14,0.68962078094482415,0.74030294418334952,1.6628528317391698,2.2990763735383437,-0.42438548996389347,0.14737100131291236,0.050682163238525396,6,normalized_endpoint_reset_box
flowstar_style_o6_candidate8_output6_keep4_centered,15,0.74030294418334952,0.77831456661224352,1.6460243420927261,2.3031909099922894,-0.46809667265153826,0.078269959128521582,0.038011622428894047,6,normalized_endpoint_reset_box
flowstar_style_o6_candidate8_output6_keep4_centered,16,0.77831456661224352,0.83533200025558463,1.6178819755616305,2.3047983312929206,-0.52067618413979777,-0.016256655596760206,0.057017433643341067,6,normalized_endpoint_reset_box
flowstar_style_o6_candidate8_output6_keep4_centered,17,0.83533200025558463,0.8780950754880904,1.5948417127097194,2.3027999117773765,-0.5562351334989678,-0.076023786971290253,0.042763075232505804,6,normalized_endpoint_reset_box
flowstar_style_o6_candidate8_output6_keep4_centered,18,0.8780950754880904,0.91016738191246971,1.576577596229763,2.299740894749176,-0.58225750907419416,-0.1142885454143131,0.032072306424379353,6,normalized_endpoint_reset_box
flowstar_style_o6_candidate8_output6_keep4_centered,19,0.91016738191246971,0.95827584154903878,1.5476419124347265,2.2930399525466392,-0.61995893663775781,-0.16333323771529487,0.048108459636569026,6,normalized_endpoint_reset_box
flowstar_style_o6_candidate8_output6_keep4_centered,20,0.95827584154903878,0.99435718627646552,1.5247592514721477,2.2865946200461278,-0.6479654036320418,-0.19363984913702645,0.036081344727426773,6,normalized_endpoint_reset_box
flowstar_style_o6_candidate8_output6_keep4_centered,21,0.99435718627646552,1.0484792033676056,1.4885566624927782,2.2750767642393495,-0.68906641019967663,-0.23140312221997517,0.054122017091140159,6,normalized_endpoint_reset_box
flowstar_style_o6_candidate8_output6_keep4_centered,22,1.0484792033676056,1.0890707161859607,1.459942888525166,2.2652363352636975,-0.72027185754051415,-0.25338212697997076,0.040591512818355116,6,normalized_endpoint_reset_box
flowstar_style_o6_candidate8_output6_keep4_centered,23,1.0890707161859607,1.1195143507997272,1.4376471033438167,2.2573226145619119,-0.74408882206780902,-0.26663304954682449,0.030443634613766337,6,normalized_endpoint_reset_box
flowstar_style_o6_candidate8_output6_keep4_centered,24,1.1195143507997272,1.1651798027203766,1.4028375660317103,2.2447756277636919,-0.77989721536069478,-0.28303386586301321,0.045665451920649504,6,normalized_endpoint_reset_box
flowstar_style_o6_candidate8_output6_keep4_centered,25,1.1651798027203766,1.1994288916608637,1.3756435825339854,2.2349363227275232,-0.80771770121071684,-0.29179644902386731,0.03424908894048713,6,normalized_endpoint_reset_box
flowstar_style_o6_candidate8_output6_keep4_centered,26,1.1994288916608637,1.2251157083662292,1.3546153807817551,2.2273844442598922,-0.82925426774939115,-0.29646000065687389,0.025686816705365347,6,normalized_endpoint_reset_box
flowstar_style_o6_candidate8_output6_keep4_centered,27,1.2251157083662292,1.2636459334242771,1.3220235213325022,2.2158693527976698,-0.86208242496209475,-0.30163695517984523,0.038530225058048019,6,normalized_endpoint_reset_box
flowstar_style_o6_candidate8_output6_keep4_centered,28,1.2636459334242771,1.2925436022178132,1.2967343134894753,2.2071350237919973,-0.88784866442013266,-0.30321399030829554,0.028897668793536016,6,normalized_endpoint_reset_box
flowstar_style_o6_candidate8_output6_keep4_centered,29,1.2925436022178132,1.3358901054081171,1.2573781938109931,2.1939971103447098,-0.92757788056416113,-0.30354407102839154,0.043346503190304024,6,normalized_endpoint_reset_box
flowstar_style_o6_candidate8_output6_keep4_centered,30,1.3358901054081171,1.3683999828008451,1.2267013070297104,2.1841805718820004,-0.95929868017951148,-0.30084922654426,0.032509877392728016,6,normalized_endpoint_reset_box
flowstar_style_o6_candidate8_output6_keep4_centered,31,1.3683999828008451,1.3927823908453911,1.2030025740000376,2.1768954715471511,-0.98433989324955484,-0.29709646049894195,0.024382408044546014,6,normalized_endpoint_reset_box
flowstar_style_o6_candidate8_output6_keep4_centered,32,1.3927823908453911,1.4293560029122101,1.1662838967286457,2.1661699461365198,-1.0231966442074316,-0.29005982786582152,0.036573612066819021,6,normalized_endpoint_reset_box
flowstar_style_o6_candidate8_output6_keep4_centered,33,1.4293560029122101,1.4567862119623243,1.1377866945039694,2.1583251263037706,-1.0542992248158989,-0.28239488734785873,0.027430209050114264,6,normalized_endpoint_reset_box
flowstar_style_o6_candidate8_output6_keep4_centered,34,1.4567862119623243,1.4979315255374956,1.0933934799140008,2.1470005678159678,-1.1031381907349578,-0.26893290087485522,0.041145313575171399,6,normalized_endpoint_reset_box
flowstar_style_o6_candidate8_output6_keep4_centered,35,1.4979315255374956,1.5287905107188742,1.0587332501575077,2.1389203961197434,-1.1429043484203365,-0.255356770406099,0.03085898518137855,6,normalized_endpoint_reset_box
flowstar_style_o6_candidate8_output6_keep4_centered,36,1.5287905107188742,1.5519347496049081,1.0319100542313162,2.1331585851277715,-1.1747420915748943,-0.24299943522319389,0.02314423888603391,6,normalized_endpoint_reset_box
flowstar_style_o6_candidate8_output6_keep4_centered,37,1.5519347496049081,1.5866511079339589,0.99025188458057567,2.1250898741677724,-1.2248358321627093,-0.22260918714602004,0.034716358329050866,6,normalized_endpoint_reset_box
flowstar_style_o6_candidate8_output6_keep4_centered,38,1.5866511079339589,1.6126883766807472,0.95782700036398827,2.1195426035632203,-1.2655258444398247,-0.20405776756372179,0.026037268746788148,6,normalized_endpoint_reset_box
flowstar_style_o6_candidate8_output6_keep4_centered,39,1.6126883766807472,1.6322163282408382,0.93279428713565504,2.1157176428838169,-1.2980188523937886,-0.18809223448517071,0.019527951560091111,6,normalized_endpoint_reset_box
flowstar_style_o6_candidate8_output6_keep4_centered,40,1.6322163282408382,1.6615082555809748,0.89401995709281556,2.1105961982314199,-1.3491112000487373,-0.16229736259866995,0.029291927340136664,6,normalized_endpoint_reset_box
flowstar_style_o6_candidate8_output6_keep4_centered,41,1.6615082555809748,1.6834772010860772,0.86392485709211186,2.1072824864248494,-1.3904314322068272,-0.13986438974156198,0.021968945505102498,6,normalized_endpoint_reset_box
flowstar_style_o6_candidate8_output6_keep4_centered,42,1.6834772010860772,1.7164306193437309,0.81701727201454299,2.1032918681408619,-1.4561409533304566,-0.10323824300748061,0.032953418257653744,6,normalized_endpoint_reset_box
flowstar_style_o6_candidate8_output6_keep4_centered,43,1.7164306193437309,1.7411456830369711,0.78035852426211727,2.101146857387481,-1.5101298902461129,-0.070943247696532194,0.024715063693240308,6,normalized_endpoint_reset_box
flowstar_style_o6_candidate8_output6_keep4_centered,44,1.7411456830369711,1.7596819808069013,0.75196138688241487,2.1000888860881819,-1.5536178783389274,-0.043632245493248199,0.018536297769930231,6,normalized_endpoint_reset_box
flowstar_style_o6_candidate8_output6_keep4_centered,45,1.7596819808069013,1.7874864274617968,0.70780092505147352,2.0994995960727443,-1.6226566358215226,0.00049925291673062928,0.027804446654895346,6,normalized_endpoint_reset_box
flowstar_style_o6_candidate8_output6_keep4_centered,46,1.7874864274617968,1.8083397624529682,0.67337314029452122,2.0999102396780138,-1.679059885780418,0.038382957017946237,0.020853334991171511,6,normalized_endpoint_reset_box
flowstar_style_o6_candidate8_output6_keep4_centered,47,1.8083397624529682,1.8239797636963468,0.64675773434767925,2.1007593293771549,-1.7242762985034465,0.069832691933632299,0.015640001243378634,6,normalized_endpoint_reset_box
flowstar_style_o6_candidate8_output6_keep4_centered,48,1.8239797636963468,1.8474397655614148,0.60546471159340221,2.1029962177770427,-1.795868281371459,0.12026784076661191,0.023460001865067949,6,normalized_endpoint_reset_box
flowstar_style_o6_candidate8_output6_keep4_centered,49,1.8474397655614148,1.8650347669602156,0.57335387322788567,2.1054895528003286,-1.8539926791727304,0.16273360731122663,0.017595001398800963,6,normalized_endpoint_reset_box
flowstar_style_o6_candidate8_output6_keep4_centered,50,1.8650347669602156,1.8782310180093165,0.54858129776760933,2.1078684586719532,-1.9003511690531671,0.19749793247456351,0.013196251049100723,6,normalized_endpoint_reset_box
flowstar_style_o6_candidate8_output6_keep4_centered,51,1.8782310180093165,1.8980253945829675,0.51024009230949874,2.1123306716336434,-1.9735137840176009,0.25288784840868889,0.019794376573651084,6,normalized_endpoint_reset_box
flowstar_style_o6_candidate8_output6_keep4_centered,52,1.8980253945829675,1.9128711770132059,0.48050291774552845,2.1164284221494767,-2.0325294902444671,0.29881654626422455,0.014845782430238312,6,normalized_endpoint_reset_box
flowstar_style_o6_candidate8_output6_keep4_centered,53,1.9128711770132059,1.9351398506585633,0.43419332730413357,2.1239125482071657,-2.1266525929652986,0.37281612767058236,0.022268673645357468,6,normalized_endpoint_reset_box
flowstar_style_o6_candidate8_output6_keep4_centered,54,1.9351398506585633,1.9518413558925813,0.39803181078979133,2.130662527578111,-2.2036574623129734,0.4351313659977159,0.016701505234018102,6,normalized_endpoint_reset_box
flowstar_style_o6_candidate8_output6_keep4_centered,55,1.9518413558925813,1.964367484818095,0.37004109619123049,2.1364345044957194,-2.2654493922131262,0.48618552457740927,0.012526128925513576,6,normalized_endpoint_reset_box
flowstar_style_o6_candidate8_output6_keep4_centered,56,1.964367484818095,1.9831566782063654,0.32655336323530232,2.1463411684173517,-2.3636677432630222,0.56794490744699855,0.018789193388270363,6,normalized_endpoint_reset_box
flowstar_style_o6_candidate8_output6_keep4_centered,57,1.9831566782063654,1.9972485732475682,0.29268254135794475,2.1548250783079625,-2.4434955488225985,0.63587093394140015,0.014091895041202772,6,normalized_endpoint_reset_box
flowstar_style_o6_candidate8_output6_keep4_centered,58,1.9972485732475682,2.0078174945284704,0.26652050355738471,2.1618378139321304,-2.5072132735560464,0.69095777467766584,0.01056892128090208,6,normalized_endpoint_reset_box
flowstar_style_o6_candidate8_output6_keep4_centered,59,2.0078174945284704,2.0236708764498235,0.22597418646216841,2.1734890614824756,-2.6081147433508636,0.77866944751245781,0.015853381921353119,6,normalized_endpoint_reset_box
flowstar_style_o6_candidate8_output6_keep4_centered,60,2.0236708764498235,2.0355609128908383,0.19447964250738109,2.1831768146417203,-2.6895811152965798,0.85069391741014289,0.011890036441014839,6,normalized_endpoint_reset_box
flowstar_style_o6_candidate8_output6_keep4_centered,61,2.0355609128908383,2.0444784402215994,0.17020671832001089,2.1910218278630968,-2.7542623898276544,0.90858629227965937,0.0089175273307611283,6,normalized_endpoint_reset_box
flowstar_style_o6_candidate8_output6_keep4_centered,62,2.0444784402215994,2.0578547312177413,0.13268392051424088,2.2037894813238776,-2.8562835615663626,1.0002601585248911,0.013376290996141692,6,normalized_endpoint_reset_box
flowstar_style_o6_candidate8_output6_keep4_centered,63,2.0578547312177413,2.0678869494648477,0.10361896086562093,2.2141987378779935,-2.9381145965116104,1.0747636162364422,0.010032218247106268,6,normalized_endpoint_reset_box
flowstar_style_o6_candidate8_output6_keep4_centered,64,2.0678869494648477,2.0829352768355069,0.058427823665509492,2.2312691145513099,-3.0684661110263871,1.1939254853284806,0.015048327370659403,6,normalized_endpoint_reset_box
flowstar_style_o6_candidate8_output6_keep4_centered,65,2.0829352768355069,2.0942215223635015,0.023200209877061343,2.245298278693185,-3.1743582330243556,1.2920781612471994,0.011286245527994551,6,normalized_endpoint_reset_box
flowstar_style_o6_candidate8_output6_keep4_centered,66,2.0942215223635015,2.1026862065094973,-0.0040268856721661674,2.2565704854804882,-3.2588436972092931,1.371180381122685,0.0084646841459959134,6,normalized_endpoint_reset_box
flowstar_style_o6_candidate8_output6_keep4_centered,67,2.1026862065094973,2.1153832327284912,-0.046252245755972872,2.2747788279352044,-3.3929237065383751,1.4970577549643351,0.01269702621899387,6,normalized_endpoint_reset_box
flowstar_style_o6_candidate8_output6_keep4_centered,68,2.1153832327284912,2.1249060023927364,-0.079075999771211672,2.2895236288854521,-3.5011123368769663,1.5997136284343454,0.0095227696642454021,6,normalized_endpoint_reset_box
flowstar_style_o6_candidate8_output6_keep4_centered,69,2.1249060023927364,2.1320480796409202,-0.10438739134699968,2.301242252328533,-3.5869679751427825,1.6818120980082765,0.0071420772481840516,6,normalized_endpoint_reset_box
flowstar_style_o6_candidate8_output6_keep4_centered,70,2.1320480796409202,2.1427611955131964,-0.14353864265677521,2.3199547420828597,-3.7226232329576248,1.8117505905007092,0.010713115872276077,6,normalized_endpoint_reset_box
flowstar_style_o6_candidate8_output6_keep4_centered,71,2.1427611955131964,2.1507960324174036,-0.17388501724334143,2.3349335395621833,-3.8313699773930008,1.916774054687205,0.0080348369042070565,6,normalized_endpoint_reset_box
flowstar_style_o6_candidate8_output6_keep4_centered,72,2.1507960324174036,2.156822160095559,-0.19723168561749616,2.3467356776922821,-3.9172217105596312,2.0001855626680878,0.0060261276781552924,6,normalized_endpoint_reset_box
flowstar_style_o6_candidate8_output6_keep4_centered,73,2.156822160095559,2.1658613516127918,-0.23324816907097537,2.3654083762028004,-4.052279525950385,2.1315311009643643,0.009039191517232939,6,normalized_endpoint_reset_box
flowstar_style_o6_candidate8_output6_keep4_centered,74,2.1658613516127918,2.1726407452507166,-0.26108390780405805,2.3802155192430874,-4.159859220425596,2.236824102756179,0.0067793936379247043,6,normalized_endpoint_reset_box
flowstar_style_o6_candidate8_output6_keep4_centered,75,2.1726407452507166,2.1828098357076038,-0.30424932853942116,2.403809957477562,-4.3306213242474865,2.4040932064048124,0.010169090456887056,6,normalized_endpoint_reset_box
flowstar_style_o6_candidate8_output6_keep4_centered,76,2.1828098357076038,2.1904366535502691,-0.33780057108840977,2.4226617185910309,-4.4681495873302453,2.5397146119858811,0.0076268178426652927,6,normalized_endpoint_reset_box
flowstar_style_o6_candidate8_output6_keep4_centered,77,2.1904366535502691,2.1961567669322681,-0.36366979949247979,2.4374977513003317,-4.5771226491774994,2.6477027532259036,0.0057201133819989695,6,normalized_endpoint_reset_box
flowstar_style_o6_candidate8_output6_keep4_centered,78,2.1961567669322681,2.2047369370052667,-0.4036770518002874,2.460945409002997,-4.7493181288185689,2.8183775085642959,0.0085801700729984543,6,normalized_endpoint_reset_box
flowstar_style_o6_candidate8_output6_keep4_centered,79,2.2047369370052667,2.2111720645600155,-0.43468118254228694,2.4795228169363082,-4.8871018082992892,2.9556480830295304,0.0064351275547488412,6,normalized_endpoint_reset_box
flowstar_style_o6_candidate8_output6_keep4_centered,80,2.2111720645600155,2.215998410226077,-0.4585295378695316,2.4940496676682939,-4.9957160132557181,3.0642647664635017,0.0048263456660616304,6,normalized_endpoint_reset_box
flowstar_style_o6_candidate8_output6_keep4_centered,81,2.215998410226077,2.2232379287251693,-0.49531140702936644,2.516849865247075,-5.1665634900505104,3.235082849574753,0.0072395184990924457,6,normalized_endpoint_reset_box
flowstar_style_o6_candidate8_output6_keep4_centered,82,2.2232379287251693,2.2286675675994885,-0.52373149490692006,2.5347846684266591,-5.3024066934905587,3.3714421044486254,0.0054296388743193345,6,normalized_endpoint_reset_box
flowstar_style_o6_candidate8_output6_keep4_centered,83,2.2286675675994885,2.232739796755228,-0.54554063222454297,2.5487321840210901,-5.4089589115759136,3.4787101205002884,0.0040722291557395013,6,normalized_endpoint_reset_box
flowstar_style_o6_candidate8_output6_keep4_centered,84,2.232739796755228,2.2388481404888374,-0.57908762259504654,2.5704926062355398,-5.5758077730520927,3.6466048144493057,0.0061083437336092519,6,normalized_endpoint_reset_box
flowstar_style_o6_candidate8_output6_keep4_centered,85,2.2388481404888374,2.2434293982890443,-0.60493295024444582,2.5875029805202643,-5.7076693526413722,3.7797019341110194,0.0045812578002069389,6,normalized_endpoint_reset_box
flowstar_style_o6_candidate8_output6_keep4_centered,86,2.2434293982890443,2.2503012849893547,-0.64486598574502108,2.6141948185648123,-5.9157399701029023,3.9895845869247801,0.0068718867003104084,6,normalized_endpoint_reset_box
flowstar_style_o6_candidate8_output6_keep4_centered,87,2.2503012849893547,2.2554552000145875,-0.67578101876965724,2.6351883493895429,-6.0816976397683487,4.1575272107380172,0.0051539150252328065,6,normalized_endpoint_reset_box
flowstar_style_o6_candidate8_output6_keep4_centered,88,2.2554552000145875,2.2593206362835123,-0.69954093353384394,2.6515144067192513,-6.21218968659689,4.2898912176503563,0.0038654362689246047,6,normalized_endpoint_reset_box
flowstar_style_o6_candidate8_output6_keep4_centered,89,2.2593206362835123,2.2651187906868993,-0.73615098982268801,2.6769876742964915,-6.4171370535847316,4.4976065557767857,0.005798154403386907,6,normalized_endpoint_reset_box
flowstar_style_o6_candidate8_output6_keep4_centered,90,2.2651187906868993,2.2694674064894396,-0.76440848875151179,2.6969039738585363,-6.5795904320512637,4.6626614261018657,0.0043486158025401803,6,normalized_endpoint_reset_box
flowstar_style_o6_candidate8_output6_keep4_centered,91,2.2694674064894396,2.2727288683413449,-0.78607435615649068,2.7123217527060239,-6.7067048919281005,4.7920459675365219,0.0032614618519051352,6,normalized_endpoint_reset_box
flowstar_style_o6_candidate8_output6_keep4_centered,92,2.2727288683413449,2.2776210611192025,-0.81936849011911428,2.736257925998296,-6.905435471570871,4.994142751748659,0.0048921927778577028,6,normalized_endpoint_reset_box
flowstar_style_o6_candidate8_output6_keep4_centered,93,2.2776210611192025,2.2812902057025957,-0.84499182033195075,2.7548741848930898,-7.0620311417000918,5.1536959904009461,0.0036691445833932773,6,normalized_endpoint_reset_box
flowstar_style_o6_candidate8_output6_keep4_centered,94,2.2812902057025957,2.2867939225776857,-0.88453346477579742,2.7839260067472393,-7.3086285264594197,5.404669374724854,0.005503716875089916,6,normalized_endpoint_reset_box
flowstar_style_o6_candidate8_output6_keep4_centered,95,2.2867939225776857,2.2909217102340032,-0.91510452713992851,2.8066464217367226,-7.5046065639326134,5.6045225855824485,0.004127787656317437,6,normalized_endpoint_reset_box
flowstar_style_o6_candidate8_output6_keep4_centered,96,2.2909217102340032,2.2940175509762413,-0.93857470828675493,2.8242395264588906,-7.6582653154124065,5.7614487473146001,0.0030958407422380777,6,normalized_endpoint_reset_box
flowstar_style_o6_candidate8_output6_keep4_centered,97,2.2940175509762413,2.2986613120895982,-0.97469374987916002,2.8515622094143893,-7.8990932146618382,6.0071174345283689,0.0046437611133571168,6,normalized_endpoint_reset_box
flowstar_style_o6_candidate8_output6_keep4_centered,98,2.2986613120895982,2.3021441329246159,-1.0025347738032717,2.8728213456277709,-8.0893283221229115,6.2014729830062212,0.0034828208350178376,6,normalized_endpoint_reset_box
flowstar_style_o6_candidate8_output6_keep4_centered,99,2.3021441329246159,2.3047562485508792,-1.0238583977967457,2.8892182527946528,-8.2377777391938238,6.3533085744062907,0.0026121156262633783,6,normalized_endpoint_reset_box
flowstar_style_o6_candidate8_output6_keep4_centered,100,2.3047562485508792,2.3086744219902742,-1.0565867790934504,2.9145733308725106,-8.4693791178407558,6.589931242571633,0.0039181734393950677,6,normalized_endpoint_reset_box
flowstar_style_o6_candidate8_output6_keep4_centered,101,2.3086744219902742,2.3116130520698204,-1.0817414475527407,2.9342113588388639,-8.651280518373655,6.7759965503614001,0.0029386300795463008,6,normalized_endpoint_reset_box
flowstar_style_o6_candidate8_output6_keep4_centered,102,2.3116130520698204,2.31381702462948,-1.1009640097818492,2.9493046597345716,-8.7925947005775935,6.9206722654466581,0.0022039725596597255,6,normalized_endpoint_reset_box
flowstar_style_o6_candidate8_output6_keep4_centered,103,2.31381702462948,2.3171229834689697,-1.1303931395435141,2.9725539079506986,-9.0121089297324986,7.1451752295059814,0.0033059588394895884,6,normalized_endpoint_reset_box
flowstar_style_o6_candidate8_output6_keep4_centered,104,2.3171229834689697,2.3196024525985868,-1.1529503255178746,2.9904872897578296,-9.183597835945104,7.3207241783731982,0.0024794691296171913,6,normalized_endpoint_reset_box
flowstar_style_o6_candidate8_output6_keep4_centered,105,2.3196024525985868,2.3233216562930123,-1.1876013669846963,3.0182216731136338,-9.4515260215885206,7.5946633295150194,0.0037192036944257868,6,normalized_endpoint_reset_box
flowstar_style_o6_candidate8_output6_keep4_centered,106,2.3233216562930123,2.3261110590638316,-1.2142581659560103,3.0397060784664287,-9.6622419440207974,7.8103156742641939,0.0027894027708193401,6,normalized_endpoint_reset_box
flowstar_style_o6_candidate8_output6_keep4_centered,107,2.3261110590638316,2.3282031111419461,-1.2346430370680122,3.0562208813713365,-9.8261119341121717,7.9781453063354473,0.0020920520781145049,6,normalized_endpoint_reset_box
flowstar_style_o6_candidate8_output6_keep4_centered,108,2.3282031111419461,2.3313411892591178,-1.2658760325893677,3.0816644144692318,-10.080996829565255,8.2388970241735251,0.0031380781171717574,6,normalized_endpoint_reset_box
flowstar_style_o6_candidate8_output6_keep4_centered,109,2.3313411892591178,2.3336947478469967,-1.2898360354165368,3.1012946882857726,-10.280365953102566,8.4430096632133615,0.0023535585878788181,6,normalized_endpoint_reset_box
flowstar_style_o6_candidate8_output6_keep4_centered,110,2.3336947478469967,2.3372250857288148,-1.3266764360278362,3.1316615824609144,-10.592338923377669,8.7619911171873692,0.0035303378818182271,6,normalized_endpoint_reset_box
flowstar_style_o6_candidate8_output6_keep4_centered,111,2.3372250857288148,2.3398728391401784,-1.3550461742928694,3.1551928595659797,-10.838062680670658,9.0134328019997518,0.0026477534113636702,6,normalized_endpoint_reset_box
flowstar_style_o6_candidate8_output6_keep8_centered,0,0,0.050000000000000003,1.2152074444650907,1.5176150676963818,2.1485663500256313,2.3525639974500967,0.050000000000000003,6,normalized_endpoint_reset_box
flowstar_style_o6_candidate8_output6_keep8_centered,1,0.050000000000000003,0.125,1.3692059779404766,1.6807305744533001,1.7943688718712347,2.1409558291634041,0.075000000000000011,6,normalized_endpoint_reset_box
flowstar_style_o6_candidate8_output6_keep8_centered,2,0.125,0.17499999999999999,1.4550809115238463,1.7809353748708479,1.5355131789421594,1.9672683679231082,0.050000000000000003,6,normalized_endpoint_reset_box
flowstar_style_o6_candidate8_output6_keep8_centered,3,0.17499999999999999,0.21249999999999999,1.5103835416521394,1.850633509539573,1.3364975816154616,1.8261407321700431,0.037500000000000006,6,normalized_endpoint_reset_box
flowstar_style_o6_candidate8_output6_keep8_centered,4,0.21249999999999999,0.26874999999999999,1.5803796023290668,1.9439981267041315,1.0435889671081906,1.6027700398281788,0.056250000000000008,6,normalized_endpoint_reset_box
flowstar_style_o6_candidate8_output6_keep8_centered,5,0.26874999999999999,0.31093749999999998,1.6215980279812892,2.0063645161256076,0.8322119250881963,1.4342212392444533,0.042187500000000003,6,normalized_endpoint_reset_box
flowstar_style_o6_candidate8_output6_keep8_centered,6,0.31093749999999998,0.37421874999999999,1.6683509057871548,2.0857366942302584,0.54241110114273494,1.1851349463514418,0.063281250000000011,6,normalized_endpoint_reset_box
flowstar_style_o6_candidate8_output6_keep8_centered,7,0.37421874999999999,0.42167968750000001,1.6911557436141385,2.1359964893692593,0.34740056266238278,1.0095045128309925,0.047460937500000008,6,normalized_endpoint_reset_box
flowstar_style_o6_candidate8_output6_keep8_centered,8,0.42167968750000001,0.457275390625,1.7020477111324324,2.1687879251512436,0.21496785895461465,0.88587485024413126,0.035595703125000003,6,normalized_endpoint_reset_box
flowstar_style_o6_candidate8_output6_keep8_centered,9,0.457275390625,0.51066894531249996,1.7105674134359505,2.2095828282734136,0.041777432653967238,0.71217456527057399,0.053393554687500004,6,normalized_endpoint_reset_box
flowstar_style_o6_candidate8_output6_keep8_centered,10,0.51066894531249996,0.55071411132812498,1.7108101375543328,2.2348195094864374,-0.070822683992198654,0.59353570683605994,0.040045166015625001,6,normalized_endpoint_reset_box
flowstar_style_o6_candidate8_output6_keep8_centered,11,0.55071411132812498,0.61078186035156246,1.7037627565526299,2.2639187218329755,-0.21114461798310957,0.4312751064130313,0.060067749023437506,6,normalized_endpoint_reset_box
flowstar_style_o6_candidate8_output6_keep8_centered,12,0.61078186035156246,0.65583267211914054,1.6929239071067539,2.2801838397989558,-0.29814223114538535,0.32323152899850954,0.045050811767578129,6,normalized_endpoint_reset_box
flowstar_style_o6_candidate8_output6_keep8_centered,13,0.65583267211914054,0.72340888977050777,1.6701804327813166,2.2959721088121037,-0.40138525772525541,0.17880310693796916,0.06757621765136719,6,normalized_endpoint_reset_box
flowstar_style_o6_candidate8_output6_keep8_centered,14,0.72340888977050777,0.77340888977050781,1.6488760403283604,2.3022167117536707,-0.46141180617929184,0.085396620937466375,0.050000000000000003,6,normalized_endpoint_reset_box
flowstar_style_o6_candidate8_output6_keep8_centered,15,0.77340888977050781,0.81090888977050779,1.6309294361760134,2.3041369137637169,-0.49872679098958611,0.021827102781611481,0.037500000000000006,6,normalized_endpoint_reset_box
flowstar_style_o6_candidate8_output6_keep8_centered,16,0.81090888977050779,0.86715888977050781,1.6015162346030865,2.3029119894843051,-0.54604498053613215,-0.062963176833885304,0.056250000000000008,6,normalized_endpoint_reset_box
flowstar_style_o6_candidate8_output6_keep8_centered,17,0.86715888977050781,0.90934638977050786,1.5777449652323972,2.2991422915369353,-0.58025896635403074,-0.11479985147022083,0.042187500000000003,6,normalized_endpoint_reset_box
flowstar_style_o6_candidate8_output6_keep8_centered,18,0.90934638977050786,0.97262763977050781,1.539441116334481,2.2898175020528311,-0.62929078301739716,-0.17812460160416854,0.063281250000000011,6,normalized_endpoint_reset_box
flowstar_style_o6_candidate8_output6_keep8_centered,19,0.97262763977050781,1.0200885772705077,1.5086953794659741,2.2804775126279249,-0.66568273123174382,-0.21491613602427059,0.047460937500000008,6,normalized_endpoint_reset_box
flowstar_style_o6_candidate8_output6_keep8_centered,20,1.0200885772705077,1.0556842803955078,1.4845044268453431,2.2724280060462432,-0.69308581948253178,-0.23726865727763546,0.035595703125000003,6,normalized_endpoint_reset_box
flowstar_style_o6_candidate8_output6_keep8_centered,21,1.0556842803955078,1.1090778350830077,1.4463931836189436,2.2590168407041542,-0.73379384173580009,-0.26485327578627477,0.053393554687500004,6,normalized_endpoint_reset_box
flowstar_style_o6_candidate8_output6_keep8_centered,22,1.1090778350830077,1.1491230010986326,1.4163713013031491,2.2481052080998256,-0.76514007070852652,-0.2802308308012042,0.040045166015625001,6,normalized_endpoint_reset_box
flowstar_style_o6_candidate8_output6_keep8_centered,23,1.1491230010986326,1.2091907501220702,1.3689637189255022,2.2307495197264595,-0.81260963829791022,-0.29786235308778242,0.060067749023437506,6,normalized_endpoint_reset_box
flowstar_style_o6_candidate8_output6_keep8_centered,24,1.2091907501220702,1.2542415618896483,1.3314962717620527,2.2171694516289686,-0.85022856090087895,-0.30542021734456881,0.045050811767578129,6,normalized_endpoint_reset_box
flowstar_style_o6_candidate8_output6_keep8_centered,25,1.2542415618896483,1.2880296707153318,1.3022612956873969,2.2068129222657671,-0.8798987176170584,-0.30798472652141096,0.033788108825683595,6,normalized_endpoint_reset_box
flowstar_style_o6_candidate8_output6_keep8_centered,26,1.2880296707153318,1.3387118339538573,1.2564892406814259,2.1911931215838858,-0.92578619543628826,-0.30909848416307178,0.050682163238525396,6,normalized_endpoint_reset_box
flowstar_style_o6_candidate8_output6_keep8_centered,27,1.3387118339538573,1.3767234563827513,1.2205880159024769,2.1795133340197572,-0.96278127652899304,-0.30600340088795674,0.038011622428894047,6,normalized_endpoint_reset_box
flowstar_style_o6_candidate8_output6_keep8_centered,28,1.3767234563827513,1.4052321732044217,1.1927161342079546,2.1708620274195836,-0.99224119627748364,-0.30135455264728161,0.028508716821670534,6,normalized_endpoint_reset_box
flowstar_style_o6_candidate8_output6_keep8_centered,29,1.4052321732044217,1.4479952484369276,1.1492920155066644,2.1581811620246376,-1.0382477500523126,-0.29249945276333295,0.042763075232505804,6,normalized_endpoint_reset_box
flowstar_style_o6_candidate8_output6_keep8_centered,30,1.4479952484369276,1.4800675548613069,1.1153900224985822,2.1489681827563607,-1.0755322821441542,-0.28258011139485917,0.032072306424379353,6,normalized_endpoint_reset_box
flowstar_style_o6_candidate8_output6_keep8_centered,31,1.4800675548613069,1.528176014497876,1.0622148122299717,2.1358230163877501,-1.1346525306250552,-0.26498004590947888,0.048108459636569026,6,normalized_endpoint_reset_box
flowstar_style_o6_candidate8_output6_keep8_centered,32,1.528176014497876,1.5642573592253028,1.0203858446050966,2.1266034032107233,-1.1836151621401261,-0.24681854949229665,0.036081344727426773,6,normalized_endpoint_reset_box
flowstar_style_o6_candidate8_output6_keep8_centered,33,1.5642573592253028,1.5913183677708729,0.98781467192602435,2.1201588027515523,-1.2233676404162253,-0.23001553339022962,0.02706100854557008,6,normalized_endpoint_reset_box
flowstar_style_o6_candidate8_output6_keep8_centered,34,1.5913183677708729,1.631909880589228,0.93686565702561009,2.1114107234918511,-1.2866421626338214,-0.20199048480145282,0.040591512818355116,6,normalized_endpoint_reset_box
flowstar_style_o6_candidate8_output6_keep8_centered,35,1.631909880589228,1.6623535152029945,0.89689518161162296,2.1056675370419438,-1.3389821155365953,-0.17597672184999752,0.030443634613766337,6,normalized_endpoint_reset_box
flowstar_style_o6_candidate8_output6_keep8_centered,36,1.6623535152029945,1.6851862411633192,0.86583601203906779,2.1019144824855007,-1.3813931121062963,-0.15323952453169762,0.022832725960324752,6,normalized_endpoint_reset_box
flowstar_style_o6_candidate8_output6_keep8_centered,37,1.6851862411633192,1.7194353301038063,0.81736445645997247,2.0973173920665653,-1.448929882394445,-0.11603943950786087,0.03424908894048713,6,normalized_endpoint_reset_box
flowstar_style_o6_candidate8_output6_keep8_centered,38,1.7194353301038063,1.7451221468091718,0.77942923166928457,2.0947675993274872,-1.5045676596585236,-0.083056180094418189,0.025686816705365347,6,normalized_endpoint_reset_box
flowstar_style_o6_candidate8_output6_keep8_centered,39,1.7451221468091718,1.7643872593381957,0.75000932736053305,2.0934412074744122,-1.5494789843536654,-0.055051866329082356,0.01926511252902401,6,normalized_endpoint_reset_box
flowstar_style_o6_candidate8_output6_keep8_centered,40,1.7643872593381957,1.7932849281317318,0.70419934538545481,2.0925154401434791,-1.620902900197233,-0.0096941108083432176,0.028897668793536016,6,normalized_endpoint_reset_box
flowstar_style_o6_candidate8_output6_keep8_centered,41,1.7932849281317318,1.8149581797268839,0.66843370347946762,2.0927343138462584,-1.679416367498356,0.029422336767516048,0.021673251595152012,6,normalized_endpoint_reset_box
flowstar_style_o6_candidate8_output6_keep8_centered,42,1.8149581797268839,1.8312131184232479,0.64075167970719271,2.0934802594018578,-1.7264289369304779,0.062008904757205052,0.016254938696364008,6,normalized_endpoint_reset_box
flowstar_style_o6_candidate8_output6_keep8_centered,43,1.8312131184232479,1.8555955264677939,0.59774740604990673,2.0956373471927425,-1.8010108586820761,0.11439487299866022,0.024382408044546014,6,normalized_endpoint_reset_box
flowstar_style_o6_candidate8_output6_keep8_centered,44,1.8555955264677939,1.8738823325012035,0.56425671220272611,2.0981377330038145,-1.8617367253078487,0.15868761516133484,0.01828680603340951,6,normalized_endpoint_reset_box
flowstar_style_o6_candidate8_output6_keep8_centered,45,1.8738823325012035,1.9013125415513177,0.5118527489645055,2.1034881517204473,-1.9592783810786052,0.23084251739781353,0.027430209050114264,6,normalized_endpoint_reset_box
flowstar_style_o6_candidate8_output6_keep8_centered,46,1.9013125415513177,1.9218851983389034,0.47071486692221526,2.108880201996747,-2.0400392617686953,0.29295202474057824,0.0205726567875857,6,normalized_endpoint_reset_box
flowstar_style_o6_candidate8_output6_keep8_centered,47,1.9218851983389034,1.9373146909295926,0.43873301913834489,2.1138017819464547,-2.1054777737041932,0.34469072177634646,0.015429492590689275,6,normalized_endpoint_reset_box
flowstar_style_o6_candidate8_output6_keep8_centered,48,1.9373146909295926,1.9604589298156265,0.38879280580059716,2.1227531141744143,-2.2103185775148262,0.42843924037040709,0.02314423888603391,6,normalized_endpoint_reset_box
flowstar_style_o6_candidate8_output6_keep8_centered,49,1.9604589298156265,1.9778171089801519,0.34967792418082477,2.1308081673788712,-2.2965853166542267,0.49937487304818778,0.017358179164525433,6,normalized_endpoint_reset_box
flowstar_style_o6_candidate8_output6_keep8_centered,50,1.9778171089801519,1.990835743353546,0.31932689047596063,2.1376909188166535,-2.3661305217096658,0.55776323114186621,0.013018634373394074,6,normalized_endpoint_reset_box
flowstar_style_o6_candidate8_output6_keep8_centered,51,1.990835743353546,2.0103636949136372,0.27203992433988045,2.1495024946581927,-2.4771968565882556,0.65171373799666221,0.019527951560091111,6,normalized_endpoint_reset_box
flowstar_style_o6_candidate8_output6_keep8_centered,52,2.0103636949136372,2.0250096585837056,0.23509524022879399,2.1596237590696648,-2.5679973779581604,0.73022435632116656,0.014645963670068332,6,normalized_endpoint_reset_box
flowstar_style_o6_candidate8_output6_keep8_centered,53,2.0250096585837056,2.0359941313362571,0.20648742784605834,2.1679971607365571,-2.6408148989230633,0.79419220158274351,0.010984472752551249,6,normalized_endpoint_reset_box
flowstar_style_o6_candidate8_output6_keep8_centered,54,2.0359941313362571,2.0524708404650838,0.16202409581394761,2.181926775927864,-2.7566879796513835,0.8965342273449256,0.016476709128826872,6,normalized_endpoint_reset_box
flowstar_style_o6_candidate8_output6_keep8_centered,55,2.0524708404650838,2.064828372311704,0.12737797826664196,2.1935286454676541,-2.8507961509252047,0.98105987861038935,0.012357531846620154,6,normalized_endpoint_reset_box
flowstar_style_o6_candidate8_output6_keep8_centered,56,2.064828372311704,2.0740965211966693,0.10060874792562216,2.2029381421200651,-2.9258672642176622,1.0493137422420871,0.0092681488849651154,6,normalized_endpoint_reset_box
flowstar_style_o6_candidate8_output6_keep8_centered,57,2.0740965211966693,2.0879987445241168,0.059108492558984101,2.2182808311370987,-3.0448585738404574,1.157911816401934,0.013902223327447673,6,normalized_endpoint_reset_box
flowstar_style_o6_candidate8_output6_keep8_centered,58,2.0879987445241168,2.0984254120197026,0.026861359096667269,2.2308169961118658,-3.1408628319359684,1.2466723592848699,0.010426667495585755,6,normalized_endpoint_reset_box
flowstar_style_o6_candidate8_output6_keep8_centered,59,2.0984254120197026,2.1140654132630812,-0.023458677801425926,2.2514301060959272,-3.2947475818385943,1.3894936745505573,0.015640001243378634,6,normalized_endpoint_reset_box
flowstar_style_o6_candidate8_output6_keep8_centered,60,2.1140654132630812,2.1257954141956152,-0.062841861780788197,2.2684231404228412,-3.4206915342519908,1.5079784775914933,0.011730000932533974,6,normalized_endpoint_reset_box
flowstar_style_o6_candidate8_output6_keep8_centered,61,2.1257954141956152,2.1345929148950158,-0.0933789603374615,2.2821119600676449,-3.5217770398513943,1.6040144309855391,0.0087975006994004817,6,normalized_endpoint_reset_box
flowstar_style_o6_candidate8_output6_keep8_centered,62,2.1345929148950158,2.1477891659441166,-0.1409121830502976,2.3042906959778673,-3.6831773459070889,1.7577200231645891,0.013196251049100723,6,normalized_endpoint_reset_box
flowstar_style_o6_candidate8_output6_keep8_centered,63,2.1477891659441166,2.1576863542309423,-0.17801207012953618,2.3223110723667961,-3.8144083179724619,1.8839866192827197,0.009897188286825542,6,normalized_endpoint_reset_box
flowstar_style_o6_candidate8_output6_keep8_centered,64,2.1576863542309423,2.1651092454460614,-0.20671388557298434,2.3366724356511694,-3.9191829924504757,1.98555271650446,0.007422891215119156,6,normalized_endpoint_reset_box
flowstar_style_o6_candidate8_output6_keep8_centered,65,2.1651092454460614,2.1762435822687403,-0.25127358603492089,2.3596778988950078,-4.0857736417357273,2.1472580417050016,0.011134336822678734,6,normalized_endpoint_reset_box
flowstar_style_o6_candidate8_output6_keep8_centered,66,2.1762435822687403,2.1845943348857495,-0.28595245057692797,2.3781577494987785,-4.2203337351274888,2.2788995885285046,0.008350752617009051,6,normalized_endpoint_reset_box
flowstar_style_o6_candidate8_output6_keep8_centered,67,2.1845943348857495,2.1908573993485061,-0.31271849520557471,2.3927596445164609,-4.3272012050561397,2.3840467106600443,0.0062630644627567882,6,normalized_endpoint_reset_box
flowstar_style_o6_candidate8_output6_keep8_centered,68,2.1908573993485061,2.2002519960426414,-0.35416107253525875,2.4159366848760175,-4.4963736227686972,2.5505935572730274,0.0093945966941351815,6,normalized_endpoint_reset_box
flowstar_style_o6_candidate8_output6_keep8_centered,69,2.2002519960426414,2.2072979435632427,-0.38631869123651752,2.4343807523214007,-4.6321270143861684,2.6850439797838224,0.0070459475206013861,6,normalized_endpoint_reset_box
flowstar_style_o6_candidate8_output6_keep8_centered,70,2.2072979435632427,2.2125824042036939,-0.41107971389119158,2.4488514122789975,-4.7393827150083014,2.7917359081631679,0.0052844606404510398,6,normalized_endpoint_reset_box
flowstar_style_o6_candidate8_output6_keep8_centered,71,2.2125824042036939,2.2205090951643704,-0.4493137240768626,2.4716449680349166,-4.9084070163581446,2.9598839173997136,0.0079266909606765593,6,normalized_endpoint_reset_box
flowstar_style_o6_candidate8_output6_keep8_centered,72,2.2205090951643704,2.2264541133848779,-0.47889344938734696,2.4896411052045746,-5.043174886409723,3.0945732904795196,0.0059450182205074194,6,normalized_endpoint_reset_box
flowstar_style_o6_candidate8_output6_keep8_centered,73,2.2264541133848779,2.235371640715639,-0.52481529464007881,2.5181877829807844,-5.2575375026076481,3.3087771403256161,0.0089175273307611283,6,normalized_endpoint_reset_box
flowstar_style_o6_candidate8_output6_keep8_centered,74,2.235371640715639,2.2420597862137099,-0.56055360092393991,2.5408958951911838,-5.4303987151369917,3.4823403139522875,0.0066881454980708462,6,normalized_endpoint_reset_box
flowstar_style_o6_candidate8_output6_keep8_centered,75,2.2420597862137099,2.2470758953372632,-0.58813575313674704,2.5587094567968545,-5.5675015333339637,3.6204803136029464,0.0050161091235531342,6,normalized_endpoint_reset_box
flowstar_style_o6_candidate8_output6_keep8_centered,76,2.2470758953372632,2.254600059022593,-0.63083778514018829,2.5867691599072073,-5.7845685811046117,3.8390668147126399,0.0075241636853297014,6,normalized_endpoint_reset_box
flowstar_style_o6_candidate8_output6_keep8_centered,77,2.254600059022593,2.2602431817865902,-0.66396914116208128,2.6089278117310175,-5.9584688132444859,4.0148206784513167,0.0056431227639972756,6,normalized_endpoint_reset_box
flowstar_style_o6_candidate8_output6_keep8_centered,78,2.2602431817865902,2.2644755238595882,-0.68947686370412087,2.626213573674915,-6.0956820993671235,4.1538638543524975,0.0042323420729979567,6,normalized_endpoint_reset_box
flowstar_style_o6_candidate8_output6_keep8_centered,79,2.2644755238595882,2.2708240369690853,-0.72885749645645104,2.6532763527732914,-6.3119042902654394,4.3727948075509095,0.006348513109496935,6,normalized_endpoint_reset_box
flowstar_style_o6_candidate8_output6_keep8_centered,80,2.2708240369690853,2.2755854218012082,-0.75931886933611981,2.6745117166910464,-6.4840261731964821,4.5475552295264379,0.0047613848321227011,6,normalized_endpoint_reset_box
flowstar_style_o6_candidate8_output6_keep8_centered,81,2.2755854218012082,2.2791564604253001,-0.78271416629677237,2.6909962471708551,-6.6191552984025064,4.6850335915849879,0.0035710386240920258,6,normalized_endpoint_reset_box
flowstar_style_o6_candidate8_output6_keep8_centered,82,2.2791564604253001,2.2845130183614382,-0.81873450248599144,2.7166665501048111,-6.8311023430455347,4.9004676477962139,0.0053565579361380383,6,normalized_endpoint_reset_box
flowstar_style_o6_candidate8_output6_keep8_centered,83,2.2845130183614382,2.2885304368135415,-0.84651340265526709,2.736695946273676,-6.9987893491808899,5.0712755488035901,0.0040174184521035283,6,normalized_endpoint_reset_box
flowstar_style_o6_candidate8_output6_keep8_centered,84,2.2885304368135415,2.294556564491697,-0.88948212271820581,2.7680645070998899,-7.2639091595429024,5.3410175234225177,0.0060261276781552924,6,normalized_endpoint_reset_box
flowstar_style_o6_candidate8_output6_keep8_centered,85,2.294556564491697,2.2990761602503134,-0.92278806127671931,2.7926897923896599,-7.4756585259110153,5.5569310447561691,0.0045195957586164695,6,normalized_endpoint_reset_box
flowstar_style_o6_candidate8_output6_keep8_centered,86,2.2990761602503134,2.3024658570692758,-0.94840974548710644,2.8118138751536099,-7.6423317069020431,5.7271543483528982,0.0033896968189623521,6,normalized_endpoint_reset_box
flowstar_style_o6_candidate8_output6_keep8_centered,87,2.3024658570692758,2.3075504022977191,-0.98792984278813611,2.8416105276584371,-7.9045778335620751,5.9946630958299112,0.0050845452284435282,6,normalized_endpoint_reset_box
flowstar_style_o6_candidate8_output6_keep8_centered,88,2.3075504022977191,2.311363811219052,-1.0184682045800839,2.8648746923301873,-8.112718659881164,6.2073337775669604,0.0038134089213326464,6,normalized_endpoint_reset_box
flowstar_style_o6_candidate8_output6_keep8_centered,89,2.311363811219052,2.3142238679100515,-1.0419034244560774,2.8828659719790073,-8.2757440565312272,6.3741105609431994,0.0028600566909994848,6,normalized_endpoint_reset_box
flowstar_style_o6_candidate8_output6_keep8_centered,90,2.3142238679100515,2.3185139529465508,-1.0779514259298741,2.9107684375328953,-8.5310400382107456,6.6349705908913741,0.0042900850364992272,6,normalized_endpoint_reset_box
flowstar_style_o6_candidate8_output6_keep8_centered,91,2.3185139529465508,2.3217315167239252,-1.1057232441310945,2.9324473338064503,-8.732451648406343,6.8410339931708339,0.0032175637773744206,6,normalized_endpoint_reset_box
flowstar_style_o6_candidate8_output6_keep8_centered,92,2.3217315167239252,2.324144689556956,-1.1269850890193376,2.9491495618124373,-8.8894680161553428,7.0018277994421441,0.0024131728330308152,6,normalized_endpoint_reset_box
flowstar_style_o6_candidate8_output6_keep8_centered,93,2.324144689556956,2.3277644488065024,-1.1596034723692457,2.9749457760199594,-9.1342382017157888,7.2522035925095185,0.0036197592495462228,6,normalized_endpoint_reset_box
flowstar_style_o6_candidate8_output6_keep8_centered,94,2.3277644488065024,2.3304792682436619,-1.1846609627559668,2.9949003358328765,-9.3262566752284677,7.4488133791893878,0.0027148194371596672,6,normalized_endpoint_reset_box
flowstar_style_o6_candidate8_output6_keep8_centered,95,2.3304792682436619,2.3345514973994015,-1.2232490431261567,3.0258576312244774,-9.6275461838905887,7.7568984289685767,0.0040722291557395013,6,normalized_endpoint_reset_box
flowstar_style_o6_candidate8_output6_keep8_centered,96,2.3345514973994015,2.3376056692662059,-1.2530151676165453,3.0499194053095966,-9.8656989035541525,8.0006711683496494,0.003054171866804626,6,normalized_endpoint_reset_box
flowstar_style_o6_candidate8_output6_keep8_centered,97,2.3376056692662059,2.3398962981663094,-1.275826084659043,3.0684635820468653,-10.051634179213686,8.1911378938667454,0.0022906289001034695,6,normalized_endpoint_reset_box
flowstar_style_o6_candidate8_output6_keep8_centered,98,2.3398962981663094,2.3433322415164648,-1.310858853779286,3.0971158528985829,-10.342013732367837,8.488227656086309,0.0034359433501552042,6,normalized_endpoint_reset_box
flowstar_style_o6_candidate8_output6_keep8_centered,99,2.3433322415164648,2.345909199029081,-1.3378025840198626,3.1192897290272601,-10.5702192252757,8.7218902351411423,0.0025769575126164033,6,normalized_endpoint_reset_box
