run_id,t,py_width_sum,flowstar_overlap_width_sum,width_ratio
flowstar_style_o6_candidate8_output6_cutoff_insert,0.025000000000000001,0.50640462733673552,0.77654500000000004,0.65212528229109135
flowstar_style_o6_candidate8_output6_cutoff_insert,0.087499999999999994,0.66030439203045876,1.1135919999999999,0.59295001403607317
flowstar_style_o6_candidate8_output6_cutoff_insert,0.14999999999999999,0.72980867500100732,1.057761,0.68995611957805913
flowstar_style_o6_candidate8_output6_cutoff_insert,0.21249999999999999,0.7946368388663656,1.28905,0.61645152543839699
flowstar_style_o6_candidate8_output6_cutoff_insert,0.27500000000000002,0.77876317573904241,1.0994964999999999,0.70829072738207211
flowstar_style_o6_candidate8_output6_cutoff_insert,0.33750000000000002,0.76644440391757618,1.1550749999999999,0.66354514115323793
flowstar_style_o6_candidate8_output6_cutoff_insert,0.40000000000000002,0.69971765217802284,1.0615099000000003,0.65917204557208808
flowstar_style_o6_candidate8_output6_cutoff_insert,0.46250000000000002,0.64263203673890024,1.0172943000000001,0.6317071045604995
flowstar_style_o6_candidate8_output6_cutoff_insert,0.55000000000000004,0.54436573029114776,0.88605142000000003,0.61437261766495188
flowstar_style_o6_candidate8_output6_cutoff_insert,0.64999999999999991,0.43298138929241586,0.74639840000000002,0.58009420879307327
flowstar_style_o6_candidate8_output6_cutoff_insert,0.75,0.34233777543800692,0.6367138,0.53766350821673237
flowstar_style_o6_candidate8_output6_cutoff_insert,0.84999999999999987,0.27516028603282472,0.47936660000000014,0.57400804735420585
flowstar_style_o6_candidate8_output6_cutoff_insert,0.94999999999999996,0.22715028219235467,0.40314519999999987,0.56344533481325032
flowstar_style_o6_candidate8_output6_cutoff_insert,1.0499999999999998,0.19103081803913052,0.38576279999999996,0.49520279829763403
flowstar_style_o6_candidate8_output6_cutoff_insert,1.1499999999999999,0.16563006179099138,0.33781839999999996,0.49029319241045305
flowstar_style_o6_candidate8_output6_cutoff_insert,1.25,0.14792514320442063,0.3189183000000001,0.4638339763018321
flowstar_style_o6_candidate8_output6_cutoff_insert,1.3500000000000001,0.13621821079419272,0.29998289999999983,0.45408658558268755
flowstar_style_o6_candidate8_output6_cutoff_insert,1.4500000000000002,0.12922789697586734,0.3362995000000002,0.38426431492127483
flowstar_style_o6_candidate8_output6_cutoff_insert,1.5500000000000003,0.12605577058639539,0.29225139999999994,0.43132649009173407
flowstar_style_o6_candidate8_output6_cutoff_insert,1.6500000000000004,0.12612042981289862,0.31772999999999996,0.39694215155288654
flowstar_style_o6_candidate8_output6_cutoff_insert,1.7500000000000004,0.12910555898903753,0.35571740000000007,0.36294417700409792
flowstar_style_o6_candidate8_output6_cutoff_insert,1.8500000000000005,0.13513749117600649,0.36657440000000019,0.36864955975105301
flowstar_style_o6_candidate8_output6_cutoff_insert,1.9500000000000006,0.14397910521694202,0.46045069999999977,0.31269168494464683
flowstar_style_o6_candidate8_output6_cutoff_insert,2.0500000000000007,0.15582352672688082,0.42217080000000007,0.3691006737720392
flowstar_style_o6_candidate8_output6_cutoff_insert,2.1500000000000004,0.1709390447392839,0.48742429999999981,0.35069865154298618
flowstar_style_o6_candidate8_output6_cutoff_insert,2.2500000000000009,0.18963159430481602,0.58377089999999987,0.32483906666950352
flowstar_style_o6_candidate8_output6_cutoff_insert,2.3500000000000005,0.21208690967789234,0.64220490000000019,0.33024804027171434
flowstar_style_o6_candidate8_output6_cutoff_insert,2.4500000000000011,0.2380946622380361,0.72574669999999997,0.3280685426995894
flowstar_style_o6_candidate8_output6_cutoff_insert,2.5500000000000007,0.26654802770719105,0.67683490000000002,0.39381543077520242
flowstar_style_o6_candidate8_output6_cutoff_insert,2.6500000000000012,0.29461367706881619,0.84920339999999972,0.34692946009026376
flowstar_style_o6_candidate8_output6_cutoff_insert,2.7500000000000009,0.33093321990600943,0.94552389999999997,0.34999984654645899
flowstar_style_o6_candidate8_output6_cutoff_insert,2.8500000000000014,0.36973100474301818,0.85614710000000005,0.43185453147364294
flowstar_style_o6_candidate8_output6_cutoff_insert,2.9500000000000011,0.40168357485575351,1.0079226100000001,0.39852620714178988
flowstar_style_o6_candidate8_output6_cutoff_insert,3.0500000000000016,0.41265079051324383,0.71729789999999993,0.57528509495600622
flowstar_style_o6_candidate8_output6_cutoff_insert,3.1500000000000012,0.38287020610953704,0.67407979999999978,0.56798943702145821
flowstar_style_o6_candidate8_output6_cutoff_insert,3.2500000000000018,0.42363250865347535,0.92621610000000021,0.4573797720137614
flowstar_style_o6_candidate8_output6_cutoff_insert,3.3250000000000015,0.47400472565742247,0.78278899999999996,0.60553319688629059
flowstar_style_o6_candidate8_output6_cutoff_insert,3.3875000000000015,0.53874663428945468,1.0243620000000002,0.52593383422018247
flowstar_style_o6_candidate8_output6_cutoff_insert,3.4500000000000015,0.54197727042545618,0.95563800000000021,0.56713658354466445
flowstar_style_o6_candidate8_output6_cutoff_insert,3.5125000000000015,0.55063786925191027,1.0861229999999997,0.50697560888767701
flowstar_style_o6_candidate8_output6_cutoff_insert,3.5750000000000015,0.51357110944925832,0.86294399999999993,0.59513839768195664
flowstar_style_o6_candidate8_output6_cutoff_insert,3.6375000000000015,0.483043242275915,1.055704,0.45755556697323779
flowstar_style_o6_candidate8_output6_cutoff_insert,3.7250000000000014,0.41553209267451857,0.90000570000000002,0.46169940109770258
flowstar_style_o6_candidate8_output6_cutoff_insert,3.825000000000002,0.32909106826024503,0.7874329000000001,0.41792903021990191
flowstar_style_o6_candidate8_output6_cutoff_insert,3.9250000000000016,0.25294163828037103,0.51081869999999996,0.49516910457735991
flowstar_style_o6_candidate8_output6_cutoff_insert,4.0250000000000021,0.19563532120430754,0.5298902999999997,0.36919966491990447
flowstar_style_o6_candidate8_output6_cutoff_insert,4.1250000000000018,0.17144310254955653,0.31879310000000005,0.53778799650794351
flowstar_style_o6_candidate8_output6_cutoff_insert,4.2250000000000014,0.15767099387940803,0.34528690000000006,0.4566376363522856
flowstar_style_o6_candidate8_output6_cutoff_insert,4.3250000000000011,0.15081249345827002,0.25967720000000011,0.58076909893617912
flowstar_style_o6_candidate8_output6_cutoff_insert,4.4250000000000007,0.14905903881803417,0.27474230000000016,0.54254127892950621
flowstar_style_o6_candidate8_output6_cutoff_insert,4.5250000000000004,0.15120847965120221,0.30299980000000015,0.49903821603579318
flowstar_style_o6_candidate8_output6_cutoff_insert,4.625,0.15649890552849743,0.25329580000000007,0.6178503770236119
flowstar_style_o6_candidate8_output6_cutoff_insert,4.7249999999999996,0.16458218677479597,0.27520700000000009,0.5980305252947633
flowstar_style_o6_candidate8_output6_cutoff_insert,4.8249999999999993,0.17591966093389744,0.3113958,0.56493909337857939
flowstar_style_o6_candidate8_output6_cutoff_insert,4.9249999999999989,0.18997062990918501,0.31927059999999996,0.59501447959563147
flowstar_style_o6_candidate8_output6_cutoff_insert,5.0249999999999986,0.20701205952801183,0.28613579999999994,0.72347486587841114
flowstar_style_o6_candidate8_output6_cutoff_insert,5.1249999999999982,0.22754837464379574,0.32243739999999987,0.70571334046173251
flowstar_style_o6_candidate8_output6_cutoff_insert,5.2249999999999979,0.25227239461788642,0.4498424000000002,0.56080172659999661
flowstar_style_o6_candidate8_output6_cutoff_insert,5.3249999999999975,0.28206456861413831,0.41616179999999992,0.67777621255516096
flowstar_style_o6_candidate8_output6_cutoff_insert,5.4249999999999972,0.31798501820207381,0.38350989999999974,0.82914422340094485
flowstar_style_o6_candidate8_output6_cutoff_insert,5.5249999999999968,0.36122043025000683,0.62236349999999996,0.5804010521986056
flowstar_style_o6_candidate8_output6_cutoff_insert,5.6249999999999964,0.41293130479074192,0.59993930000000006,0.68828847316843866
flowstar_style_o6_candidate8_output6_cutoff_insert,5.7249999999999961,0.47385863940869688,0.65573360000000014,0.72263894881808222
flowstar_style_o6_candidate8_output6_cutoff_insert,5.8249999999999957,0.54354391997702511,0.61262300000000003,0.88724047248801474
flowstar_style_o6_candidate8_output6_cutoff_insert,5.9249999999999954,0.61885954512285046,0.87008810000000025,0.71126078511227808
flowstar_style_o6_candidate8_output6_cutoff_insert,6.024999999999995,0.69704957535820444,0.83535966000000006,0.83443049591143104
flowstar_style_o6_candidate8_output6_cutoff_insert,6.1249999999999947,0.8091187706022982,1.0363495999999999,0.78073921252278022
flowstar_style_o6_candidate8_output6_cutoff_insert,6.2249999999999943,0.95270992809524913,0.92344795999999996,1.0316877283428609
flowstar_style_o6_candidate8_output6_cutoff_insert,6.324999999999994,1.1365616559329532,0.8884207999999999,1.2793055452246878
flowstar_style_o6_candidate8_output6_cutoff_insert,6.3999999999999932,1.1913517612323998,0.55659539999999996,2.1404268903990222
flowstar_style_o6_candidate8_output6_cutoff_insert,6.4624999999999932,1.3916627850873153,0.55002889999999982,2.5301630243198416
flowstar_style_o6_candidate8_output6_cutoff_insert,6.5249999999999932,1.519390289634619,0.53146989999999961,2.8588454202855518
flowstar_style_o6_candidate8_output6_cutoff_insert,6.5687499999999934,1.7137412625121775,0.550589,3.112559935836309
flowstar_style_o6_candidate8_output6_cutoff_insert,6.6156249999999934,2.0173528513166632,0.82085569999999974,2.4576217857982394
flowstar_style_o6_candidate8_output6_cutoff_insert,6.664843749999994,2.2652740314346804,0.84571300000000016,2.678537555216344
flowstar_style_o6_candidate8_output6_cutoff_insert,6.7017578124999932,2.4598915861324242,0.69707300000000028,3.5288866246898434
flowstar_style_o6_candidate8_output6_cutoff_insert,6.7294433593749936,2.6109811832108081,0.88029199999999985,2.966039885868335
flowstar_style_o6_candidate8_output6_cutoff_insert,6.7591064453124936,2.8404891563446872,0.8199510000000001,3.4642181744332126
flowstar_style_o6_candidate8_output6_cutoff_insert,6.7902526855468679,3.0126593299472204,0.85990900000000003,3.503462959391308
flowstar_style_o6_candidate8_output6_cutoff_insert,6.8136123657226495,3.1458602416676564,0.72618400000000016,4.3320429005150975
flowstar_style_o6_candidate8_output6_cutoff_insert,6.8386405944824151,3.3485882623194216,0.86855799999999994,3.8553421444732785
flowstar_style_o6_candidate8_output6_cutoff_insert,6.8649202346801683,3.4996303087831193,0.78450300000000017,4.4609521044318745
flowstar_style_o6_candidate8_output6_cutoff_insert,6.8930769920349046,3.7274190029927938,0.80277299999999996,4.6431793333766755
flowstar_style_o6_candidate8_output6_cutoff_insert,6.9226415872573774,3.9011279394223335,0.81844600000000001,4.7665062074007736
flowstar_style_o6_candidate8_output6_cutoff_insert,6.9448150336742325,4.0395985912943244,0.83016849999999975,4.8659983982701407
flowstar_style_o6_candidate8_output6_cutoff_insert,6.9685722976922913,4.2474168140836959,0.8270628000000001,5.1355432913724268
flowstar_style_o6_candidate8_output6_cutoff_insert,6.9935174249112535,4.4090145986872402,0.65505099999999983,6.7307959207561572
flowstar_style_o6_candidate8_output6_cutoff_insert,7.0122262703254741,4.5371556553314125,0.65349030000000008,6.9429579219942701
flowstar_style_o6_candidate8_output6_cutoff_insert,7.0322714618407112,4.7309811014929322,0.64873099999999995,7.292669999572909
flowstar_style_o6_candidate8_output6_cutoff_insert,7.0533189129317098,4.884160756129682,0.64010959999999995,7.6301945106426814
flowstar_style_o6_candidate8_output6_cutoff_insert,7.0691045012499591,5.0061025460758506,0.52445970000000008,9.5452568540077536
flowstar_style_o6_candidate8_output6_cutoff_insert,7.0860176315909404,5.1917138585436469,0.62703350000000002,8.279803006607537
flowstar_style_o6_candidate8_output6_cutoff_insert,7.1037764184489713,5.3398440266978504,0.50665870000000002,10.539331559288039
flowstar_style_o6_candidate8_output6_cutoff_insert,7.1170955085924934,5.4577849123246951,0.6089019,8.9633238331571885
flowstar_style_o6_candidate8_output6_cutoff_insert,7.1313659623176964,5.63812958044202,0.48501520000000004,11.624645125435284
flowstar_style_o6_candidate8_output6_cutoff_insert,7.1463499387291591,5.78257771561307,0.58522530000000017,9.8809428020508818
flowstar_style_o6_candidate8_output6_cutoff_insert,7.1575879210377567,5.8973394625076736,0.45932500000000021,12.83914322649033
flowstar_style_o6_candidate8_output6_cutoff_insert,7.1696286163683967,6.073365610119529,0.45932500000000021,13.222371110040879
flowstar_style_o6_candidate8_output6_cutoff_insert,7.1822713464655692,6.214234219754295,0.55563471000000009,11.18402811759959
flowstar_style_o6_candidate8_output6_cutoff_insert,7.1958171287125392,6.4313436052015689,0.42955641000000011,14.972058280311932
flowstar_style_o6_candidate8_output6_cutoff_insert,7.2100402000718571,6.6081018826863911,0.52002169000000009,12.707358192475375
flowstar_style_o6_candidate8_output6_cutoff_insert,7.2207075035913464,6.7496284051685489,0.39589329000000006,17.049110393279332
flowstar_style_o6_candidate8_output6_cutoff_insert,7.2321367573622268,6.9684226475419164,0.39589329000000006,17.601770031368591
flowstar_style_o6_candidate8_output6_cutoff_insert,7.2441374738216524,7.1457585404413155,0.39589329000000006,18.04970864861416
flowstar_style_o6_candidate8_output6_cutoff_insert,7.2531380111662216,7.2870794152902931,0.48025670000000004,15.173300893647694
flowstar_style_o6_candidate8_output6_cutoff_insert,7.2627814440354026,7.5059075402273541,0.36094060000000006,20.79540938378047
flowstar_style_o6_candidate8_output6_cutoff_insert,7.272907048548042,7.6821804849421866,0.36094060000000006,21.283780447370525
flowstar_style_o6_candidate8_output6_cutoff_insert,7.2805012519325221,7.8219379026595597,0.36094060000000006,21.670983820217394
flowstar_style_o6_candidate8_output6_cutoff_insert,7.2886378984158924,8.0384826422192219,0.36094060000000006,22.270929461022728
flowstar_style_o6_candidate8_output6_cutoff_insert,7.2971813772234331,8.2119921834178626,0.36094060000000006,22.751644407467214
flowstar_style_o6_candidate8_output6_cutoff_insert,7.3063351045172258,8.4837453370829561,0.44031840000000011,19.267296885805713
flowstar_style_o6_candidate8_output6_cutoff_insert,7.315946518175708,8.7076044897592162,0.32627656999999982,26.687801976584531
flowstar_style_o6_candidate8_output6_cutoff_insert,7.3231550784195694,8.8863838792573269,0.32627656999999982,27.235740155222704
flowstar_style_o6_candidate8_output6_cutoff_insert,7.3308785358237074,9.1640909574427347,0.32627656999999982,28.086880272900807
flowstar_style_o6_candidate8_output6_cutoff_insert,7.3389881660980514,9.3905159071819142,0.32627656999999982,28.780846590308091
flowstar_style_o6_candidate8_output6_cutoff_insert,7.3450703888038102,9.5703168129827194,0.32627656999999982,29.331915598422299
flowstar_style_o6_candidate8_output6_cutoff_insert,7.351587055988551,9.8482327450794926,0.35010326999999974,28.129508030814737
flowstar_style_o6_candidate8_output6_cutoff_insert,7.3584295565325295,10.073085691993183,0.24202060000000003,41.620778115553726
flowstar_style_o6_candidate8_output6_cutoff_insert,7.3657608071153629,10.42281522723632,0.24202060000000003,43.065818476759084
flowstar_style_o6_candidate8_output6_cutoff_insert,7.3734586202273391,10.709475556463403,0.24202060000000003,44.250264467005707
flowstar_style_o6_candidate8_output6_cutoff_insert,7.37923198006132,10.937916078386216,0.2878187000000002,38.002798561685566
flowstar_style_o6_candidate8_output6_cutoff_insert,7.3854177227405859,11.292304635087829,0.23569039000000014,47.911604011889594
flowstar_style_o6_candidate8_output6_cutoff_insert,7.3919127525538153,11.580468572564303,0.23569039000000014,49.134241631847175
flowstar_style_o6_candidate8_output6_cutoff_insert,7.3967840249137371,11.808713946259207,0.23569039000000014,50.102653511919598
flowstar_style_o6_candidate8_output6_cutoff_insert,7.4020032452993672,12.161769608480757,0.23569039000000014,51.600617269464188
flowstar_style_o6_candidate8_output6_cutoff_insert,7.4074834267042799,12.446624836504848,0.28337149000000017,43.923348945600843
flowstar_style_o6_candidate8_output6_cutoff_insert,7.4115935627579637,12.670955816584797,0.22917520000000013,55.2893847876419
flowstar_style_o6_candidate8_output6_cutoff_insert,7.41599727995834,13.016901980726015,0.22917520000000013,56.798911840050785
flowstar_style_o6_candidate8_output6_cutoff_insert,7.4206211830187341,13.293965366284402,0.22917520000000013,58.007870687074316
flowstar_style_o6_candidate8_output6_cutoff_insert,7.4255753648691574,13.723764746569815,0.22917520000000013,59.883289058195679
flowstar_style_o6_candidate8_output6_cutoff_insert,7.4307772558121012,14.071495312412239,0.22917520000000013,61.400602300825881
flowstar_style_o6_candidate8_output6_cutoff_insert,7.4346786740193087,14.345900789982631,0.22917520000000013,62.597963435758416
flowstar_style_o6_candidate8_output6_cutoff_insert,7.4388587649556026,14.770223721487184,0.27874779999999999,52.987767872920202
flowstar_style_o6_candidate8_output6_cutoff_insert,7.4432478604387118,15.110920911369229,0.22257170000000012,67.892373160510616
flowstar_style_o6_candidate8_output6_cutoff_insert,7.4465396820510446,15.378292385066473,0.22257170000000012,69.093655595327093
flowstar_style_o6_candidate8_output6_cutoff_insert,7.4500666337785422,15.790409697844156,0.22257170000000012,70.945271558981432
flowstar_style_o6_candidate8_output6_cutoff_insert,7.4537699330924161,16.118947634820156,0.22257170000000012,72.421370887764013
flowstar_style_o6_candidate8_output6_cutoff_insert,7.4577377537858514,16.628379130900132,0.22257170000000012,74.710213072462153
flowstar_style_o6_candidate8_output6_cutoff_insert,7.4619039655139598,17.038732816548237,0.22257170000000012,76.553905175492787
flowstar_style_o6_candidate8_output6_cutoff_insert,7.4650286243100403,17.3615769655433,0.22257170000000012,78.004422689602009
flowstar_style_o6_candidate8_output6_cutoff_insert,7.4683764730201254,17.86086422199433,0.22257170000000012,80.247687473269607
flowstar_style_o6_candidate8_output6_cutoff_insert,7.4718917141657162,18.259965118520206,0.22257170000000012,82.040821535353317
flowstar_style_o6_candidate8_output6_cutoff_insert,7.4745281450249088,18.572234451865899,0.22257170000000012,83.443827098709718
flowstar_style_o6_candidate8_output6_cutoff_insert,7.4773528923740438,19.053461438267078,0.27423140000000024,69.479503216141779
flowstar_style_o6_candidate8_output6_cutoff_insert,7.4803188770906353,19.43541830969594,0.2162567999999998,89.871940719070835
flowstar_style_o6_candidate8_output6_cutoff_insert,7.4834967178584133,20.027266150326085,0.2162567999999998,92.608723287897092
flowstar_style_o6_candidate8_output6_cutoff_insert,7.4868334506645784,20.500879238665185,0.2162567999999998,94.798772749181538
flowstar_style_o6_candidate8_output6_cutoff_insert,7.4893360002692031,20.871848201874503,0.2162567999999998,96.514182221666658
flowstar_style_o6_candidate8_output6_cutoff_insert,7.4920173034170157,21.444594587556971,0.2162567999999998,99.162637140459807
flowstar_style_o6_candidate8_output6_cutoff_insert,7.494832671722218,21.899675333588149,0.2162567999999998,101.26699060370896
flowstar_style_o6_candidate8_output6_insert,0.025000000000000001,0.50640462733673597,0.77654500000000004,0.6521252822910919
flowstar_style_o6_candidate8_output6_insert,0.087499999999999994,0.66030439203045876,1.1135919999999999,0.59295001403607317
flowstar_style_o6_candidate8_output6_insert,0.14999999999999999,0.72980867488759937,1.057761,0.68995611947084401
flowstar_style_o6_candidate8_output6_insert,0.21249999999999999,0.79463683849321609,1.28905,0.61645152514892054
flowstar_style_o6_candidate8_output6_insert,0.27500000000000002,0.77876317487290547,1.0994964999999999,0.70829072659431436
flowstar_style_o6_candidate8_output6_insert,0.33750000000000002,0.76644440268178915,1.1550749999999999,0.66354514008336185
flowstar_style_o6_candidate8_output6_insert,0.40000000000000002,0.69971765077033221,1.0615099000000003,0.65917204424596698
flowstar_style_o6_candidate8_output6_insert,0.46250000000000002,0.64263203504826816,1.0172943000000001,0.63170710289860865
flowstar_style_o6_candidate8_output6_insert,0.55000000000000004,0.54436572829531027,0.88605142000000003,0.61437261541244437
flowstar_style_o6_candidate8_output6_insert,0.64999999999999991,0.43298138631486927,0.74639840000000002,0.58009420480385443
flowstar_style_o6_candidate8_output6_insert,0.75,0.342337772465232,0.6367138,0.53766350354779813
flowstar_style_o6_candidate8_output6_insert,0.84999999999999987,0.27516028318503472,0.47936660000000014,0.57400804141347073
flowstar_style_o6_candidate8_output6_insert,0.94999999999999996,0.22715027918807523,0.40314519999999987,0.56344532736114761
flowstar_style_o6_candidate8_output6_insert,1.0499999999999998,0.19103081472020395,0.38576279999999996,0.49520278969409171
flowstar_style_o6_candidate8_output6_insert,1.1499999999999999,0.16563005797657304,0.33781839999999996,0.49029318111912512
flowstar_style_o6_candidate8_output6_insert,1.25,0.14792513892588299,0.3189183000000001,0.46383396288605244
flowstar_style_o6_candidate8_output6_insert,1.3500000000000001,0.1362182060255589,0.29998289999999983,0.45408656968633537
flowstar_style_o6_candidate8_output6_insert,1.4500000000000002,0.12922789162364645,0.3362995000000002,0.38426429900623216
flowstar_style_o6_candidate8_output6_insert,1.5500000000000003,0.12605576403533136,0.29225139999999994,0.43132646767588245
flowstar_style_o6_candidate8_output6_insert,1.6500000000000004,0.12612042245077137,0.31772999999999996,0.39694212838186949
flowstar_style_o6_candidate8_output6_insert,1.7500000000000004,0.12910555079149955,0.35571740000000007,0.36294415395901219
flowstar_style_o6_candidate8_output6_insert,1.8500000000000005,0.13513748180149276,0.36657440000000019,0.36864953417776225
flowstar_style_o6_candidate8_output6_insert,1.9500000000000006,0.1439790938054708,0.46045069999999977,0.31269166016138289
flowstar_style_o6_candidate8_output6_insert,2.0500000000000007,0.15582351288054541,0.42217080000000007,0.36910064097409245
flowstar_style_o6_candidate8_output6_insert,2.1500000000000004,0.1709390284950707,0.48742429999999981,0.35069861821634818
flowstar_style_o6_candidate8_output6_insert,2.2500000000000009,0.18963157465178171,0.58377089999999987,0.32483903300384065
flowstar_style_o6_candidate8_output6_insert,2.3500000000000005,0.21208688419452415,0.64220490000000019,0.33024800059065895
flowstar_style_o6_candidate8_output6_insert,2.4500000000000011,0.23809463289868371,0.72574669999999997,0.32806850227315359
flowstar_style_o6_candidate8_output6_insert,2.5500000000000007,0.26654799039266719,0.67683490000000002,0.39381537564429253
flowstar_style_o6_candidate8_output6_insert,2.6500000000000012,0.2946136327999509,0.84920339999999972,0.34692940796039085
flowstar_style_o6_candidate8_output6_insert,2.7500000000000009,0.3309331706828319,0.94552389999999997,0.34999979448730162
flowstar_style_o6_candidate8_output6_insert,2.8500000000000014,0.36973094536102147,0.85614710000000005,0.43185446211407064
flowstar_style_o6_candidate8_output6_insert,2.9500000000000011,0.4016835012818451,1.0079226100000001,0.39852613414619709
flowstar_style_o6_candidate8_output6_insert,3.0500000000000016,0.41265070206087096,0.71729789999999993,0.57528497164270376
flowstar_style_o6_candidate8_output6_insert,3.1500000000000012,0.38287009288425355,0.67407979999999978,0.56798926905131064
flowstar_style_o6_candidate8_output6_insert,3.2500000000000018,0.42363236700077667,0.92621610000000021,0.45737961907677549
flowstar_style_o6_candidate8_output6_insert,3.3250000000000015,0.47400456752938513,0.78278899999999996,0.60553299488033829
flowstar_style_o6_candidate8_output6_insert,3.3875000000000015,0.53874645354597983,1.0243620000000002,0.52593365777525891
flowstar_style_o6_candidate8_output6_insert,3.4500000000000015,0.54197707080474178,0.95563800000000021,0.56713637465728828
flowstar_style_o6_candidate8_output6_insert,3.5125000000000015,0.55063764374674262,1.0861229999999997,0.50697540126370844
flowstar_style_o6_candidate8_output6_insert,3.5750000000000015,0.51357086753992132,0.86294399999999993,0.5951381173516721
flowstar_style_o6_candidate8_output6_insert,3.6375000000000015,0.4830429839971232,1.055704,0.4575553223224722
flowstar_style_o6_candidate8_output6_insert,3.7250000000000014,0.41553181606821821,0.90000570000000002,0.46169909375931528
flowstar_style_o6_candidate8_output6_insert,3.825000000000002,0.32909079574453826,0.7874329000000001,0.41792868413872242
flowstar_style_o6_candidate8_output6_insert,3.9250000000000016,0.25294137144692075,0.51081869999999996,0.49516858221306459
flowstar_style_o6_candidate8_output6_insert,4.0250000000000021,0.19563506725647217,0.5298902999999997,0.36919918567385041
flowstar_style_o6_candidate8_output6_insert,4.1250000000000018,0.17144286244152984,0.31879310000000005,0.53778724332970129
flowstar_style_o6_candidate8_output6_insert,4.2250000000000014,0.15767075825432714,0.34528690000000006,0.45663695394851966
flowstar_style_o6_candidate8_output6_insert,4.3250000000000011,0.15081225661133135,0.25967720000000011,0.58076818685402987
flowstar_style_o6_candidate8_output6_insert,4.4250000000000007,0.14905879344051509,0.27474230000000016,0.5425403858106852
flowstar_style_o6_candidate8_output6_insert,4.5250000000000004,0.15120822184905858,0.30299980000000015,0.4990373652030744
flowstar_style_o6_candidate8_output6_insert,4.625,0.15649863190145485,0.25329580000000007,0.61784929675681477
flowstar_style_o6_candidate8_output6_insert,4.7249999999999996,0.16458189356869124,0.27520700000000009,0.59802945989270329
flowstar_style_o6_candidate8_output6_insert,4.8249999999999993,0.1759193439294372,0.3113958,0.56493807536722462
flowstar_style_o6_candidate8_output6_insert,4.9249999999999989,0.18997028390508142,0.31927059999999996,0.59501339586257374
flowstar_style_o6_candidate8_output6_insert,5.0249999999999986,0.20701167900199313,0.28613579999999994,0.7234735359993163
flowstar_style_o6_candidate8_output6_insert,5.1249999999999982,0.2275479522667494,0.32243739999999987,0.70571203051119225
flowstar_style_o6_candidate8_output6_insert,5.2249999999999979,0.2522719217781586,0.4498424000000002,0.56080067547691925
flowstar_style_o6_candidate8_output6_insert,5.3249999999999975,0.28206403417993686,0.41616179999999992,0.67777492835704023
flowstar_style_o6_candidate8_output6_insert,5.4249999999999972,0.31798440848865528,0.38350989999999974,0.82914263357648788
flowstar_style_o6_candidate8_output6_insert,5.5249999999999968,0.3612197283714218,0.62236349999999996,0.58039992443551369
flowstar_style_o6_candidate8_output6_insert,5.6249999999999964,0.41293049011925087,0.59993930000000006,0.68828711524524366
flowstar_style_o6_candidate8_output6_insert,5.7249999999999961,0.47385768440358889,0.65573360000000014,0.72263749242617548
flowstar_style_o6_candidate8_output6_insert,5.8249999999999957,0.54354280252972687,0.61262300000000003,0.88723864845055911
flowstar_style_o6_candidate8_output6_insert,5.9249999999999954,0.61885824343517448,0.87008810000000025,0.71125928907104274
flowstar_style_o6_candidate8_output6_insert,6.024999999999995,0.69704807145045455,0.83535966000000006,0.83442869559975463
flowstar_style_o6_candidate8_output6_insert,6.1249999999999947,0.80911697558262174,1.0363495999999999,0.78073748046279157
flowstar_style_o6_candidate8_output6_insert,6.2249999999999943,0.95270767996092065,0.92344795999999996,1.0316852938425687
flowstar_style_o6_candidate8_output6_insert,6.324999999999994,1.1365587320162704,0.8884207999999999,1.2793022540853056
flowstar_style_o6_candidate8_output6_insert,6.3999999999999932,1.1913483340893607,0.55659539999999996,2.1404207330663545
flowstar_style_o6_candidate8_output6_insert,6.4624999999999932,1.3916584887210217,0.55002889999999982,2.5301552131552034
flowstar_style_o6_candidate8_output6_insert,6.5249999999999932,1.5193852226408304,0.53146989999999961,2.8588358863612626
flowstar_style_o6_candidate8_output6_insert,6.5687499999999934,1.7137355047277847,0.550589,3.1125494783364447
flowstar_style_o6_candidate8_output6_insert,6.6156249999999934,2.0173459729882288,0.82085569999999974,2.457613406337106
flowstar_style_o6_candidate8_output6_insert,6.664843749999994,2.2652661081465326,0.84571300000000016,2.6785281864492236
flowstar_style_o6_candidate8_output6_insert,6.7017578124999932,2.4598827598685293,0.69707300000000028,3.5288739627966201
flowstar_style_o6_candidate8_output6_insert,6.7294433593749936,2.6109715914049536,0.88029199999999985,2.9660289897045002
flowstar_style_o6_candidate8_output6_insert,6.7591064453124936,2.8404783955603508,0.8199510000000001,3.4642050507412643
flowstar_style_o6_candidate8_output6_insert,6.7902526855468679,3.0126475431625992,0.85990900000000003,3.5034492523774015
flowstar_style_o6_candidate8_output6_insert,6.8136123657226495,3.1458476017277737,0.72618400000000016,4.3320254945410159
flowstar_style_o6_candidate8_output6_insert,6.8386405944824151,3.3485743294837129,0.86855799999999994,3.8553261031315276
flowstar_style_o6_candidate8_output6_insert,6.8649202346801683,3.4996152611939362,0.78450300000000017,4.4609329233845321
flowstar_style_o6_candidate8_output6_insert,6.8930769920349046,3.7274022615495328,0.80277299999999996,4.6431584788595694
flowstar_style_o6_candidate8_output6_insert,6.9226415872573774,3.9011096951599944,0.81844600000000001,4.7664839160555426
flowstar_style_o6_candidate8_output6_insert,6.9448150336742325,4.0395790898600543,0.83016849999999975,4.8659749073351444
flowstar_style_o6_candidate8_output6_insert,6.9685722976922913,4.2473953971133955,0.8270628000000001,5.1355173961558842
flowstar_style_o6_candidate8_output6_insert,6.9935174249112535,4.4089914779226183,0.65505099999999983,6.7307606246271199
flowstar_style_o6_candidate8_output6_insert,7.0122262703254741,4.5371311297731349,0.65349030000000008,6.9429203918912563
flowstar_style_o6_candidate8_output6_insert,7.0322714618407112,4.7309544211414982,0.64873099999999995,7.2926288725858619
flowstar_style_o6_candidate8_output6_insert,7.0533189129317098,4.8841321958821897,0.64010959999999995,7.6301498928967639
flowstar_style_o6_candidate8_output6_insert,7.0691045012499591,5.0060724284396976,0.52445970000000008,9.5451994279821637
flowstar_style_o6_candidate8_output6_insert,7.0860176315909404,5.1916813368297952,0.62703350000000002,8.2797511406165611
flowstar_style_o6_candidate8_output6_insert,7.1037764184489713,5.3398094267517662,0.50665870000000002,10.539263268846989
flowstar_style_o6_candidate8_output6_insert,7.1170955085924934,5.4577486016695298,0.6089019,8.963264200143783
flowstar_style_o6_candidate8_output6_insert,7.1313659623176964,5.6380906187221633,0.48501520000000004,11.624564794509869
flowstar_style_o6_candidate8_output6_insert,7.1463499387291591,5.7825364876692671,0.58522530000000017,9.8808723540647776
flowstar_style_o6_candidate8_output6_insert,7.1575879210377567,5.8972963800074698,0.45932500000000021,12.839049431246867
flowstar_style_o6_candidate8_output6_insert,7.1696286163683967,6.0733196493991164,0.45932500000000021,13.222271048602
flowstar_style_o6_candidate8_output6_insert,7.1822713464655692,6.2141858297213481,0.55563471000000009,11.183941027948645
flowstar_style_o6_candidate8_output6_insert,7.1958171287125392,6.4312913966975325,0.42955641000000011,14.971936739804514
flowstar_style_o6_candidate8_output6_insert,7.2100402000718571,6.6080463888287602,0.52002169000000009,12.707251477969619
flowstar_style_o6_candidate8_output6_insert,7.2207075035913464,6.7495702053142583,0.39589329000000006,17.048963384335856
flowstar_style_o6_candidate8_output6_insert,7.2321367573622268,6.9683601869975682,0.39589329000000006,17.6016122602067
flowstar_style_o6_candidate8_output6_insert,7.2441374738216524,7.1456924610007917,0.39589329000000006,18.049541736362318
flowstar_style_o6_candidate8_output6_insert,7.2531380111662216,7.2870103778536297,0.48025670000000004,15.173157142531544
flowstar_style_o6_candidate8_output6_insert,7.2627814440354026,7.5058338456356823,0.36094060000000006,20.795205210041988
flowstar_style_o6_candidate8_output6_insert,7.272907048548042,7.6821028835264453,0.36094060000000006,21.283565449623691
flowstar_style_o6_candidate8_output6_insert,7.2805012519325221,7.8218571328894457,0.36094060000000006,21.670760044421282
flowstar_style_o6_candidate8_output6_insert,7.2886378984158924,8.0383968907493895,0.36094060000000006,22.270691883233386
flowstar_style_o6_candidate8_output6_insert,7.2971813772234331,8.2119022991902551,0.36094060000000006,22.751395379711383
flowstar_style_o6_candidate8_output6_insert,7.3063351045172258,8.4836488719643075,0.44031840000000011,19.267077805434216
flowstar_style_o6_candidate8_output6_insert,7.315946518175708,8.7075024544973889,0.32627656999999982,26.68748925029276
flowstar_style_o6_candidate8_output6_insert,7.3231550784195694,8.8862772917729771,0.32627656999999982,27.235413476894717
flowstar_style_o6_candidate8_output6_insert,7.3308785358237074,9.1639771490678967,0.32627656999999982,28.086531463377533
flowstar_style_o6_candidate8_output6_insert,7.3389881660980514,9.3903960511344415,0.32627656999999982,28.780479245366735
flowstar_style_o6_candidate8_output6_insert,7.3450703888038102,9.5701920542408434,0.32627656999999982,29.331533227288887
flowstar_style_o6_candidate8_output6_insert,7.351587055988551,9.8481002427750433,0.35010326999999974,28.129129564471221
flowstar_style_o6_candidate8_output6_insert,7.3584295565325295,10.072946774058591,0.24202060000000003,41.620204123362186
flowstar_style_o6_candidate8_output6_insert,7.3657608071153629,10.42266607595135,0.24202060000000003,43.065202201595021
flowstar_style_o6_candidate8_output6_insert,7.3734586202273391,10.709317782388965,0.24202060000000003,44.24961256351304
flowstar_style_o6_candidate8_output6_insert,7.37923198006132,10.937751281106369,0.2878187000000002,38.002225988465518
flowstar_style_o6_candidate8_output6_insert,7.3854177227405859,11.292128686458735,0.23569039000000014,47.910857487480627
flowstar_style_o6_candidate8_output6_insert,7.3919127525538153,11.580283331617096,0.23569039000000014,49.133455681485735
flowstar_style_o6_candidate8_output6_insert,7.3967840249137371,11.80852119763774,0.23569039000000014,50.101835707589657
flowstar_style_o6_candidate8_output6_insert,7.4020032452993672,12.161564996880507,0.23569039000000014,51.599749132242941
flowstar_style_o6_candidate8_output6_insert,7.4074834267042799,12.446410443454749,0.28337149000000017,43.922592366136556
flowstar_style_o6_candidate8_output6_insert,7.4115935627579637,12.670733582948069,0.22917520000000013,55.288415076971944
flowstar_style_o6_candidate8_output6_insert,7.41599727995834,13.016667419652716,0.22917520000000013,56.797888338933305
flowstar_style_o6_candidate8_output6_insert,7.4206211830187341,13.293720741579463,0.22917520000000013,58.006803273563001
flowstar_style_o6_candidate8_output6_insert,7.4255753648691574,13.723504157884989,0.22917520000000013,59.882151986275048
flowstar_style_o6_candidate8_output6_insert,7.4307772558121012,14.071221512915043,0.22917520000000013,61.399407583870484
flowstar_style_o6_candidate8_output6_insert,7.4346786740193087,14.345616371102837,0.22917520000000013,62.596722381404398
flowstar_style_o6_candidate8_output6_insert,7.4388587649556026,14.769922543877001,0.27874779999999999,52.986687406598371
flowstar_style_o6_candidate8_output6_insert,7.4432478604387118,15.110606005949265,0.22257170000000012,67.890958311183567
flowstar_style_o6_candidate8_output6_insert,7.4465396820510446,15.377966527149685,0.22257170000000012,69.092191537152644
flowstar_style_o6_candidate8_output6_insert,7.4500666337785422,15.790066644198205,0.22257170000000012,70.943730241527547
flowstar_style_o6_candidate8_output6_insert,7.4537699330924161,16.118590630425466,0.22257170000000012,72.419766890514182
flowstar_style_o6_candidate8_output6_insert,7.4577377537858514,16.628000035680635,0.22257170000000012,74.708509822590315
flowstar_style_o6_candidate8_output6_insert,7.4619039655139598,17.038335570067314,0.22257170000000012,76.552120373197965
flowstar_style_o6_candidate8_output6_insert,7.4650286243100403,17.361165200983155,0.22257170000000012,78.002572658532713
flowstar_style_o6_candidate8_output6_insert,7.4683764730201254,17.860429585906843,0.22257170000000012,80.2457346819332
flowstar_style_o6_candidate8_output6_insert,7.4718917141657162,18.259511873295057,0.22257170000000012,82.038785134386117
flowstar_style_o6_candidate8_output6_insert,7.4745281450249088,18.571766428800185,0.22257170000000012,83.441724301877443
flowstar_style_o6_candidate8_output6_insert,7.4773528923740438,19.052970256021361,0.27423140000000024,69.477712092857871
flowstar_style_o6_candidate8_output6_insert,7.4803188770906353,19.434908455775844,0.2162567999999998,89.86958308721789
flowstar_style_o6_candidate8_output6_insert,7.4834967178584133,20.02672680270404,0.2162567999999998,92.60622927327168
flowstar_style_o6_candidate8_output6_insert,7.4868334506645784,20.500315844325531,0.2162567999999998,94.796167539358535
flowstar_style_o6_candidate8_output6_insert,7.4893360002692031,20.87126567851945,0.2162567999999998,96.511488556750436
flowstar_style_o6_candidate8_output6_insert,7.4920173034170157,21.443982011288703,0.2162567999999998,99.159804506904393
flowstar_style_o6_candidate8_output6_insert,7.494832671722218,21.899038480793845,0.2162567999999998,101.26404571229142
flowstar_style_o4_target_cutoff_insert,0.012500000000000001,0.45483181408129059,0.56685600000000003,0.80237628971253827
flowstar_style_o4_target_cutoff_insert,0.034375000000000003,0.49838121632938481,0.72724799999999989,0.68529747256697149
flowstar_style_o4_target_cutoff_insert,0.057812500000000003,0.55881551653720618,0.72868399999999989,0.76688319839217856
flowstar_style_o4_target_cutoff_insert,0.082421875000000006,0.5982044864447924,0.79084200000000027,0.75641466493280862
flowstar_style_o4_target_cutoff_insert,0.10087890625000001,0.62298050344173639,0.85816100000000017,0.72594828178131643
flowstar_style_o4_target_cutoff_insert,0.12065429687500001,0.6632136127474999,0.79135600000000017,0.83807238808766193
flowstar_style_o4_target_cutoff_insert,0.14141845703125,0.68196291738275683,0.93772999999999995,0.72724869352879495
flowstar_style_o4_target_cutoff_insert,0.15699157714843751,0.69239713254256996,0.78239600000000009,0.88497018459011789
flowstar_style_o4_target_cutoff_insert,0.17367706298828126,0.71619129161417061,0.9603210000000002,0.74578322416584708
flowstar_style_o4_target_cutoff_insert,0.19119682312011721,0.72118348964909718,0.83479799999999993,0.86390179378615817
flowstar_style_o4_target_cutoff_insert,0.20996799468994143,0.74069770564644455,0.93890600000000002,0.78889442142924271
flowstar_style_o4_target_cutoff_insert,0.22967772483825685,0.74282794278607733,0.89713799999999999,0.82799741264563242
flowstar_style_o4_target_cutoff_insert,0.25079529285430913,0.75736101120141175,1.022467,0.74071927133238702
flowstar_style_o4_target_cutoff_insert,0.27296873927116394,0.75112814150145391,0.95547789999999988,0.78612822075890398
flowstar_style_o4_target_cutoff_insert,0.28959882408380511,0.7438109716042306,0.90420549999999988,0.82261274854469557
flowstar_style_o4_target_cutoff_insert,0.30741677209734919,0.74555464393398485,0.92370859999999999,0.80713186380854829
flowstar_style_o4_target_cutoff_insert,0.32612561751157043,0.73270534111760743,0.86901149999999994,0.84314803787706782
flowstar_style_o4_target_cutoff_insert,0.34617080902680752,0.72830355967773419,0.8742588,0.83305259229616468
flowstar_style_o4_target_cutoff_insert,0.36721826011780645,0.7092805821028928,0.96431950000000011,0.7355244626940477
flowstar_style_o4_target_cutoff_insert,0.38976910057244818,0.69744985287702477,0.8788282999999999,0.79361332910765947
flowstar_style_o4_target_cutoff_insert,0.41344748304982204,0.67170982285897995,0.87388990000000011,0.7686435360552627
flowstar_style_o4_target_cutoff_insert,0.43881717856129399,0.65213091669383494,0.85450430000000011,0.76316867766942176
flowstar_style_o4_target_cutoff_insert,0.46545535884833955,0.62012329708941838,0.73994930000000014,0.8380618740897765
flowstar_style_o4_target_cutoff_insert,0.49399626629874549,0.59339811351008098,0.7887234999999998,0.7523525208898697
flowstar_style_o4_target_cutoff_insert,0.52396421912167179,0.55645489720659524,0.76920750000000004,0.72341324961937481
flowstar_style_o4_target_cutoff_insert,0.55607274000337847,0.52420575029625005,0.67799851899999974,0.77316651232426992
flowstar_style_o4_target_cutoff_insert,0.58978668692917047,0.48514760439559418,0.65690352000000007,0.73853707527034429
flowstar_style_o4_target_cutoff_insert,0.61507214712351455,0.45787990983108845,0.63350420000000007,0.72277328205730662
flowstar_style_o4_target_cutoff_insert,0.64216371161745456,0.4329742678774755,0.6092036999999999,0.71072166481831212
flowstar_style_o4_target_cutoff_insert,0.67060985433609155,0.40497686806122135,0.58171829999999991,0.69617350539122014
flowstar_style_o4_target_cutoff_insert,0.70108786439177406,0.37911647955546074,0.51052310000000001,0.74260396749032653
flowstar_style_o4_target_cutoff_insert,0.73308977495024075,0.35258634328784677,0.48177762999999985,0.73184457171215456
flowstar_style_o4_target_cutoff_insert,0.76737753626288352,0.32760461002495511,0.42586058000000021,0.76927667271987221
flowstar_style_o4_target_cutoff_insert,0.80337968564115847,0.3020112875951273,0.41298054000000001,0.73129665527370202
flowstar_style_o4_target_cutoff_insert,0.84195341711788163,0.27855494454591728,0.43834459999999997,0.63547023174442507
flowstar_style_o4_target_cutoff_insert,0.88245583516844095,0.25559433563227796,0.3709309999999999,0.68906167355189518
flowstar_style_o4_target_cutoff_insert,0.92585128307975451,0.2353908698623291,0.35657119999999987,0.66015109987101928
flowstar_style_o4_target_cutoff_insert,0.97141650338663377,0.21426701915267671,0.3429449,0.62478555345968612
flowstar_style_o4_target_cutoff_insert,1.0202363822868616,0.198437800281411,0.33100839999999998,0.59949475687448117
flowstar_style_o4_target_cutoff_insert,1.0714972551321007,0.18147418853908681,0.32120409999999994,0.56498092190942406
flowstar_style_o4_target_cutoff_insert,1.126419618894857,0.16965298875939583,0.31394580000000005,0.54038941995527823
flowstar_style_o4_target_cutoff_insert,1.1840881008457511,0.1561669018776275,0.26722289999999987,0.58440688233541205
flowstar_style_o4_target_cutoff_insert,1.2458757600788517,0.14839943792469423,0.27212840000000005,0.54532874159659261
flowstar_style_o4_target_cutoff_insert,1.3079483556187124,0.1383030588075671,0.23532839999999999,0.587702371696604
flowstar_style_o4_target_cutoff_insert,1.3704483556187124,0.13472622636583109,0.29998289999999983,0.44911302066161496
flowstar_style_o4_target_cutoff_insert,1.4329483556187124,0.12837129663111413,0.25865340000000014,0.49630624082696789
flowstar_style_o4_target_cutoff_insert,1.4954483556187124,0.12799624424071443,0.27303400000000011,0.4687923271120607
flowstar_style_o4_target_cutoff_insert,1.5829483556187123,0.12891900730386185,0.29225139999999994,0.44112366032758743
flowstar_style_o4_target_cutoff_insert,1.6829483556187124,0.1303065695715695,0.376031,0.34653145504378496
flowstar_style_o4_target_cutoff_insert,1.7829483556187125,0.1346993728499809,0.33242760000000016,0.40519912561406102
flowstar_style_o4_target_cutoff_insert,1.8829483556187125,0.14212264442749056,0.40847219999999995,0.34793712871399957
flowstar_style_o4_target_cutoff_insert,1.9829483556187126,0.15249897668159818,0.37130799999999997,0.41070748995873557
flowstar_style_o4_target_cutoff_insert,2.0829483556187123,0.16607819025832349,0.60895909999999998,0.27272470393877601
flowstar_style_o4_target_cutoff_insert,2.1829483556187128,0.18318571459116961,0.45369660000000001,0.40376259066338521
flowstar_style_o4_target_cutoff_insert,2.2829483556187125,0.204147684345519,0.56335840000000004,0.36237621440546369
flowstar_style_o4_target_cutoff_insert,2.3579483556187126,0.21442741656563025,0.52243530000000016,0.41043822376786215
flowstar_style_o4_target_cutoff_insert,2.4204483556187126,0.23503874983827067,0.59870099999999993,0.39258118800247654
flowstar_style_o4_target_cutoff_insert,2.4829483556187126,0.24851112892858751,0.55922129999999992,0.44438781020785073
flowstar_style_o4_target_cutoff_insert,2.5454483556187126,0.27184070625009249,0.67683490000000002,0.40163517905192608
flowstar_style_o4_target_cutoff_insert,2.6079483556187126,0.28635560945095412,0.62160979999999988,0.46066778459888208
flowstar_style_o4_target_cutoff_insert,2.6704483556187126,0.30915985398430368,0.69252379999999991,0.4464248795266007
flowstar_style_o4_target_cutoff_insert,2.7329483556187126,0.32651775214948464,0.78332092999999992,0.41683777318382731
flowstar_style_o4_target_cutoff_insert,2.7766983556187128,0.33721178890130843,0.61089829999999989,0.55199333326235889
flowstar_style_o4_target_cutoff_insert,2.8235733556187128,0.35885546397530405,0.6542443,0.54850376835580228
flowstar_style_o4_target_cutoff_insert,2.8727921056187125,0.36527093169589209,0.70045419000000009,0.52147725991316007
flowstar_style_o4_target_cutoff_insert,2.9097061681187126,0.36712535788369327,0.63091811000000009,0.58189066388297717
flowstar_style_o4_target_cutoff_insert,2.9492569493687126,0.38493697477842587,0.67960639999999983,0.56641163882274503
flowstar_style_o4_target_cutoff_insert,2.9907852696812123,0.37713049861908537,0.58704569999999978,0.64242102210966801
flowstar_style_o4_target_cutoff_insert,3.0219315099155875,0.36517301228594629,0.59532370000000001,0.61340244355456752
flowstar_style_o4_target_cutoff_insert,3.055302481595275,0.37403162722421512,0.51026349999999998,0.73301662224363517
flowstar_style_o4_target_cutoff_insert,3.0903420018589465,0.3496067928705977,0.50197639999999988,0.6964606162174114
flowstar_style_o4_target_cutoff_insert,3.1166216420567006,0.32601082218170629,0.41573779999999994,0.78417411691144356
flowstar_style_o4_target_cutoff_insert,3.1447783994114369,0.32653668624988275,0.42371600000000009,0.77064988400221535
flowstar_style_o4_target_cutoff_insert,3.1743429946339097,0.32654017848513794,0.47309979999999996,0.69021415457190638
flowstar_style_o4_target_cutoff_insert,3.206019346657988,0.37652702799325244,0.46524910000000008,0.80930200185933165
flowstar_style_o4_target_cutoff_insert,3.2392795162832702,0.41437370462776557,0.5668299999999995,0.73103700338331767
flowstar_style_o4_target_cutoff_insert,3.264224643502232,0.4411784934028482,0.56487900000000013,0.78101415241644334
flowstar_style_o4_target_cutoff_insert,3.2909515655225481,0.4849143082403351,0.62665100000000029,0.77381877351242534
flowstar_style_o4_target_cutoff_insert,3.3190148336438803,0.51055549433729652,0.69479000000000002,0.73483425831876759
flowstar_style_o4_target_cutoff_insert,3.3400622847348789,0.52727890220432316,0.66517300000000024,0.79269438507624779
flowstar_style_o4_target_cutoff_insert,3.3626131251895206,0.55819517833235688,0.62876599999999994,0.88776298071517379
flowstar_style_o4_target_cutoff_insert,3.3862915076668942,0.57141248714115345,0.79612199999999977,0.7177448772187599
flowstar_style_o4_target_cutoff_insert,3.4116612031783662,0.59862090599158235,0.74091300000000015,0.8079503342384089
flowstar_style_o4_target_cutoff_insert,3.4382993834654121,0.60527580673500236,0.77965500000000021,0.77633800429036204
flowstar_style_o4_target_cutoff_insert,3.4582780186806961,0.60755272764912016,0.81679100000000027,0.74382887133810238
flowstar_style_o4_target_cutoff_insert,3.4796836992685005,0.62021363009456243,0.74661299999999975,0.8307029613662803
flowstar_style_o4_target_cutoff_insert,3.5021596638856956,0.61872610786539606,0.67513599999999996,0.91644662388821818
flowstar_style_o4_target_cutoff_insert,3.5262410545469756,0.62577148455129294,0.81347999999999998,0.76925245187502211
flowstar_style_o4_target_cutoff_insert,3.5515265147413198,0.61735543837025775,0.72218700000000013,0.85484152770716948
flowstar_style_o4_target_cutoff_insert,3.5786180792352598,0.6160904890846719,0.73523999999999989,0.8379447378878625
flowstar_style_o4_target_cutoff_insert,3.6070642219538964,0.60294597775563297,0.74521070000000011,0.80909463290802575
flowstar_style_o4_target_cutoff_insert,3.6283988289928741,0.59159974943349036,0.74977760000000004,0.78903364068690551
flowstar_style_o4_target_cutoff_insert,3.6512573365346359,0.58328419986312263,0.74734599999999995,0.78047410418082475
flowstar_style_o4_target_cutoff_insert,3.6752587694534862,0.56719374655477151,0.57881300000000013,0.97992572135520695
flowstar_style_o4_target_cutoff_insert,3.7009745904379683,0.55293405064491241,0.72485080000000013,0.76282464011202344
flowstar_style_o4_target_cutoff_insert,3.7279762024716745,0.53228277367461319,0.54226130000000006,0.98159830634163481
flowstar_style_o4_target_cutoff_insert,3.7569065010792171,0.51241036264845929,0.53370509999999982,0.96010018013404685
flowstar_style_o4_target_cutoff_insert,3.7872833146171363,0.48798582374680938,0.52178719999999967,0.93521999724563898
flowstar_style_o4_target_cutoff_insert,3.8198299005506211,0.46359534194153146,0.59505440000000009,0.77908060496911102
flowstar_style_o4_target_cutoff_insert,3.8540038157807808,0.43678655589246201,0.46154770000000023,0.94635192828923598
flowstar_style_o4_target_cutoff_insert,3.8906187249559516,0.40961346903983997,0.43255271999999995,0.94696773387493671
flowstar_style_o4_target_cutoff_insert,3.9290643795898808,0.38204216798931034,0.40108759999999993,0.95251553024653568
flowstar_style_o4_target_cutoff_insert,3.970256152411948,0.35407743644251882,0.37107799999999985,0.95418601060294317
flowstar_style_o4_target_cutoff_insert,4.0135075138751191,0.33545347210892551,0.34988995999999989,0.95873991957050042
flowstar_style_o4_target_cutoff_insert,4.0459460349724967,0.32589397911409318,0.25357109999999994,1.2852173576330002
flowstar_style_o4_target_cutoff_insert,4.0807015932911153,0.31286132757031837,0.3329190999999998,0.93975181228808613
flowstar_style_o4_target_cutoff_insert,4.1171949295256649,0.30313189519429229,0.31879310000000005,0.95087345113270094
flowstar_style_o4_target_cutoff_insert,4.1562949326341121,0.29180640800560087,0.2256097,1.2934125084409087
flowstar_style_o4_target_cutoff_insert,4.1973499358979813,0.28505980209208392,0.25333939999999999,1.1252091150925752
flowstar_style_o4_target_cutoff_insert,4.2413374393949841,0.27831889914646668,0.2521945000000001,1.103588298501619
flowstar_style_o4_target_cutoff_insert,4.2875243180668363,0.27487407168841038,0.20575449999999995,1.3359322478410458
flowstar_style_o4_target_cutoff_insert,4.3370102595009641,0.27296832635557794,0.20770180000000005,1.3142318764477625
flowstar_style_o4_target_cutoff_insert,4.3889704980067989,0.27305993619053831,0.21129970000000015,1.2922873822846797
flowstar_style_o4_target_cutoff_insert,4.4279406768861751,0.27409273318598026,0.15364989999999995,1.7838783701517564
flowstar_style_o4_target_cutoff_insert,4.46969443997122,0.27732408971384259,0.21709249999999997,1.2774466631221375
flowstar_style_o4_target_cutoff_insert,4.5135358912105179,0.28050878317676198,0.22554030000000014,1.2437191188304786
flowstar_style_o4_target_cutoff_insert,4.5605088746811937,0.28703352957839789,0.23730770000000012,1.2095415765202635
flowstar_style_o4_target_cutoff_insert,4.6098305073254036,0.29280576210646037,0.16613620000000018,1.7624440796554879
flowstar_style_o4_target_cutoff_insert,4.6468217318085605,0.29775382041777254,0.25329580000000007,1.1755181902651859
flowstar_style_o4_target_cutoff_insert,4.6864551866119433,0.30630139360767972,0.17525990000000002,1.7476980964138384
flowstar_style_o4_target_cutoff_insert,4.7280703141554952,0.31357211398838936,0.27520700000000009,1.1394045717891959
flowstar_style_o4_target_cutoff_insert,4.7726579508093003,0.32567629164884981,0.18864970000000014,1.7263546756175576
flowstar_style_o4_target_cutoff_insert,4.819474969295797,0.33582132382314533,0.24581490000000006,1.3661552811613342
flowstar_style_o4_target_cutoff_insert,4.8545877331606686,0.344027403750094,0.21334509999999995,1.6125395134460274
flowstar_style_o4_target_cutoff_insert,4.8922085515873164,0.357113536704742,0.23301690000000008,1.5325649629050162
flowstar_style_o4_target_cutoff_insert,4.9317104109352972,0.36785188268154978,0.17062270000000002,2.1559375316505349
flowstar_style_o4_target_cutoff_insert,4.9740338316652766,0.3850938791465649,0.25687639999999989,1.499140750752366
flowstar_style_o4_target_cutoff_insert,5.0184734234317556,0.39935977049992499,0.28613579999999994,1.3957001203621675
flowstar_style_o4_target_cutoff_insert,5.0518031172566147,0.41080583068751908,0.20495009999999991,2.0044187862680682
flowstar_style_o4_target_cutoff_insert,5.0875135034975347,0.42893592495100774,0.32243739999999987,1.3302920968566547
flowstar_style_o4_target_cutoff_insert,5.1250094090505005,0.44375985555888775,0.22865540000000006,1.9407363900388428
flowstar_style_o4_target_cutoff_insert,5.1651835935715358,0.46746339156770633,0.36813870000000015,1.2698023640755676
flowstar_style_o4_target_cutoff_insert,5.2073664873186232,0.48705274188058234,0.25871640000000007,1.8825738989897132
flowstar_style_o4_target_cutoff_insert,5.2390036576289383,0.50274901135187877,0.25871640000000007,1.9432436882697759
flowstar_style_o4_target_cutoff_insert,5.2729006258185613,0.52756265171143601,0.34042010000000011,1.5497400174414961
flowstar_style_o4_target_cutoff_insert,5.3084924424176663,0.54786291613333582,0.30548579999999992,1.7934153277610152
flowstar_style_o4_target_cutoff_insert,5.335186304866995,0.56398464464484621,0.22989549999999992,2.4532217666063336
flowstar_style_o4_target_cutoff_insert,5.3637868717769894,0.58921160392824412,0.34057149999999992,1.7300672661342604
flowstar_style_o4_target_cutoff_insert,5.3938174670324841,0.60966443958055705,0.25330129999999984,2.4068744991855842
flowstar_style_o4_target_cutoff_insert,5.4259931048062278,0.64190590353083699,0.38350989999999974,1.6737661883848043
flowstar_style_o4_target_cutoff_insert,5.4597775244686595,0.66828313933268257,0.28203259999999986,2.3695244426803246
flowstar_style_o4_target_cutoff_insert,5.4851158392154833,0.68919950321486334,0.4366829000000001,1.5782608002623029
flowstar_style_o4_target_cutoff_insert,5.5122640335870798,0.72180208427214265,0.31770690000000013,2.2719118919738364
flowstar_style_o4_target_cutoff_insert,5.5407696376772568,0.74822796410913561,0.50338749999999999,1.4863856653356224
flowstar_style_o4_target_cutoff_insert,5.5713113563453032,0.78965857994322519,0.36261850000000007,2.1776566279525866
flowstar_style_o4_target_cutoff_insert,5.6033801609467515,0.82350901784755026,0.36261850000000007,2.2710066305154042
flowstar_style_o4_target_cutoff_insert,5.627431764397838,0.85026560736852752,0.4723807000000001,1.7999583966248565
flowstar_style_o4_target_cutoff_insert,5.6532013395240019,0.89166814614664691,0.43089699999999997,2.069330132599315
flowstar_style_o4_target_cutoff_insert,5.680259393406474,0.92516779170279928,0.3315091,2.7907764574269582
flowstar_style_o4_target_cutoff_insert,5.7005529338183276,0.95140124714961172,0.3315091,2.86990989734403
flowstar_style_o4_target_cutoff_insert,5.7222960128310287,0.99149647198231994,0.48056480000000001,2.0631899631065775
flowstar_style_o4_target_cutoff_insert,5.7451262457943653,1.0236701412192846,0.36521879999999995,2.8028955278843388
flowstar_style_o4_target_cutoff_insert,5.7695872096836531,1.0729005219067684,0.54038760000000008,1.9854277224473105
flowstar_style_o4_target_cutoff_insert,5.7952712217674067,1.112586529419167,0.40569080000000002,2.7424494945884081
flowstar_style_o4_target_cutoff_insert,5.8145342308302217,1.1434677189327753,0.61262300000000003,1.8665112457951714
flowstar_style_o4_target_cutoff_insert,5.8351731691118092,1.1900346159654935,0.45430090000000023,2.6194854907077949
flowstar_style_o4_target_cutoff_insert,5.8568440543074765,1.2272722835117664,0.45430090000000023,2.7014524591779718
flowstar_style_o4_target_cutoff_insert,5.8730972182042258,1.2559895746386947,0.57446460000000021,2.1863654864698261
flowstar_style_o4_target_cutoff_insert,5.8905113223793162,1.2987110184843955,0.38628250000000014,3.3620757308042561
flowstar_style_o4_target_cutoff_insert,5.9087961317631592,1.3326680130962729,0.52400190000000002,2.5432503452683526
flowstar_style_o4_target_cutoff_insert,5.9283869989601357,1.3829601498380235,0.4146651999999999,3.3351246977996318
flowstar_style_o4_target_cutoff_insert,5.9489574095169591,1.4229815222295228,0.57256930000000006,2.485256408664458
flowstar_style_o4_target_cutoff_insert,5.9643852174345779,1.4535534600638638,0.44702950000000008,3.2515828598870176
flowstar_style_o4_target_cutoff_insert,5.9809150116320264,1.4980720367015827,0.62808989999999998,2.3851235893167249
flowstar_style_o4_target_cutoff_insert,5.9982712955393467,1.5333397334287424,0.48350890000000013,3.1712750963399889
flowstar_style_o4_target_cutoff_insert,6.0112885084698364,1.5600538372852601,0.48350890000000013,3.2265255867787745
flowstar_style_o4_target_cutoff_insert,6.0252355223239329,1.6002422488664445,0.6907786600000001,2.3165774241874297
flowstar_style_o4_target_cutoff_insert,6.0398798868707342,1.6332602597878989,0.52398506,3.1169977628520531
flowstar_style_o4_target_cutoff_insert,6.0555702774565923,1.6831895427327237,0.52398506,3.2122853707560357
flowstar_style_o4_target_cutoff_insert,6.0720451875717441,1.7240089750232934,0.52398506,3.2901872717960572
flowstar_style_o4_target_cutoff_insert,6.0844013701581083,1.7557550137000808,0.76000780000000012,2.3101802556501139
flowstar_style_o4_target_cutoff_insert,6.0976401372149267,1.8042521275125427,0.56758710000000012,3.178811018630519
flowstar_style_o4_target_cutoff_insert,6.1115408426245867,1.8429799637625992,0.56758710000000012,3.2470434295680763
flowstar_style_o4_target_cutoff_insert,6.1219663716818307,1.8729522161202239,0.56758710000000012,3.2998498664261811
flowstar_style_o4_target_cutoff_insert,6.1331365813860224,1.9191149241132281,0.69711199999999995,2.752950636502066
flowstar_style_o4_target_cutoff_insert,6.1448653015754218,1.9555975319289409,0.47417102999999999,4.1242450681327814
flowstar_style_o4_target_cutoff_insert,6.1574317874926372,2.0134056226006032,0.62098792999999997,3.2422620880901878
flowstar_style_o4_target_cutoff_insert,6.170626597705712,2.0591152236309154,0.49508875999999996,4.1590829564196037
flowstar_style_o4_target_cutoff_insert,6.1805227053655187,2.0949645483351174,0.49508875999999996,4.2314928505650533
flowstar_style_o4_target_cutoff_insert,6.1911256778581674,2.1522206470558634,0.65765805999999993,3.2725526804246323
flowstar_style_o4_target_cutoff_insert,6.2022587989754498,2.1969827091820329,0.51699667000000016,4.2495103676045574
flowstar_style_o4_target_cutoff_insert,6.2106086398134117,2.2317914690645617,0.51699667000000016,4.3168391569418834
flowstar_style_o4_target_cutoff_insert,6.2195548978540849,2.2869379542266111,0.51699667000000016,4.4235061595785723
flowstar_style_o4_target_cutoff_insert,6.2289484687967906,2.3294076592070709,0.69470977,3.3530659273829859
flowstar_style_o4_target_cutoff_insert,6.2359936470038209,2.3622809420730695,0.53808579999999984,4.3901566294317194
flowstar_style_o4_target_cutoff_insert,6.2435420522256386,2.4143979709330661,0.53808579999999984,4.4870129836785635
flowstar_style_o4_target_cutoff_insert,6.2514678777085475,2.4540595155646407,0.53808579999999984,4.5607215718471688
flowstar_style_o4_target_cutoff_insert,6.2574122468207296,2.4846322301675015,0.53808579999999984,4.6175391176788203
flowstar_style_o4_target_cutoff_insert,6.263781213726638,2.5330854545773076,0.53808579999999984,4.7075865123690468
flowstar_style_o4_target_cutoff_insert,6.2704686289778424,2.5696125963926404,0.62616260000000001,4.103746529084682
flowstar_style_o4_target_cutoff_insert,6.2776337167469904,2.6278404368817263,0.45144129999999993,5.8210013946037433
flowstar_style_o4_target_cutoff_insert,6.2851570589045949,2.6718402105799357,0.45144129999999993,5.9184664995868479
flowstar_style_o4_target_cutoff_insert,6.2907995655227982,2.7057486134534368,0.45144129999999993,5.9935779323988241
flowstar_style_o4_target_cutoff_insert,6.296845108328017,2.7597116234777479,0.55283090000000001,4.9919634077576847
flowstar_style_o4_target_cutoff_insert,6.3031929282734964,2.8001640504417975,0.45771910000000021,6.1176473746492031
flowstar_style_o4_target_cutoff_insert,6.3079537932326053,2.831225216325211,0.45771910000000021,6.185508134410842
flowstar_style_o4_target_cutoff_insert,6.3130547199745077,2.8805558500040469,0.45771910000000021,6.2932830419443837
flowstar_style_o4_target_cutoff_insert,6.3184106930535062,2.9173020853805625,0.56547769999999997,5.1590046528458373
flowstar_style_o4_target_cutoff_insert,6.3241492356381475,2.975883896010918,0.46173629999999982,6.4449857981945957
flowstar_style_o4_target_cutoff_insert,6.3301747053520199,3.0196501797130155,0.46173629999999982,6.5397721160606537
flowstar_style_o4_target_cutoff_insert,6.3346938076374233,3.0532439755625891,0.46173629999999982,6.6125274871449147
flowstar_style_o4_target_cutoff_insert,6.3395357029432144,3.1066491605315347,0.46173629999999982,6.7281891428755678
flowstar_style_o4_target_cutoff_insert,6.3446196930142946,3.1463355332736,0.57447850000000011,5.4768551534541317
flowstar_style_o4_target_cutoff_insert,6.3500668252333092,3.2096274576519579,0.46221660000000009,6.9439900203756366
flowstar_style_o4_target_cutoff_insert,6.3557863140632733,3.2568195287428807,0.46221660000000009,7.0460894929841986
flowstar_style_o4_target_cutoff_insert,6.3600759306857473,3.2930297042275591,0.46221660000000009,7.1244297678351636
flowstar_style_o4_target_cutoff_insert,6.3646719484955412,3.3505778858511288,0.46221660000000009,7.248934559795404
flowstar_style_o4_target_cutoff_insert,6.3694977671958242,3.3932961827192329,0.46221660000000009,7.3413550762115261
flowstar_style_o4_target_cutoff_insert,6.3731171312210364,3.4259709554526383,0.57730569999999992,5.9344138737113434
flowstar_style_o4_target_cutoff_insert,6.3769950212480495,3.4777277814558065,0.45704840000000002,7.6091017525842037
flowstar_style_o4_target_cutoff_insert,6.3810668057764133,3.5160110559405555,0.45704840000000002,7.6928637228366963
flowstar_style_o4_target_cutoff_insert,6.385429432056803,3.5767794425272492,0.45704840000000002,7.8258220410075801
flowstar_style_o4_target_cutoff_insert,6.3900101896512123,3.62187908097098,0.45704840000000002,7.9244978890003335
flowstar_style_o4_target_cutoff_insert,6.3934457578470187,3.6563614738663781,0.45704840000000002,7.9999437124522874
flowstar_style_o4_target_cutoff_insert,6.3971267237710983,3.7108973140500665,0.45704840000000002,8.1192655177221198
flowstar_style_o4_target_cutoff_insert,6.4009917379913812,3.7512491363503226,0.45704840000000002,8.2075533714817119
flowstar_style_o4_target_cutoff_insert,6.4051328246559702,3.815182636177977,0.5033514,7.5795609909458426
flowstar_style_o4_target_cutoff_insert,6.4094809656537883,3.8626516412610998,0.3702496999999999,10.432558463277893
flowstar_style_o4_target_cutoff_insert,6.4127420714021515,3.8989288185931503,0.3702496999999999,10.530538765036544
flowstar_style_o4_target_cutoff_insert,6.4162361132753976,3.9561834145218557,0.3702496999999999,10.685176556582913
flowstar_style_o4_target_cutoff_insert,6.4199048572423072,3.9985846260115299,0.42834269999999997,9.3350128904065137
flowstar_style_o4_target_cutoff_insert,6.4226564152174888,4.0309027636838746,0.36166350000000003,11.145450850538897
flowstar_style_o4_target_cutoff_insert,6.4256045130480413,4.0817298334836671,0.36166350000000003,11.285987757912167
flowstar_style_o4_target_cutoff_insert,6.4287000157701204,4.1192934001613324,0.36166350000000003,11.389851063658158
flowstar_style_o4_target_cutoff_insert,6.4320166258294922,4.1784422902591594,0.36166350000000003,11.553397813877151
flowstar_style_o4_target_cutoff_insert,6.4354990663918308,4.222291602358526,0.36166350000000003,11.674641213057235
flowstar_style_o4_target_cutoff_insert,6.4381108968135852,4.2556982938729515,0.36166350000000003,11.767010754120754
flowstar_style_o4_target_cutoff_insert,6.4409092865511797,4.3081124655380183,0.41957829999999996,10.267719911964033
flowstar_style_o4_target_cutoff_insert,6.4438475957756536,4.3468993927684787,0.35234389999999982,12.337092802709174
flowstar_style_o4_target_cutoff_insert,6.4469957842304471,4.4078205694397186,0.35234389999999982,12.50999540346724
flowstar_style_o4_target_cutoff_insert,6.4503013821079804,4.4530426823302243,0.35234389999999982,12.638341921997874
flowstar_style_o4_target_cutoff_insert,6.45278058051613,4.4874811701238855,0.35234389999999982,12.736083043083442
flowstar_style_o4_target_cutoff_insert,6.455436864524863,4.5413749254218221,0.35234389999999982,12.889040864399311
flowstar_style_o4_target_cutoff_insert,6.4582259627340317,4.5813186453800574,0.35234389999999982,13.002406584533064
flowstar_style_o4_target_cutoff_insert,6.461214282243855,4.6438872314361666,0.41453949999999984,11.202520462914073
flowstar_style_o4_target_cutoff_insert,6.46435201772917,4.6904033582698546,0.34324940000000004,13.664709561822553
flowstar_style_o4_target_cutoff_insert,6.4667053193431556,4.7258098196889122,0.34324940000000004,13.767860394479674
flowstar_style_o4_target_cutoff_insert,6.4692267139295696,4.7811705381251635,0.34324940000000004,13.929144633975072
flowstar_style_o4_target_cutoff_insert,6.4718741782453044,4.8223936380975623,0.34324940000000004,14.049241274995854
flowstar_style_o4_target_insert,0.012500000000000001,0.45483181408129059,0.56685600000000003,0.80237628971253827
flowstar_style_o4_target_insert,0.034375000000000003,0.49838121632938481,0.72724799999999989,0.68529747256697149
flowstar_style_o4_target_insert,0.057812500000000003,0.55881551653720662,0.72868399999999989,0.76688319839217922
flowstar_style_o4_target_insert,0.082421875000000006,0.59820448640849078,0.79084200000000027,0.75641466488690612
flowstar_style_o4_target_insert,0.10087890625000001,0.62298050339033084,0.85816100000000017,0.72594828172141446
flowstar_style_o4_target_insert,0.12065429687500001,0.66321361264621848,0.79135600000000017,0.8380723879596772
flowstar_style_o4_target_insert,0.14141845703125,0.68196291719094604,0.93772999999999995,0.72724869332424691
flowstar_style_o4_target_insert,0.15699157714843751,0.69239713222485078,0.78239600000000009,0.88497018418403306
flowstar_style_o4_target_insert,0.17367706298828126,0.71619129120903979,0.9603210000000002,0.74578322374397688
flowstar_style_o4_target_insert,0.19119682312011721,0.72118348913709318,0.83479799999999993,0.86390179317283133
flowstar_style_o4_target_insert,0.20996799468994143,0.74069770526210466,0.93890600000000002,0.78889442101989404
flowstar_style_o4_target_insert,0.22967772483825685,0.74282794195449209,0.89713799999999999,0.82799741171870112
flowstar_style_o4_target_insert,0.25079529285430913,0.75736101028070313,1.022467,0.74071927043190944
flowstar_style_o4_target_insert,0.27296873927116394,0.75112814048631105,0.95547789999999988,0.78612821969645885
flowstar_style_o4_target_insert,0.28959882408380511,0.7438109705162772,0.90420549999999988,0.82261274734148082
flowstar_style_o4_target_insert,0.30741677209734919,0.74555464277216166,0.92370859999999999,0.8071318625507673
flowstar_style_o4_target_insert,0.32612561751157043,0.73270533987394215,0.86901149999999994,0.84314803644594138
flowstar_style_o4_target_insert,0.34617080902680752,0.72830355835684135,0.8742588,0.83305259078529303
flowstar_style_o4_target_insert,0.36721826011780645,0.70928058119928339,0.96431950000000011,0.73552446175700414
flowstar_style_o4_target_insert,0.38976910057244818,0.69744985190893405,0.8788282999999999,0.79361332800608964
flowstar_style_o4_target_insert,0.41344748304982204,0.67170982168234705,0.87388990000000011,0.76864353470883118
flowstar_style_o4_target_insert,0.43881717856129399,0.65213091492890918,0.85450430000000011,0.7631686756039836
flowstar_style_o4_target_insert,0.46545535884833955,0.6201232952042276,0.73994930000000014,0.83806187154204681
flowstar_style_o4_target_insert,0.49399626629874549,0.59339811154533284,0.7887234999999998,0.75235251839882167
flowstar_style_o4_target_insert,0.52396421912167179,0.55645489523260139,0.76920750000000004,0.72341324705310517
flowstar_style_o4_target_insert,0.55607274000337847,0.52420574827800426,0.67799851899999974,0.77316650934749975
flowstar_style_o4_target_insert,0.58978668692917047,0.48514760237442855,0.65690352000000007,0.73853707219353693
flowstar_style_o4_target_insert,0.61507214712351455,0.45787990780784915,0.63350420000000007,0.72277327886357989
flowstar_style_o4_target_insert,0.64216371161745456,0.43297426583776855,0.6092036999999999,0.71072166147015947
flowstar_style_o4_target_insert,0.67060985433609155,0.4049768660238926,0.58171829999999991,0.6961735018889601
flowstar_style_o4_target_insert,0.70108786439177406,0.37911647751375233,0.51052310000000001,0.74260396349107871
flowstar_style_o4_target_insert,0.73308977495024075,0.35258634125485966,0.48177762999999985,0.73184456749239224
flowstar_style_o4_target_insert,0.76737753626288352,0.32760460800182944,0.42586058000000021,0.76927666796919614
flowstar_style_o4_target_insert,0.80337968564115847,0.30201128557184254,0.41298054000000001,0.73129665037447655
flowstar_style_o4_target_insert,0.84195341711788163,0.27855494253625018,0.43834459999999997,0.63547022715975099
flowstar_style_o4_target_insert,0.88245583516844095,0.25559433362243622,0.3709309999999999,0.68906166813352432
flowstar_style_o4_target_insert,0.92585128307975451,0.23539086784048169,0.35657119999999987,0.66015109420077045
flowstar_style_o4_target_insert,0.97141650338663377,0.21426701711283919,0.3429449,0.62478554751168247
flowstar_style_o4_target_insert,1.0202363822868616,0.19843779820337815,0.33100839999999998,0.59949475059659563
flowstar_style_o4_target_insert,1.0714972551321007,0.1814741864301147,0.32120409999999994,0.56498091534359229
flowstar_style_o4_target_insert,1.126419618894857,0.1696529865832121,0.31394580000000005,0.54038941302356036
flowstar_style_o4_target_insert,1.1840881008457511,0.15616689964173625,0.26722289999999987,0.58440687396827262
flowstar_style_o4_target_insert,1.2458757600788517,0.14839943558793078,0.27212840000000005,0.54532873300960416
flowstar_style_o4_target_insert,1.3079483556187124,0.13830305639324503,0.23532839999999999,0.58770236143722998
flowstar_style_o4_target_insert,1.3704483556187124,0.13472622378297527,0.29998289999999983,0.44911301205160475
flowstar_style_o4_target_insert,1.4329483556187124,0.12837129397011271,0.25865340000000014,0.49630623053906364
flowstar_style_o4_target_insert,1.4954483556187124,0.12799624143312638,0.27303400000000011,0.46879231682913602
flowstar_style_o4_target_insert,1.5829483556187123,0.12891900426842484,0.29225139999999994,0.44112364994119746
flowstar_style_o4_target_insert,1.6829483556187124,0.13030656626804182,0.376031,0.34653144625853138
flowstar_style_o4_target_insert,1.7829483556187125,0.13469936922458503,0.33242760000000016,0.4051991147082401
flowstar_style_o4_target_insert,1.8829483556187125,0.14212264041518752,0.40847219999999995,0.34793711889129181
flowstar_style_o4_target_insert,1.9829483556187126,0.15249897220318509,0.37130799999999997,0.41070747789755435
flowstar_style_o4_target_insert,2.0829483556187123,0.16607818521729634,0.60895909999999998,0.27272469566067137
flowstar_style_o4_target_insert,2.1829483556187128,0.1831857088714286,0.45369660000000001,0.40376257805641169
flowstar_style_o4_target_insert,2.2829483556187125,0.20414767781190613,0.56335840000000004,0.36237620280785038
flowstar_style_o4_target_insert,2.3579483556187126,0.21442740982028896,0.52243530000000016,0.41043821085651927
flowstar_style_o4_target_insert,2.4204483556187126,0.23503874234326116,0.59870099999999993,0.39258117548369087
flowstar_style_o4_target_insert,2.4829483556187126,0.2485111208050701,0.55922129999999992,0.44438779568137005
flowstar_style_o4_target_insert,2.5454483556187126,0.27184069724246746,0.67683490000000002,0.40163516574347369
flowstar_style_o4_target_insert,2.6079483556187126,0.28635559996206816,0.62160979999999988,0.46066776933386222
flowstar_style_o4_target_insert,2.6704483556187126,0.30915984359010995,0.69252379999999991,0.4464248645174505
flowstar_style_o4_target_insert,2.7329483556187126,0.326517740636112,0.78332092999999992,0.41683775848567206
flowstar_style_o4_target_insert,2.7766983556187128,0.33721177660559837,0.61089829999999989,0.55199331313509703
flowstar_style_o4_target_insert,2.8235733556187128,0.35885545044977624,0.6542443,0.54850374768228971
flowstar_style_o4_target_insert,2.8727921056187125,0.36527091699703562,0.70045419000000009,0.52147723892840958
flowstar_style_o4_target_insert,2.9097061681187126,0.36712534214925879,0.63091811000000009,0.58189063894402837
flowstar_style_o4_target_insert,2.9492569493687126,0.38493695702257241,0.67960639999999983,0.5664116126960731
flowstar_style_o4_target_insert,2.9907852696812123,0.37713047922794435,0.58704569999999978,0.64242098907792777
flowstar_style_o4_target_insert,3.0219315099155875,0.36517299150431121,0.59532370000000001,0.61340240864644091
flowstar_style_o4_target_insert,3.055302481595275,0.37403160414216807,0.51026349999999998,0.73301657700809109
flowstar_style_o4_target_insert,3.0903420018589465,0.34960676780752786,0.50197639999999988,0.69646056628863018
flowstar_style_o4_target_insert,3.1166216420567006,0.32601079551232492,0.41573779999999994,0.78417405276192098
flowstar_style_o4_target_insert,3.1447783994114369,0.32653665695659062,0.42371600000000009,0.77064981486795525
flowstar_style_o4_target_insert,3.1743429946339097,0.32654014700172362,0.47309979999999996,0.69021408802481776
flowstar_style_o4_target_insert,3.206019346657988,0.37652699304430581,0.46524910000000008,0.80930192674054768
flowstar_style_o4_target_insert,3.2392795162832702,0.41437366678925702,0.5668299999999995,0.73103693662872005
flowstar_style_o4_target_insert,3.264224643502232,0.44117845324615268,0.56487900000000013,0.78101408132742156
flowstar_style_o4_target_insert,3.2909515655225481,0.48491426473761834,0.62665100000000029,0.77381870409146103
flowstar_style_o4_target_insert,3.3190148336438803,0.51055544767816485,0.69479000000000002,0.73483419116303461
flowstar_style_o4_target_insert,3.3400622847348789,0.52727885328120339,0.66517300000000024,0.7926943115267806
flowstar_style_o4_target_insert,3.3626131251895206,0.55819512608450594,0.62876599999999994,0.88776289761931471
flowstar_style_o4_target_insert,3.3862915076668942,0.57141243226887695,0.79612199999999977,0.71774480829430298
flowstar_style_o4_target_insert,3.4116612031783662,0.59862084734102483,0.74091300000000015,0.80795025507856488
flowstar_style_o4_target_insert,3.4382993834654121,0.60527574514824845,0.77965500000000021,0.77633792529804624
flowstar_style_o4_target_insert,3.4582780186806961,0.60755266384061701,0.81679100000000027,0.74382879321713491
flowstar_style_o4_target_insert,3.4796836992685005,0.62021356315331877,0.74661299999999975,0.83070287170638468
flowstar_style_o4_target_insert,3.5021596638856956,0.61872603875811327,0.67513599999999996,0.91644652152768225
flowstar_style_o4_target_insert,3.5262410545469756,0.62577141218192112,0.81347999999999998,0.76925236291232868
flowstar_style_o4_target_insert,3.5515265147413198,0.61735536358186116,0.72218700000000013,0.85484142414895459
flowstar_style_o4_target_insert,3.5786180792352598,0.61609041107774254,0.73523999999999989,0.83794463179062972
flowstar_style_o4_target_insert,3.6070642219538964,0.60294589733517623,0.74521070000000011,0.80909452499162471
flowstar_style_o4_target_insert,3.6283988289928741,0.59159966758059768,0.74977760000000004,0.78903353151734279
flowstar_style_o4_target_insert,3.6512573365346359,0.58328411587930129,0.74734599999999995,0.78047399180473476
flowstar_style_o4_target_insert,3.6752587694534862,0.56719366106324098,0.57881300000000013,0.97992557365373767
flowstar_style_o4_target_insert,3.7009745904379683,0.5529339633329744,0.72485080000000013,0.76282451965697529
flowstar_style_o4_target_insert,3.7279762024716745,0.53228268513958921,0.54226130000000006,0.9815981430715951
flowstar_style_o4_target_insert,3.7569065010792171,0.51241027279482465,0.53370509999999982,0.96010001177583804
flowstar_style_o4_target_insert,3.7872833146171363,0.48798573309748999,0.52178719999999967,0.93521982351711641
flowstar_style_o4_target_insert,3.8198299005506211,0.4635952503974452,0.59505440000000009,0.77908045112756941
flowstar_style_o4_target_insert,3.8540038157807808,0.4367864641429301,0.46154770000000023,0.94635172950256252
flowstar_style_o4_target_insert,3.8906187249559516,0.4096133779284245,0.43255271999999995,0.94696752323838018
flowstar_style_o4_target_insert,3.9290643795898808,0.38204207726510503,0.40108759999999993,0.9525153040510479
flowstar_style_o4_target_insert,3.970256152411948,0.35407734678627056,0.37107799999999985,0.95418576899269347
flowstar_style_o4_target_insert,4.0135075138751191,0.3354533834501176,0.34988995999999989,0.95873966617995476
flowstar_style_o4_target_insert,4.0459460349724967,0.32589389125183432,0.25357109999999994,1.2852170111335022
flowstar_style_o4_target_insert,4.0807015932911153,0.31286124121288195,0.3329190999999998,0.93975155289342704
flowstar_style_o4_target_insert,4.1171949295256649,0.30313181005096734,0.31879310000000005,0.95087318405250076
flowstar_style_o4_target_insert,4.1562949326341121,0.29180632423476632,0.2256097,1.2934121371322524
flowstar_style_o4_target_insert,4.1973499358979813,0.2850597188555668,0.25333939999999999,1.125208786535244
flowstar_style_o4_target_insert,4.2413374393949841,0.27831881608816389,0.2521945000000001,1.1035879691593742
flowstar_style_o4_target_insert,4.2875243180668363,0.27487398827074161,0.20575449999999995,1.3359318424177438
flowstar_style_o4_target_insert,4.3370102595009641,0.27296824181191315,0.20770180000000005,1.3142314694042763
flowstar_style_o4_target_insert,4.3889704980067989,0.27305985030179192,0.21129970000000015,1.2922869758063629
flowstar_style_o4_target_insert,4.4279406768861751,0.27409264604488953,0.15364989999999995,1.7838778030111937
flowstar_style_o4_target_insert,4.46969443997122,0.27732400037151111,0.21709249999999997,1.2774462515817504
flowstar_style_o4_target_insert,4.5135358912105179,0.28050869189027028,0.22554030000000014,1.2437187140846673
flowstar_style_o4_target_insert,4.5605088746811937,0.2870334350597481,0.23730770000000012,1.2095411782245076
flowstar_style_o4_target_insert,4.6098305073254036,0.2928056647588414,0.16613620000000018,1.7624434937048101
flowstar_style_o4_target_insert,4.6468217318085605,0.29775372074172701,0.25329580000000007,1.1755177967488089
flowstar_style_o4_target_insert,4.6864551866119433,0.30630129026371777,0.17525990000000002,1.7476975067526441
flowstar_style_o4_target_insert,4.7280703141554952,0.31357200745657576,0.27520700000000009,1.1394041846921614
flowstar_style_o4_target_insert,4.7726579508093003,0.3256761801584066,0.18864970000000014,1.7263540846256653
flowstar_style_o4_target_insert,4.819474969295797,0.33582120812883975,0.24581490000000006,1.3661548105051389
flowstar_style_o4_target_insert,4.8545877331606686,0.34402728465157228,0.21334509999999995,1.6125389552024976
flowstar_style_o4_target_insert,4.8922085515873164,0.35711341227498761,0.23301690000000008,1.5325644289104674
flowstar_style_o4_target_insert,4.9317104109352972,0.36785175379507351,0.17062270000000002,2.1559367762617372
flowstar_style_o4_target_insert,4.9740338316652766,0.38509374320270862,0.25687639999999989,1.4991402215334253
flowstar_style_o4_target_insert,5.0184734234317556,0.39935962859170371,0.28613579999999994,1.3956996244150637
flowstar_style_o4_target_insert,5.0518031172566147,0.41080568395860573,0.20495009999999991,2.004418070343005
flowstar_style_o4_target_insert,5.0875135034975347,0.4289357706767073,0.32243739999999987,1.3302916183938571
flowstar_style_o4_target_insert,5.1250094090505005,0.44375969496979861,0.22865540000000006,1.9407356877195925
flowstar_style_o4_target_insert,5.1651835935715358,0.46746322097442417,0.36813870000000015,1.2698019006815202
flowstar_style_o4_target_insert,5.2073664873186232,0.48705256280844111,0.25871640000000007,1.8825732068335868
flowstar_style_o4_target_insert,5.2390036576289383,0.5027488254195589,0.25871640000000007,1.9432429695974387
flowstar_style_o4_target_insert,5.2729006258185613,0.52756245503312904,0.34042010000000011,1.5497394396897506
flowstar_style_o4_target_insert,5.3084924424176663,0.547862710433212,0.30548579999999992,1.7934146544068894
flowstar_style_o4_target_insert,5.335186304866995,0.56398443171253387,0.22989549999999992,2.4532208403928482
flowstar_style_o4_target_insert,5.3637868717769894,0.58921137978704718,0.34057149999999992,1.7300666080016893
flowstar_style_o4_target_insert,5.3938174670324841,0.60966420611249905,0.25330129999999984,2.406873577484598
flowstar_style_o4_target_insert,5.4259931048062278,0.641905655471954,0.38350989999999974,1.673765541572602
flowstar_style_o4_target_insert,5.4597775244686595,0.66828287899843142,0.28203259999999986,2.3695235196159299
flowstar_style_o4_target_insert,5.4851158392154833,0.68919923304264008,0.4366829000000001,1.5782601815702881
flowstar_style_o4_target_insert,5.5122640335870798,0.72180179889406781,0.31770690000000013,2.2719109937305975
flowstar_style_o4_target_insert,5.5407696376772568,0.7482276660562921,0.50338749999999999,1.4863850732413739
flowstar_style_o4_target_insert,5.5713113563453032,0.7896582621463506,0.36261850000000007,2.1776557515580435
flowstar_style_o4_target_insert,5.6033801609467515,0.82350868341962269,0.36261850000000007,2.2710057082570869
flowstar_style_o4_target_insert,5.627431764397838,0.85026525963412547,0.4723807000000001,1.7999576604931686
flowstar_style_o4_target_insert,5.6532013395240019,0.89166777797581431,0.43089699999999997,2.0693292781704544
flowstar_style_o4_target_insert,5.680259393406474,0.92516740648028162,0.3315091,2.7907752953999805
flowstar_style_o4_target_insert,5.7005529338183276,0.95140084841872885,0.3315091,2.869908694568954
flowstar_style_o4_target_insert,5.7222960128310287,0.99149605278350028,0.48056480000000001,2.0631890908021151
flowstar_style_o4_target_insert,5.7451262457943653,1.0236697050807742,0.36521879999999995,2.8028943337001664
flowstar_style_o4_target_insert,5.7695872096836531,1.0729000600214036,0.54038760000000008,1.9854268677175484
flowstar_style_o4_target_insert,5.7952712217674067,1.1125860460590784,0.40569080000000002,2.7424483031389384
flowstar_style_o4_target_insert,5.8145342308302217,1.1434672186360062,0.61262300000000003,1.8665104291481158
flowstar_style_o4_target_insert,5.8351731691118092,1.1900340903320783,0.45430090000000023,2.6194843336917839
flowstar_style_o4_target_insert,5.8568440543074765,1.2272717368221251,0.45430090000000023,2.7014512558133266
flowstar_style_o4_target_insert,5.8730972182042258,1.2559890115574972,0.57446460000000021,2.1863645062854991
flowstar_style_o4_target_insert,5.8905113223793162,1.2987104312381712,0.38628250000000014,3.3620742105535992
flowstar_style_o4_target_insert,5.9087961317631592,1.3326674059547443,0.52400190000000002,2.5432491866055149
flowstar_style_o4_target_insert,5.9283869989601357,1.3829595134207138,0.4146651999999999,3.3351231630257714
flowstar_style_o4_target_insert,5.9489574095169591,1.4229808615837176,0.57256930000000006,2.4852552548376545
flowstar_style_o4_target_insert,5.9643852174345779,1.453552780781401,0.44702950000000008,3.2515813403397331
flowstar_style_o4_target_insert,5.9809150116320264,1.4980713302539908,0.62808989999999998,2.385122464561189
flowstar_style_o4_target_insert,5.9982712955393467,1.5333390045805102,0.48350890000000013,3.1712735889256845
flowstar_style_o4_target_insert,6.0112885084698364,1.5600530912038706,0.48350890000000013,3.2265240437226081
flowstar_style_o4_target_insert,6.0252355223239329,1.6002414775010481,0.6907786600000001,2.316576307526709
flowstar_style_o4_target_insert,6.0398798868707342,1.633259466925884,0.52398506,3.1169962497134631
flowstar_style_o4_target_insert,6.0555702774565923,1.6831887181594618,0.52398506,3.2122837970980735
flowstar_style_o4_target_insert,6.0720451875717441,1.7240081232631372,0.52398506,3.2901856462532293
flowstar_style_o4_target_insert,6.0844013701581083,1.7557541404741515,0.76000780000000012,2.3101791066804198
flowstar_style_o4_target_insert,6.0976401372149267,1.8042512229561631,0.56758710000000012,3.178809424943172
flowstar_style_o4_target_insert,6.1115408426245867,1.84297903251944,0.56758710000000012,3.2470417888627834
flowstar_style_o4_target_insert,6.1219663716818307,1.872951263953198,0.56758710000000012,3.2998481888562963
flowstar_style_o4_target_insert,6.1331365813860224,1.9191139416822622,0.69711199999999995,2.7529492272149416
flowstar_style_o4_target_insert,6.1448653015754218,1.9555965235299646,0.47417102999999999,4.1242429414761261
flowstar_style_o4_target_insert,6.1574317874926372,2.0134045754974004,0.62098792999999997,3.242260401900888
flowstar_style_o4_target_insert,6.170626597705712,2.0591141429038862,0.49508875999999996,4.1590807735240976
flowstar_style_o4_target_insert,6.1805227053655187,2.0949634409764455,0.49508875999999996,4.2314906138778943
flowstar_style_o4_target_insert,6.1911256778581674,2.1522195002932136,0.65765805999999993,3.2725509367181083
flowstar_style_o4_target_insert,6.2022587989754498,2.1969815286883541,0.51699667000000016,4.2495080842365063
flowstar_style_o4_target_insert,6.2106086398134117,2.231790261984627,0.51699667000000016,4.3168368221494084
flowstar_style_o4_target_insert,6.2195548978540849,2.286936708048918,0.51699667000000016,4.4235037491613189
flowstar_style_o4_target_insert,6.2289484687967906,2.3294063799009144,0.69470977,3.3530640858856993
flowstar_style_o4_target_insert,6.2359936470038209,2.362279636833013,0.53808579999999984,4.3901542037218109
flowstar_style_o4_target_insert,6.2435420522256386,2.4143966277623745,0.53808579999999984,4.4870104874768586
flowstar_style_o4_target_insert,6.2514678777085475,2.4540581405393391,0.53808579999999984,4.5607190164455931
flowstar_style_o4_target_insert,6.2574122468207296,2.4846308303535851,0.53808579999999984,4.6175365162090989
flowstar_style_o4_target_insert,6.263781213726638,2.5330840186701877,0.53808579999999984,4.7075838438222837
flowstar_style_o4_target_insert,6.2704686289778424,2.5696111306319667,0.62616260000000001,4.1037441882219836
flowstar_style_o4_target_insert,6.2776337167469904,2.6278389270876303,0.45144129999999993,5.8209980502174492
flowstar_style_o4_target_insert,6.2851570589045949,2.6718386639388507,0.45144129999999993,5.9184630735797787
flowstar_style_o4_target_insert,6.2907995655227982,2.7057470381610296,0.45144129999999993,5.9935744429254258
flowstar_style_o4_target_insert,6.296845108328017,2.7597100064150126,0.55283090000000001,4.991960482699163
flowstar_style_o4_target_insert,6.3031929282734964,2.8001623986872266,0.45771910000000021,6.1176437659849139
flowstar_style_o4_target_insert,6.3079537932326053,2.8312235377310868,0.45771910000000021,6.1855044671089443
flowstar_style_o4_target_insert,6.3130547199745077,2.8805541324372457,0.45771910000000021,6.2932792894970833
flowstar_style_o4_target_insert,6.3184106930535062,2.9173003356553782,0.56547769999999997,5.1590015586032454
flowstar_style_o4_target_insert,6.3241492356381475,2.9758820993525514,0.46173629999999982,6.4449819071027177
flowstar_style_o4_target_insert,6.3301747053520199,3.0196483441911228,0.46173629999999982,6.5397681408005477
flowstar_style_o4_target_insert,6.3346938076374233,3.053242109995157,0.46173629999999982,6.6125234468140324
flowstar_style_o4_target_insert,6.3395357029432144,3.1066472512844281,0.46173629999999982,6.7281850079459407
flowstar_style_o4_target_insert,6.3446196930142946,3.1463335880840075,0.57447850000000011,5.4768517674447468
flowstar_style_o4_target_insert,6.3500668252333092,3.2096254599524423,0.46221660000000009,6.9439856983769985
flowstar_style_o4_target_insert,6.3557863140632733,3.2568174876836098,0.46221660000000009,7.0460850771772563
flowstar_style_o4_target_insert,6.3600759306857473,3.2930276296688974,0.46221660000000009,7.1244252795526961
flowstar_style_o4_target_insert,6.3646719484955412,3.350575762535696,0.46221660000000009,7.2489299660282542
flowstar_style_o4_target_insert,6.3694977671958242,3.3932940193879935,0.46221660000000009,7.3413503958706654
flowstar_style_o4_target_insert,6.3731171312210364,3.4259687613341914,0.57730569999999992,5.9344100730933231
flowstar_style_o4_target_insert,6.3769950212480495,3.477725542674146,0.45704840000000002,7.6090968542372011
flowstar_style_o4_target_insert,6.3810668057764133,3.5160087806965334,0.45704840000000002,7.6928587447117929
flowstar_style_o4_target_insert,6.385429432056803,3.5767771141697935,0.45704840000000002,7.8258169466730294
flowstar_style_o4_target_insert,6.3900101896512123,3.6218767091229855,0.45704840000000002,7.9244926995105667
flowstar_style_o4_target_insert,6.3934457578470187,3.6563590685782201,0.45704840000000002,7.9999384497970452
flowstar_style_o4_target_insert,6.3971267237710983,3.7108948602024818,0.45704840000000002,8.1192601488211782
flowstar_style_o4_target_insert,6.4009917379913812,3.7512466429469811,0.45704840000000002,8.207547916034672
flowstar_style_o4_target_insert,6.4051328246559702,3.8151800851038686,0.5033514,7.5795559227686038
flowstar_style_o4_target_insert,6.4094809656537883,3.8626490430738984,0.3702496999999999,10.432551445886112
flowstar_style_o4_target_insert,6.4127420714021515,3.8989261842033582,0.3702496999999999,10.530531649865912
flowstar_style_o4_target_insert,6.4162361132753976,3.9561807275103935,0.3702496999999999,10.685169299287466
flowstar_style_o4_target_insert,6.4199048572423072,3.9985818962279542,0.42834269999999997,9.3350065175102888
flowstar_style_o4_target_insert,6.4226564152174888,4.0309000011471676,0.36166350000000003,11.145443212121675
flowstar_style_o4_target_insert,6.4256045130480413,4.0817270234654206,0.36166350000000003,11.285979988208432
flowstar_style_o4_target_insert,6.4287000157701204,4.1192905517171781,0.36166350000000003,11.389843187706743
flowstar_style_o4_target_insert,6.4320166258294922,4.1784393859241966,0.36166350000000003,11.553389783387587
flowstar_style_o4_target_insert,6.4354990663918308,4.2222886526839325,0.36166350000000003,11.67463305720354
flowstar_style_o4_target_insert,6.4381108968135852,4.255695309499556,0.36166350000000003,11.767002502324829
flowstar_style_o4_target_insert,6.4409092865511797,4.3081094308594867,0.41957829999999996,10.267712679276995
flowstar_style_o4_target_insert,6.4438475957756536,4.3468963174245889,0.35234389999999982,12.337084074464157
flowstar_style_o4_target_insert,6.4469957842304471,4.4078174349100632,0.35234389999999982,12.509986507244955
flowstar_style_o4_target_insert,6.4503013821079804,4.4530394998784271,0.35234389999999982,12.638332889766019
flowstar_style_o4_target_insert,6.45278058051613,4.4874779510177421,0.35234389999999982,12.736073906821558
flowstar_style_o4_target_insert,6.455436864524863,4.5413716531015034,0.35234389999999982,12.889031577108346
flowstar_style_o4_target_insert,6.4582259627340317,4.5813153301500353,0.35234389999999982,13.002397175458515
flowstar_style_o4_target_insert,6.461214282243855,4.6438838537129827,0.41453949999999984,11.202512314780581
flowstar_style_o4_target_insert,6.46435201772917,4.6903999300400461,0.34324940000000004,13.664699574245565
flowstar_style_o4_target_insert,6.4667053193431556,4.7258063528492711,0.34324940000000004,13.767850294419366
flowstar_style_o4_target_insert,6.4692267139295696,4.7811670151916905,0.34324940000000004,13.929134370494719
flowstar_style_o4_target_insert,6.4718741782453044,4.8223900700103997,0.34324940000000004,14.049230879967741
