step_index,t_flowstar,t_noqueue,t_v2,flowstar_h,noqueue_h,v2_h,flowstar_width_sum,noqueue_width_sum,v2_width_sum,noqueue_width_ratio,v2_width_ratio,flowstar_residual_sum,noqueue_residual_sum,v2_residual_sum,noqueue_residual_ratio,v2_residual_ratio,center_scale_delta_noqueue,center_scale_delta_v2,inserted_endpoint_ratio_noqueue,inserted_endpoint_ratio_v2,right_map_ratio_noqueue,right_map_ratio_v2,target_remainder_ratio_noqueue,target_remainder_ratio_v2,picard_residual_ratio_noqueue,picard_residual_ratio_v2,cutoff_poly_ratio_noqueue,cutoff_poly_ratio_v2,symbolic_queue_ratio_v2,first_material_channel,channel_attribution_valid,comparison_kind,alignment_warning,notes
0,9.9999999999999998e-13,0,0,0.012500000000000001,0.025000000000000001,0.025000000000000001,0.49368286020791841,0.45483193066560512,0.45483193066560512,0.92130387203244024,0.92130387203244024,2.3804823442195511e-05,0.00011861121013006697,0.00011861121013006697,4.9826544783281745,4.9826544783281745,7.0270468349912747,7.0270468349912747,0.92125194909626851,0.92125194909626851,0.11370798266639881,0.11370798266639881,1,1,4.9826544783281745,4.9826544783281745,339432.27657498454,339432.27657498454,,adaptive_step_alignment_mismatch,false,accepted_ordinal_trace_diff_noncausal,"noqueue_h differs: Flow*=0.012500000000000001, torch=0.025000000000000001; v2_h differs: Flow*=0.012500000000000001, torch=0.025000000000000001","noqueue_h differs: Flow*=0.012500000000000001, torch=0.025000000000000001; v2_h differs: Flow*=0.012500000000000001, torch=0.025000000000000001; channel attribution marked invalid/noncausal"
1,0.012500000001000001,0.025000000000000001,0.025000000000000001,0.013750000000000002,0.018750000000000003,0.018750000000000003,0.53361495807493586,0.49838135279584372,0.49838135279584372,0.93397185602480004,0.93397185602480004,3.2323721465607676e-05,7.7991541779835817e-05,7.7991541779835817e-05,2.412826810886195,2.412826810886195,5.3757685683867731,5.3757685683867731,0.92324973664142729,0.92324973664142729,0.12379431845670627,0.12379431845670627,1,1,2.412826810886195,2.412826810886195,195120.96432888691,195120.96432888691,8.366316940203026,adaptive_step_alignment_mismatch,false,accepted_ordinal_trace_diff_noncausal,"noqueue_t differs: Flow*=0.012500000001000001, torch=0.025000000000000001; v2_t differs: Flow*=0.012500000001000001, torch=0.025000000000000001; noqueue_h differs: Flow*=0.013750000000000002, torch=0.018750000000000003; v2_h differs: Flow*=0.013750000000000002, torch=0.018750000000000003","noqueue_t differs: Flow*=0.012500000001000001, torch=0.025000000000000001; v2_t differs: Flow*=0.012500000001000001, torch=0.025000000000000001; noqueue_h differs: Flow*=0.013750000000000002, torch=0.018750000000000003; v2_h differs: Flow*=0.013750000000000002, torch=0.018750000000000003; channel attribution marked invalid/noncausal"
2,0.026250000001000001,0.043750000000000004,0.043750000000000004,0.015125000000000003,0.028125000000000004,0.028125000000000004,0.57711414119498383,0.55881605878238283,0.55881605878238283,0.96829382420830545,0.96829382420830545,4.4707227559476292e-05,0.00018638973211931761,0.00018638973211931761,4.1691185585452351,4.1691185585452351,4.7280158495560816,4.7280158495560816,0.9451817476852592,0.9451817476852592,0.13764913355117148,0.13764913355117148,1,1,4.1691185585452351,4.1691185585452351,136532.5160231826,136532.5160231826,12.017445130402923,adaptive_step_alignment_mismatch,false,accepted_ordinal_trace_diff_noncausal,"noqueue_t differs: Flow*=0.026250000001000001, torch=0.043750000000000004; v2_t differs: Flow*=0.026250000001000001, torch=0.043750000000000004; noqueue_h differs: Flow*=0.015125000000000003, torch=0.028125000000000004; v2_h differs: Flow*=0.015125000000000003, torch=0.028125000000000004","noqueue_t differs: Flow*=0.026250000001000001, torch=0.043750000000000004; v2_t differs: Flow*=0.026250000001000001, torch=0.043750000000000004; noqueue_h differs: Flow*=0.015125000000000003, torch=0.028125000000000004; v2_h differs: Flow*=0.015125000000000003, torch=0.028125000000000004; channel attribution marked invalid/noncausal"
3,0.041375000001000001,0.071875000000000008,0.071875000000000008,0.016637500000000003,0.021093750000000001,0.021093750000000001,0.62400178154764929,0.59820487254113075,0.59820487254113075,0.9586589176996626,0.9586589176996626,6.2269214735849581e-05,0.00011566192256552298,0.00011566192256552298,1.8574495126712138,1.8574495126712138,3.6572369248886769,3.6572369248886769,0.92991636227502483,0.92991636227502483,0.14699916552318551,0.14699916552318551,1,1,1.8574495126712138,1.8574495126712138,161417.2050387584,161417.2050387584,11.30813593485756,adaptive_step_alignment_mismatch,false,accepted_ordinal_trace_diff_noncausal,"noqueue_t differs: Flow*=0.041375000001000001, torch=0.071875000000000008; v2_t differs: Flow*=0.041375000001000001, torch=0.071875000000000008; noqueue_h differs: Flow*=0.016637500000000003, torch=0.021093750000000001; v2_h differs: Flow*=0.016637500000000003, torch=0.021093750000000001","noqueue_t differs: Flow*=0.041375000001000001, torch=0.071875000000000008; v2_t differs: Flow*=0.041375000001000001, torch=0.071875000000000008; noqueue_h differs: Flow*=0.016637500000000003, torch=0.021093750000000001; v2_h differs: Flow*=0.016637500000000003, torch=0.021093750000000001; channel attribution marked invalid/noncausal"
4,0.058012500001,0.092968750000000017,0.092968750000000017,0.018301250000000005,0.015820312500000003,0.015820312500000003,0.67402322664466863,0.62298082643957498,0.62298082643957498,0.92427204555073561,0.92427204555073561,8.718322785209427e-05,7.2249683452944052e-05,7.2249683452944052e-05,0.82871081093160637,0.82871081093160637,2.6391487887689129,2.6391487887689129,0.89446728515497231,0.89446728515497231,0.15332501070383509,0.15332501070383509,1,1,0.82871081093160637,0.82871081093160637,109712.56067737492,109712.56067737492,9.395819037986227,adaptive_step_alignment_mismatch,false,accepted_ordinal_trace_diff_noncausal,"noqueue_t differs: Flow*=0.058012500001, torch=0.092968750000000017; v2_t differs: Flow*=0.058012500001, torch=0.092968750000000017; noqueue_h differs: Flow*=0.018301250000000005, torch=0.015820312500000003; v2_h differs: Flow*=0.018301250000000005, torch=0.015820312500000003","noqueue_t differs: Flow*=0.058012500001, torch=0.092968750000000017; v2_t differs: Flow*=0.058012500001, torch=0.092968750000000017; noqueue_h differs: Flow*=0.018301250000000005, torch=0.015820312500000003; v2_h differs: Flow*=0.018301250000000005, torch=0.015820312500000003; channel attribution marked invalid/noncausal"
5,0.076313750001000005,0.10878906250000002,0.10878906250000002,0.020131375000000007,0.023730468750000004,0.023730468750000004,0.72655821997583891,0.66321418855649383,0.66321418855649383,0.91281630339072961,0.91281630339072961,0.00012233579185089524,0.00016277219691553847,0.00016277219691553847,1.3305361779480509,1.3305361779480509,2.062665084439697,2.062665084439697,0.87101624711517889,0.87101624711517889,0.16159953317376394,0.16159953317376394,1,1,1.3305361779480509,1.3305361779480509,79974.486696033171,79974.486696033171,8.6838770097527167,adaptive_step_alignment_mismatch,false,accepted_ordinal_trace_diff_noncausal,"noqueue_t differs: Flow*=0.076313750001000005, torch=0.10878906250000002; v2_t differs: Flow*=0.076313750001000005, torch=0.10878906250000002; noqueue_h differs: Flow*=0.020131375000000007, torch=0.023730468750000004; v2_h differs: Flow*=0.020131375000000007, torch=0.023730468750000004","noqueue_t differs: Flow*=0.076313750001000005, torch=0.10878906250000002; v2_t differs: Flow*=0.076313750001000005, torch=0.10878906250000002; noqueue_h differs: Flow*=0.020131375000000007, torch=0.023730468750000004; v2_h differs: Flow*=0.020131375000000007, torch=0.023730468750000004; channel attribution marked invalid/noncausal"
6,0.096445125001000012,0.13251953125000002,0.13251953125000002,0.011072256250000004,0.017797851562500001,0.017797851562500001,0.68405763049981783,0.68196334248353507,0.68196334248353507,0.99693843336744514,0.99693843336744514,3.0192561097914789e-05,9.6489460050853726e-05,9.6489460050853726e-05,3.195802427556159,3.195802427556159,1.4676533764471857,1.4676533764471857,0.9573831365968366,0.9573831365968366,0.16678658591621584,0.16678658591621584,1,1,3.195802427556159,3.195802427556159,144059.59402777252,144059.59402777252,7.0310023535947224,adaptive_step_alignment_mismatch,false,accepted_ordinal_trace_diff_noncausal,"noqueue_t differs: Flow*=0.096445125001000012, torch=0.13251953125000002; v2_t differs: Flow*=0.096445125001000012, torch=0.13251953125000002; noqueue_h differs: Flow*=0.011072256250000004, torch=0.017797851562500001; v2_h differs: Flow*=0.011072256250000004, torch=0.017797851562500001","noqueue_t differs: Flow*=0.096445125001000012, torch=0.13251953125000002; v2_t differs: Flow*=0.096445125001000012, torch=0.13251953125000002; noqueue_h differs: Flow*=0.011072256250000004, torch=0.017797851562500001; v2_h differs: Flow*=0.011072256250000004, torch=0.017797851562500001; channel attribution marked invalid/noncausal"
7,0.10751738125100002,0.15031738281250001,0.15031738281250001,0.012179481875000005,0.013348388671875001,0.013348388671875001,0.71134056905376886,0.69239753154269013,0.69239753154269013,0.97336994635877871,0.97336994635877871,3.9323924948390052e-05,5.917559086123055e-05,5.917559086123055e-05,1.5048241226910704,1.5048241226910704,1.2801399881882558,1.2801399881882558,0.93765860018659997,0.93765860018659997,0.17010959294130501,0.17010959294130501,1,1,1.5048241226910704,1.5048241226910704,131428.9389458081,131428.9389458081,29.217769755663038,adaptive_step_alignment_mismatch,false,accepted_ordinal_trace_diff_noncausal,"noqueue_t differs: Flow*=0.10751738125100002, torch=0.15031738281250001; v2_t differs: Flow*=0.10751738125100002, torch=0.15031738281250001; noqueue_h differs: Flow*=0.012179481875000005, torch=0.013348388671875001; v2_h differs: Flow*=0.012179481875000005, torch=0.013348388671875001","noqueue_t differs: Flow*=0.10751738125100002, torch=0.15031738281250001; v2_t differs: Flow*=0.10751738125100002, torch=0.15031738281250001; noqueue_h differs: Flow*=0.012179481875000005, torch=0.013348388671875001; v2_h differs: Flow*=0.012179481875000005, torch=0.013348388671875001; channel attribution marked invalid/noncausal"
8,0.11969686312600003,0.163665771484375,0.163665771484375,0.013397430062500007,0.020022583007812501,0.020022583007812501,0.73984659186925472,0.71619181428836975,0.71619181428836975,0.96802745617693509,0.96802745617693509,5.1317857967845854e-05,0.00012524172801272582,0.00012524172801272582,2.4405096582791574,2.4405096582791574,1.1647095846445596,1.1647095846445596,0.92169431555339765,0.92169431555339765,0.17420122580779449,0.17420122580779449,1,1,2.4405096582791574,2.4405096582791574,100996.16443053726,100996.16443053726,25.901343185646112,adaptive_step_alignment_mismatch,false,accepted_ordinal_trace_diff_noncausal,"noqueue_t differs: Flow*=0.11969686312600003, torch=0.163665771484375; v2_t differs: Flow*=0.11969686312600003, torch=0.163665771484375; noqueue_h differs: Flow*=0.013397430062500007, torch=0.020022583007812501; v2_h differs: Flow*=0.013397430062500007, torch=0.020022583007812501","noqueue_t differs: Flow*=0.11969686312600003, torch=0.163665771484375; v2_t differs: Flow*=0.11969686312600003, torch=0.163665771484375; noqueue_h differs: Flow*=0.013397430062500007, torch=0.020022583007812501; v2_h differs: Flow*=0.013397430062500007, torch=0.020022583007812501; channel attribution marked invalid/noncausal"
9,0.13309429318850002,0.18368835449218751,0.18368835449218751,0.014737173068750008,0.015016937255859376,0.015016937255859376,0.76920272713976634,0.72118396182683953,0.72118396182683953,0.93757332934650184,0.93757332934650184,6.7062862384687874e-05,7.3869310838121607e-05,7.3869310838121607e-05,1.1014935571104971,1.1014935571104971,0.98407122643120282,0.98407122643120282,0.89726497324839904,0.89726497324839904,0.17664968152540769,0.17664968152540769,1,1,1.1014935571104971,1.1014935571104971,70467.782984139747,70467.782984139747,21.506814523935784,adaptive_step_alignment_mismatch,false,accepted_ordinal_trace_diff_noncausal,"noqueue_t differs: Flow*=0.13309429318850002, torch=0.18368835449218751; v2_t differs: Flow*=0.13309429318850002, torch=0.18368835449218751; noqueue_h differs: Flow*=0.014737173068750008, torch=0.015016937255859376; v2_h differs: Flow*=0.014737173068750008, torch=0.015016937255859376","noqueue_t differs: Flow*=0.13309429318850002, torch=0.18368835449218751; v2_t differs: Flow*=0.13309429318850002, torch=0.18368835449218751; noqueue_h differs: Flow*=0.014737173068750008, torch=0.015016937255859376; v2_h differs: Flow*=0.014737173068750008, torch=0.015016937255859376; channel attribution marked invalid/noncausal"
10,0.14783146625725002,0.19870529174804688,0.19870529174804688,0.016210890375625009,0.022525405883789065,0.022525405883789065,0.79887926996701197,0.74070033492705767,0.74070033492705767,0.92717430877589713,0.92717430877589713,8.7654236243393159e-05,0.00016209844777147637,0.00016209844777147637,1.8492939385310583,1.8492939385310583,0.89178780471195207,0.89178780471195207,0.87648810121020526,0.87648810121020526,0.1796163225229834,0.1796163225229834,1,1,1.8492939385310583,1.8492939385310583,95169.453280784845,95169.453280784845,19.03498083033184,adaptive_step_alignment_mismatch,false,accepted_ordinal_trace_diff_noncausal,"noqueue_t differs: Flow*=0.14783146625725002, torch=0.19870529174804688; v2_t differs: Flow*=0.14783146625725002, torch=0.19870529174804688; noqueue_h differs: Flow*=0.016210890375625009, torch=0.022525405883789065; v2_h differs: Flow*=0.016210890375625009, torch=0.022525405883789065","noqueue_t differs: Flow*=0.14783146625725002, torch=0.19870529174804688; v2_t differs: Flow*=0.14783146625725002, torch=0.19870529174804688; noqueue_h differs: Flow*=0.016210890375625009, torch=0.022525405883789065; v2_h differs: Flow*=0.016210890375625009, torch=0.022525405883789065; channel attribution marked invalid/noncausal"
11,0.16404235663287503,0.22123069763183595,0.22123069763183595,0.01783197941318751,0.016894054412841798,0.016894054412841798,0.82813805886430858,0.74283072216498047,0.74283072216498047,0.89698899140522914,0.89698899140522914,0.00011426935860583592,9.1738889304555189e-05,9.1738889304555189e-05,0.80283017620674679,0.80283017620674679,0.74235606967791057,0.74235606967791057,0.84951219239851672,0.84951219239851672,0.18093783899922877,0.18093783899922877,1,1,0.80283017620674679,0.80283017620674679,85999.425204962114,85999.425204962114,15.734438259292251,adaptive_step_alignment_mismatch,false,accepted_ordinal_trace_diff_noncausal,"noqueue_t differs: Flow*=0.16404235663287503, torch=0.22123069763183595; v2_t differs: Flow*=0.16404235663287503, torch=0.22123069763183595; noqueue_h differs: Flow*=0.01783197941318751, torch=0.016894054412841798; v2_h differs: Flow*=0.01783197941318751, torch=0.016894054412841798","noqueue_t differs: Flow*=0.16404235663287503, torch=0.22123069763183595; v2_t differs: Flow*=0.16404235663287503, torch=0.22123069763183595; noqueue_h differs: Flow*=0.01783197941318751, torch=0.016894054412841798; v2_h differs: Flow*=0.01783197941318751, torch=0.016894054412841798; channel attribution marked invalid/noncausal"
12,0.18187433604606254,0.23812475204467776,0.23812475204467776,0.0098075886772531311,0.025341081619262698,0.025341081619262698,0.77309484010302887,0.75736400989855557,0.75736400989855557,0.97965213400935791,0.97965213400935791,2.692632656321891e-05,0.00020671474166577861,0.00020671474166577861,7.6770494920814363,7.6770494920814363,0.65317726256652975,0.65317726256652975,0.92285425697459111,0.92285425697459111,0.18167371956963105,0.18167371956963105,1,1,7.6770494920814363,7.6770494920814363,146150.22501449205,146150.22501449205,13.949205768236443,adaptive_step_alignment_mismatch,false,accepted_ordinal_trace_diff_noncausal,"noqueue_t differs: Flow*=0.18187433604606254, torch=0.23812475204467776; v2_t differs: Flow*=0.18187433604606254, torch=0.23812475204467776; noqueue_h differs: Flow*=0.0098075886772531311, torch=0.025341081619262698; v2_h differs: Flow*=0.0098075886772531311, torch=0.025341081619262698","noqueue_t differs: Flow*=0.18187433604606254, torch=0.23812475204467776; v2_t differs: Flow*=0.18187433604606254, torch=0.23812475204467776; noqueue_h differs: Flow*=0.0098075886772531311, torch=0.025341081619262698; v2_h differs: Flow*=0.0098075886772531311, torch=0.025341081619262698; channel attribution marked invalid/noncausal"
13,0.19168192472331566,0.26346583366394044,0.26346583366394044,0.010788347544978445,0.019005811214447024,0.019005811214447024,0.78704903274797577,0.75113129898402742,0.75113129898402742,0.95436404560648291,0.95436404560648291,3.3768727763658371e-05,0.00011121414841369043,0.00011121414841369043,3.2934065266556529,3.2934065266556529,0.79318173492524391,0.79318173492524391,0.90332326977777733,0.90332326977777733,0.18126358905609088,0.18126358905609088,1,1,3.2934065266556529,3.2934065266556529,144593.41037462885,144593.41037462885,57.805274358282333,adaptive_step_alignment_mismatch,false,accepted_ordinal_trace_diff_noncausal,"noqueue_t differs: Flow*=0.19168192472331566, torch=0.26346583366394044; v2_t differs: Flow*=0.19168192472331566, torch=0.26346583366394044; noqueue_h differs: Flow*=0.010788347544978445, torch=0.019005811214447024; v2_h differs: Flow*=0.010788347544978445, torch=0.019005811214447024","noqueue_t differs: Flow*=0.19168192472331566, torch=0.26346583366394044; v2_t differs: Flow*=0.19168192472331566, torch=0.26346583366394044; noqueue_h differs: Flow*=0.010788347544978445, torch=0.019005811214447024; v2_h differs: Flow*=0.010788347544978445, torch=0.019005811214447024; channel attribution marked invalid/noncausal"
14,0.20247027226829412,0.28247164487838744,0.28247164487838744,0.01186718229947629,0.014254358410835267,0.014254358410835267,0.80179717961214525,0.74381411509850992,0.74381411509850992,0.92768362624861866,0.92768362624861866,4.265531756379105e-05,6.3769446675049845e-05,6.3769446675049845e-05,1.4949940667932575,1.4949940667932575,0.88397391244975676,0.88397391244975676,0.88012107886508484,0.88012107886508484,0.18059856017578216,0.18059856017578216,1,1,1.4949940667932575,1.4949940667932575,131661.06878970523,131661.06878970523,48.716005052519328,adaptive_step_alignment_mismatch,false,accepted_ordinal_trace_diff_noncausal,"noqueue_t differs: Flow*=0.20247027226829412, torch=0.28247164487838744; v2_t differs: Flow*=0.20247027226829412, torch=0.28247164487838744; noqueue_h differs: Flow*=0.01186718229947629, torch=0.014254358410835267; v2_h differs: Flow*=0.01186718229947629, torch=0.014254358410835267","noqueue_t differs: Flow*=0.20247027226829412, torch=0.28247164487838744; v2_t differs: Flow*=0.20247027226829412, torch=0.28247164487838744; noqueue_h differs: Flow*=0.01186718229947629, torch=0.014254358410835267; v2_h differs: Flow*=0.01186718229947629, torch=0.014254358410835267; channel attribution marked invalid/noncausal"
15,0.2143374545677704,0.29672600328922272,0.29672600328922272,0.01305390052942392,0.021381537616252902,0.021381537616252902,0.8163993622063308,0.74555778706223663,0.74555778706223663,0.91322681223973057,0.91322681223973057,5.3884070525804605e-05,0.00013356761424040132,0.00013356761424040132,2.4787959212627961,2.4787959212627961,1.0535244266304096,1.0535244266304096,0.85218258256676327,0.85218258256676327,0.17887499995962813,0.17887499995962813,1,1,2.4787959212627961,2.4787959212627961,120046.23165892399,120046.23165892399,42.053964829088038,adaptive_step_alignment_mismatch,false,accepted_ordinal_trace_diff_noncausal,"noqueue_t differs: Flow*=0.2143374545677704, torch=0.29672600328922272; v2_t differs: Flow*=0.2143374545677704, torch=0.29672600328922272; noqueue_h differs: Flow*=0.01305390052942392, torch=0.021381537616252902; v2_h differs: Flow*=0.01305390052942392, torch=0.021381537616252902","noqueue_t differs: Flow*=0.2143374545677704, torch=0.29672600328922272; v2_t differs: Flow*=0.2143374545677704, torch=0.29672600328922272; noqueue_h differs: Flow*=0.01305390052942392, torch=0.021381537616252902; v2_h differs: Flow*=0.01305390052942392, torch=0.021381537616252902; channel attribution marked invalid/noncausal"
16,0.22739135509719433,0.31810754090547561,0.31810754090547561,0.014359290582366313,0.016036153212189676,0.016036153212189676,0.83025362680872483,0.73270875441878747,0.73270875441878747,0.88251195870727595,0.88251195870727595,6.7950824961686296e-05,7.3597584599066347e-05,7.3597584599066347e-05,1.0831006781825525,1.0831006781825525,1.1493925148833943,1.1493925148833943,0.82521705735791284,0.82521705735791284,0.17708583715484041,0.17708583715484041,1,1,1.0831006781825525,1.0831006781825525,75370.255538581026,75370.255538581026,34.998797548670389,adaptive_step_alignment_mismatch,false,accepted_ordinal_trace_diff_noncausal,"noqueue_t differs: Flow*=0.22739135509719433, torch=0.31810754090547561; v2_t differs: Flow*=0.22739135509719433, torch=0.31810754090547561; noqueue_h differs: Flow*=0.014359290582366313, torch=0.016036153212189676; v2_h differs: Flow*=0.014359290582366313, torch=0.016036153212189676","noqueue_t differs: Flow*=0.22739135509719433, torch=0.31810754090547561; v2_t differs: Flow*=0.22739135509719433, torch=0.31810754090547561; noqueue_h differs: Flow*=0.014359290582366313, torch=0.016036153212189676; v2_h differs: Flow*=0.014359290582366313, torch=0.016036153212189676; channel attribution marked invalid/noncausal"
17,0.24175064567956064,0.33414369411766526,0.33414369411766526,0.015795219640602945,0.024054229818284513,0.024054229818284513,0.84291346597071182,0.72830699345854355,0.72830699345854355,0.86403530476264756,0.86403530476264756,8.5400084640746901e-05,0.00015668310938113814,0.00015668310938113814,1.8346950127773058,1.8346950127773058,1.3460356354279881,1.3460356354279881,0.79196492034165167,0.79196492034165167,0.17357583502157165,0.17357583502157165,1,1,1.8346950127773058,1.8346950127773058,97344.886789838216,97344.886789838216,30.203085416374222,adaptive_step_alignment_mismatch,false,accepted_ordinal_trace_diff_noncausal,"noqueue_t differs: Flow*=0.24175064567956064, torch=0.33414369411766526; v2_t differs: Flow*=0.24175064567956064, torch=0.33414369411766526; noqueue_h differs: Flow*=0.015795219640602945, torch=0.024054229818284513; v2_h differs: Flow*=0.015795219640602945, torch=0.024054229818284513","noqueue_t differs: Flow*=0.24175064567956064, torch=0.33414369411766526; v2_t differs: Flow*=0.24175064567956064, torch=0.33414369411766526; noqueue_h differs: Flow*=0.015795219640602945, torch=0.024054229818284513; v2_h differs: Flow*=0.015795219640602945, torch=0.024054229818284513; channel attribution marked invalid/noncausal"
18,0.2575458653201636,0.35819792393594979,0.35819792393594979,0.017374741604663242,0.018040672363713386,0.018040672363713386,0.85396782300197516,0.70928400554187421,0.70928400554187421,0.83057462639342761,0.83057462639342761,0.00010676273915938349,8.2779098242292978e-05,8.2779098242292978e-05,0.77535569894580991,0.77535569894580991,1.453935536672458,1.453935536672458,0.76251410341361392,0.76251410341361392,0.17043286134447611,0.17043286134447611,1,1,0.77535569894580991,0.77535569894580991,124849.90968310148,124849.90968310148,25.144828264499861,adaptive_step_alignment_mismatch,false,accepted_ordinal_trace_diff_noncausal,"noqueue_t differs: Flow*=0.2575458653201636, torch=0.35819792393594979; v2_t differs: Flow*=0.2575458653201636, torch=0.35819792393594979; noqueue_h differs: Flow*=0.017374741604663242, torch=0.018040672363713386; v2_h differs: Flow*=0.017374741604663242, torch=0.018040672363713386","noqueue_t differs: Flow*=0.2575458653201636, torch=0.35819792393594979; v2_t differs: Flow*=0.2575458653201636, torch=0.35819792393594979; noqueue_h differs: Flow*=0.017374741604663242, torch=0.018040672363713386; v2_h differs: Flow*=0.017374741604663242, torch=0.018040672363713386; channel attribution marked invalid/noncausal"
19,0.27492060692482684,0.37623859629966316,0.37623859629966316,0.019112215765129569,0.02706100854557008,0.02706100854557008,0.86242311080693745,0.69745339075158175,0.69745339075158175,0.80871370677787191,0.80871370677787191,0.00013320008352050999,0.00017811237776646255,0.00017811237776646255,1.3371791748091286,1.3371791748091286,1.6866071633485769,1.6866071633485769,0.72532925312486507,0.72532925312486507,0.16493971349405098,0.16493971349405098,1,1,1.3371791748091286,1.3371791748091286,74290.432932842552,74290.432932842552,21.779571138309109,adaptive_step_alignment_mismatch,false,accepted_ordinal_trace_diff_noncausal,"noqueue_t differs: Flow*=0.27492060692482684, torch=0.37623859629966316; v2_t differs: Flow*=0.27492060692482684, torch=0.37623859629966316; noqueue_h differs: Flow*=0.019112215765129569, torch=0.02706100854557008; v2_h differs: Flow*=0.019112215765129569, torch=0.02706100854557008","noqueue_t differs: Flow*=0.27492060692482684, torch=0.37623859629966316; v2_t differs: Flow*=0.27492060692482684, torch=0.37623859629966316; noqueue_h differs: Flow*=0.019112215765129569, torch=0.02706100854557008; v2_h differs: Flow*=0.019112215765129569, torch=0.02706100854557008; channel attribution marked invalid/noncausal"
20,0.2940328226899564,0.40329960484523325,0.40329960484523325,0.010511718670821265,0.020295756409177558,0.020295756409177558,0.79321333071122901,0.6717132952421786,0.6717132952421786,0.84682552503232855,0.84682552503232855,2.9279664977966438e-05,9.0334128723424843e-05,9.0334128723424843e-05,3.0852172930053392,3.0852172930053392,1.799634221600126,1.799634221600126,0.77717594614166419,0.77717594614166419,0.1603782335911591,0.1603782335911591,1,1,3.0852172930053392,3.0852172930053392,149795.97600230027,149795.97600230027,18.15533866697854,adaptive_step_alignment_mismatch,false,accepted_ordinal_trace_diff_noncausal,"noqueue_t differs: Flow*=0.2940328226899564, torch=0.40329960484523325; v2_t differs: Flow*=0.2940328226899564, torch=0.40329960484523325; noqueue_h differs: Flow*=0.010511718670821265, torch=0.020295756409177558; v2_h differs: Flow*=0.010511718670821265, torch=0.020295756409177558","noqueue_t differs: Flow*=0.2940328226899564, torch=0.40329960484523325; v2_t differs: Flow*=0.2940328226899564, torch=0.40329960484523325; noqueue_h differs: Flow*=0.010511718670821265, torch=0.020295756409177558; v2_h differs: Flow*=0.010511718670821265, torch=0.020295756409177558; channel attribution marked invalid/noncausal"
21,0.30454454136077769,0.42359536125441083,0.42359536125441083,0.011562890537903391,0.030443634613766337,0.030443634613766337,0.7954710212161783,0.65213467149738269,0.65213467149738269,0.81980946395803111,0.81980946395803111,3.580865441517169e-05,0.00019533159488970418,0.00019533159488970418,5.454871122075577,5.454871122075577,2.2004710493588107,2.2004710493588107,0.73534126064842753,0.73534126064842753,0.15286685673603179,0.15286685673603179,1,1,5.454871122075577,5.454871122075577,125011.57898162157,125011.57898162157,77.011975537605991,adaptive_step_alignment_mismatch,false,accepted_ordinal_trace_diff_noncausal,"noqueue_t differs: Flow*=0.30454454136077769, torch=0.42359536125441083; v2_t differs: Flow*=0.30454454136077769, torch=0.42359536125441083; noqueue_h differs: Flow*=0.011562890537903391, torch=0.030443634613766337; v2_h differs: Flow*=0.011562890537903391, torch=0.030443634613766337","noqueue_t differs: Flow*=0.30454454136077769, torch=0.42359536125441083; v2_t differs: Flow*=0.30454454136077769, torch=0.42359536125441083; noqueue_h differs: Flow*=0.011562890537903391, torch=0.030443634613766337; v2_h differs: Flow*=0.011562890537903391, torch=0.030443634613766337; channel attribution marked invalid/noncausal"
22,0.31610743189868107,0.45403899586817714,0.45403899586817714,0.012719179591693731,0.022832725960324752,0.022832725960324752,0.79669617507639612,0.62012686044524146,0.62012686044524146,0.77837308605853017,0.77837308605853017,4.3754763494286451e-05,9.4441898993963716e-05,9.4441898993963716e-05,2.1584369666698358,2.1584369666698358,2.4825671296686114,2.4825671296686114,0.70211993738105805,0.70211993738105805,0.14696648079182004,0.14696648079182004,1,1,2.1584369666698358,2.1584369666698358,123569.85434322672,123569.85434322672,66.39118955749889,adaptive_step_alignment_mismatch,false,accepted_ordinal_trace_diff_noncausal,"noqueue_t differs: Flow*=0.31610743189868107, torch=0.45403899586817714; v2_t differs: Flow*=0.31610743189868107, torch=0.45403899586817714; noqueue_h differs: Flow*=0.012719179591693731, torch=0.022832725960324752; v2_h differs: Flow*=0.012719179591693731, torch=0.022832725960324752","noqueue_t differs: Flow*=0.31610743189868107, torch=0.45403899586817714; v2_t differs: Flow*=0.31610743189868107, torch=0.45403899586817714; noqueue_h differs: Flow*=0.012719179591693731, torch=0.022832725960324752; v2_h differs: Flow*=0.012719179591693731, torch=0.022832725960324752; channel attribution marked invalid/noncausal"
23,0.32882661149037479,0.4768717218285019,0.4768717218285019,0.013991097550863106,0.023128278171498096,0.023128278171498096,0.79639351986582696,0.59512552348633108,0.59512552348633108,0.74727569805765792,0.74727569805765792,5.3295853676288483e-05,8.8446137274420211e-05,8.8446137274420211e-05,1.6595312988441766,1.6595312988441766,2.770196426760009,2.770196426760009,0.66908302207725301,0.66908302207725301,0.1408358698772319,0.1408358698772319,1,1,1.6595312988441766,1.6595312988441766,103465.83069526548,103465.83069526548,56.642566897999522,adaptive_step_alignment_mismatch,false,accepted_ordinal_trace_diff_noncausal,"noqueue_t differs: Flow*=0.32882661149037479, torch=0.4768717218285019; v2_t differs: Flow*=0.32882661149037479, torch=0.4768717218285019; noqueue_h differs: Flow*=0.013991097550863106, torch=0.023128278171498096; v2_h differs: Flow*=0.013991097550863106, torch=0.023128278171498096","noqueue_t differs: Flow*=0.32882661149037479, torch=0.4768717218285019; v2_t differs: Flow*=0.32882661149037479, torch=0.4768717218285019; noqueue_h differs: Flow*=0.013991097550863106, torch=0.023128278171498096; v2_h differs: Flow*=0.013991097550863106, torch=0.023128278171498096; channel attribution marked invalid/noncausal"
