source,mode,step_index,adaptive_attempt_index,t_before,h,t_after,accepted,rejected,status,message,tmv_pre_range_width_x,tmv_pre_range_width_y,tmv_pre_range_width_sum,tmv_right_range_width_x,tmv_right_range_width_y,tmv_right_range_width_sum,tmv_right_normal_range_width_x,tmv_right_normal_range_width_y,tmv_right_normal_range_width_sum,endpoint_pre_center_width_x,endpoint_pre_center_width_y,endpoint_pre_center_width_sum,center_x,center_y,scale_x,scale_y,inv_scale_x,inv_scale_y,new_x0_width_x,new_x0_width_y,new_x0_width_sum,target_remainder_width_x,target_remainder_width_y,target_remainder_width_sum,picard_no_remainder_residual_width_x,picard_no_remainder_residual_width_y,picard_no_remainder_residual_width_sum,picard_ctrunc_normal_residual_width_x,picard_ctrunc_normal_residual_width_y,picard_ctrunc_normal_residual_width_sum,cutoff_polynomial_difference_width_x,cutoff_polynomial_difference_width_y,cutoff_polynomial_difference_width_sum,symbolic_J_size,symbolic_Phi_L_size,scalar_x,scalar_y,symbolic_J_width_x,symbolic_J_width_y,symbolic_J_width_sum,symbolic_propagated_width_x,symbolic_propagated_width_y,symbolic_propagated_width_sum,final_flowpipe_width_x,final_flowpipe_width_y,final_flowpipe_width_sum,residual_width_x,residual_width_y,residual_width_sum,residual_over_target_x,residual_over_target_y,residual_over_target_sum
flowstar,accepted_step_probe,0,1,9.9999999999999998e-13,0.10000000000000001,0.10000000000100001,false,true,rejected,Picard_ctrunc_normal remainder not contained in target; shrinking h,0.57718709882812647,0.69024937950032905,1.2674364783284555,0.29999999999999982,0.099999999999999645,0.39999999999999947,2,2,4,0.29999999999999982,0.099999999999999645,0.39999999999999947,1.25,2.4000000000000004,0.14999999999999991,0.049999999999999822,6.6666666666666705,20.000000000000071,0.29999999999999982,0.099999999999999645,0.39999999999999947,0.00020000000000000001,0.00020000000000000001,0.00040000000000000002,0.57718709882812647,0.69024937950032905,1.2674364783284555,0.00159581086669922,0.01272067684940007,0.01431648771609929,4.7184478546569176e-19,1.2650904629429871e-16,1.2698089107976441e-16,1,1,6.6666666666666705,20.000000000000071,0,0,0,0,0,0,,,,0.00159581086669922,0.01272067684940007,0.01431648771609929,7.9790543334960997,63.603384247000342,35.791219290248222
flowstar,accepted_step_probe,0,2,9.9999999999999998e-13,0.050000000000000003,0.050000000001000001,false,true,rejected,Picard_ctrunc_normal remainder not contained in target; shrinking h,0.57718709882812647,0.69024937950032905,1.2674364783284555,0.29999999999999982,0.099999999999999645,0.39999999999999947,2,2,4,0.29999999999999982,0.099999999999999645,0.39999999999999947,1.25,2.4000000000000004,0.14999999999999991,0.049999999999999822,6.6666666666666705,20.000000000000071,0.29999999999999982,0.099999999999999645,0.39999999999999947,0.00020000000000000001,0.00020000000000000001,0.00040000000000000002,0.57718709882812647,0.69024937950032905,1.2674364783284555,0.00012471589897155766,0.0012050961945932602,0.0013298120935648179,5.898059818321147e-20,5.2998621116739958e-17,5.3057601714923168e-17,1,1,6.6666666666666705,20.000000000000071,0,0,0,0,0,0,,,,0.00012471589897155766,0.0012050961945932602,0.0013298120935648179,0.6235794948577883,6.0254809729663013,3.3245302339120446
flowstar,accepted_step_probe,0,3,9.9999999999999998e-13,0.025000000000000001,0.025000000001,false,true,rejected,Picard_ctrunc_normal remainder not contained in target; shrinking h,0.57718709882812647,0.69024937950032905,1.2674364783284555,0.29999999999999982,0.099999999999999645,0.39999999999999947,2,2,4,0.29999999999999982,0.099999999999999645,0.39999999999999947,1.25,2.4000000000000004,0.14999999999999991,0.049999999999999822,6.6666666666666705,20.000000000000071,0.29999999999999982,0.099999999999999645,0.39999999999999947,0.00020000000000000001,0.00020000000000000001,0.00040000000000000002,0.57718709882812647,0.69024937950032905,1.2674364783284555,1.5330241277217871e-05,0.00019188950279997862,0.0002072197440771965,7.3725747729014337e-21,2.446778673767527e-17,2.4475159312448173e-17,1,1,6.6666666666666705,20.000000000000071,0,0,0,0,0,0,,,,1.5330241277217871e-05,0.00019188950279997862,0.0002072197440771965,0.076651206386089354,0.95944751399989303,0.51804936019299119
flowstar,accepted_step_probe,0,4,9.9999999999999998e-13,0.012500000000000001,0.012500000001000001,true,false,accepted,,0.57718709882812647,0.69024937950032905,1.2674364783284555,0.29999999999999982,0.099999999999999645,0.39999999999999947,2,2,4,0.29999999999999982,0.099999999999999645,0.39999999999999947,1.25,2.4000000000000004,0.14999999999999991,0.049999999999999822,6.6666666666666705,20.000000000000071,0.29999999999999982,0.099999999999999645,0.39999999999999947,0.00020000000000000001,0.00020000000000000001,0.00040000000000000002,0.57718709882812647,0.69024937950032905,1.2674364783284555,2.93902509799871e-07,2.351092093239564e-05,2.3804823442195511e-05,9.2157184661267921e-22,1.1783461576278532e-17,1.1784383148125145e-17,1,1,6.6666666666666705,20.000000000000071,0,0,0,0,0,0,0.3316345665408007,0.1620482936671177,0.49368286020791841,2.93902509799871e-07,2.351092093239564e-05,2.3804823442195511e-05,0.0014695125489993549,0.1175546046619782,0.059512058605488777
flowstar,accepted_step_probe,1,1,0.012500000001000001,0.013750000000000002,0.026250000001000001,true,false,accepted,,0.33266593897540009,0.19239701025215528,0.52506294922755536,0.30108846671846839,0.12661892015116435,0.42770738686963272,1.9999722539165858,1.9900285718204287,3.9900008257370145,0.30108846671846839,0.12661892015116435,0.42770738686963272,1.2797919132276852,2.3663121508291822,0.15054632189463665,0.063626684533145392,6.6424738074960956,15.716676223779421,0.30109264378927358,0.12725336906629092,0.42834601285556451,0.00020000000000000001,0.00020000000000000001,0.00040000000000000002,0.33266593897540009,0.19239701025215528,0.52506294922755536,4.3845231433229583e-07,3.1885269151275381e-05,3.2323721465607676e-05,1.5332651598018453e-22,2.0499950359204772e-17,2.0500103685720751e-17,2,2,6.6424738074960956,15.716676223779421,2.93902509799871e-07,2.351092093239564e-05,2.3804823442195511e-05,0,0,0,0.33585113441473391,0.19776382366020195,0.53361495807493586,4.3845231433229583e-07,3.1885269151275381e-05,3.2323721465607676e-05,0.002192261571661479,0.1594263457563769,0.080809303664019186
flowstar,accepted_step_probe,2,1,0.026250000001000001,0.015125000000000003,0.041375000001000001,true,false,accepted,,0.33657674087021827,0.23228570941183913,0.5688624502820574,0.30190335202347102,0.15552188699360867,0.45742523901707965,1.9999129962463824,1.9842014283069933,3.9841144245533755,0.30190335202347102,0.15552188699360867,0.45742523901707965,1.3120586303812756,2.3265670297225745,0.15095824297862476,0.078380090234239239,6.6243484308544653,12.758342035732488,0.30191648595724985,0.15676018046847862,0.45867666642572846,0.00020000000000000001,0.00020000000000000001,0.00040000000000000002,0.33657674087021827,0.23228570941183913,0.5688624502820574,6.6617725304449203e-07,4.4041050306431798e-05,4.4707227559476292e-05,1.7766755135237997e-21,2.9295273701268657e-17,2.9297050376782184e-17,3,3,6.6243484308544653,12.758342035732488,4.4018348931123624e-07,3.2141795813030962e-05,3.25819793023422e-05,6.1543456286354191e-07,2.3305034717378747e-05,2.3920469280242288e-05,0.34005581948722452,0.23705832170775931,0.57711414119498383,6.6617725304449203e-07,4.4041050306431798e-05,4.4707227559476292e-05,0.0033308862652224602,0.22020525153215897,0.11176806889869072
flowstar,accepted_step_probe,3,1,0.041375000001000001,0.016637500000000003,0.058012500001,true,false,accepted,,0.3403366983750562,0.27598357536317675,0.61632027373823295,0.3023273377086329,0.18664097266267948,0.48896831037131239,1.9998471263855901,1.9810905648016472,3.9809376911872372,0.3023273377086329,0.18664097266267948,0.48896831037131239,1.3468976803367751,2.2797148713775304,0.15117522420578317,0.09421122687612539,6.614840528622449,10.614446209418972,0.30235044841156666,0.18842245375225097,0.49077290216381764,0.00020000000000000001,0.00020000000000000001,0.00040000000000000002,0.3403366983750562,0.27598357536317675,0.61632027373823295,1.0191553158322837e-06,6.1250059420017299e-05,6.2269214735849581e-05,0,2.4780505888697235e-17,2.4780505888697235e-17,4,4,6.614840528622449,10.614446209418972,6.7253356739861881e-07,4.4917263958424132e-05,4.5589797525822753e-05,1.8875567958194718e-06,5.4805871174343027e-05,5.6693427970162497e-05,0.34412920566377436,0.27987257588387493,0.62400178154764929,1.0191553158322837e-06,6.1250059420017299e-05,6.2269214735849581e-05,0.0050957765791614183,0.3062502971000865,0.15567303683962394
flowstar,accepted_step_probe,4,1,0.058012500001,0.018301250000000005,0.076313750001000005,true,false,accepted,,0.34384575072901646,0.32348530213088367,0.66733105285990013,0.30224812913865073,0.21982679173998287,0.52207492087863361,1.9996230092596428,1.9799757595413581,3.9795987688010008,0.30224812913865073,0.21982679173998287,0.52207492087863361,1.3843728106844229,2.2245740045876219,0.15115255612634576,0.11102499143267466,6.6158325444666488,9.0069811048478936,0.30230511225269163,0.22204998286535016,0.52435509511804179,0.00020000000000000001,0.00020000000000000001,0.00040000000000000002,0.34384575072901646,0.32348530213088367,0.66733105285990013,1.5670888559980345e-06,8.5616138996096237e-05,8.718322785209427e-05,3.0624217778079603e-21,3.6455844154676635e-17,3.6458906576454442e-17,5,5,6.6158325444666488,9.0069811048478936,1.0279600834069473e-06,6.2395463620648398e-05,6.342342370405534e-05,4.2009840219562575e-06,9.8229394447486322e-05,0.00010243037846944257,0.34794567563353351,0.32607755101113511,0.67402322664466863,1.5670888559980345e-06,8.5616138996096237e-05,8.718322785209427e-05,0.0078354442799901721,0.42808069498048118,0.21795806963023567
flowstar,accepted_step_probe,5,1,0.076313750001000005,0.020131375000000007,0.096445125001000012,true,false,accepted,,0.34691891783383433,0.37451740257183874,0.72143632040567307,0.3015211566946176,0.25471186653289374,0.55623302322751134,1.9993297598807793,1.9804487694516277,3.9797785293324068,0.3015211566946176,0.25471186653289374,0.55623302322751134,1.424499222879595,2.1598433735136293,0.15081111817822249,0.12861320649229488,6.6308108585087231,7.7752512924083677,0.30162223635644514,0.25722641298458981,0.55884864934103495,0.00020000000000000001,0.00020000000000000001,0.00040000000000000002,0.34691891783383433,0.37451740257183874,0.72143632040567307,2.414577657886322e-06,0.0001199212141930089,0.00012233579185089524,3.1702870782040859e-21,5.0012780614903717e-17,5.0015950901981919e-17,6,6,6.6308108585087231,7.7752512924083677,1.580819284160499e-06,8.7293202134373996e-05,8.8874021418534498e-05,8.1258116565416353e-06,0.00015755182338830174,0.00016567763504484338,0.35132896407451741,0.3752292559013215,0.72655821997583891,2.414577657886322e-06,0.0001199212141930089,0.00012233579185089524,0.012072888289431609,0.59960607096504448,0.30583947962723806
flowstar,accepted_step_probe,6,1,0.096445125001000012,0.022144512500000008,0.11858963750100002,false,true,rejected,Picard_ctrunc_normal remainder not contained in target; shrinking h,0.34929609996416056,0.42851035774689983,0.77780645771106038,0.29993640443378128,0.29072074615169735,0.59065715058547863,1.9989769142100446,1.9822839148785629,3.9812608290886073,0.29993640443378128,0.29072074615169735,0.59065715058547863,1.4672252693993606,2.0841336975167346,0.15004495664839126,0.14665948907198137,6.6646691920699199,6.8185155036861875,0.30008991329678292,0.29331897814396313,0.59340889144074604,0.00020000000000000001,0.00020000000000000001,0.00040000000000000002,0.34929609996416056,0.42851035774689983,0.77780645771106038,1.4731675124783669e-05,0.00023523568108020022,0.00024996735620498389,2.4112297720512217e-21,5.7207228715105764e-17,5.7209639944877814e-17,7,7,6.6646691920699199,6.8185155036861875,2.4403189294668461e-06,0.00012276431974663404,0.0001252046386761009,1.4543454398172436e-05,0.0002389348594266054,0.00025347831382477781,,,,1.4731675124783669e-05,0.00023523568108020022,0.00024996735620498389,0.073658375623918346,1.1761784054010009,0.62491839051245968
flowstar,accepted_step_probe,6,2,0.096445125001000012,0.011072256250000004,0.10751738125100002,true,false,accepted,,0.34929609996416056,0.42851035774689983,0.77780645771106038,0.29993640443378128,0.29072074615169735,0.59065715058547863,1.9989769142100446,1.9822839148785629,3.9812608290886073,0.29993640443378128,0.29072074615169735,0.59065715058547863,1.4672252693993606,2.0841336975167346,0.15004495664839126,0.14665948907198137,6.6646691920699199,6.8185155036861875,0.30008991329678292,0.29331897814396313,0.59340889144074604,0.00020000000000000001,0.00020000000000000001,0.00040000000000000002,0.34929609996416056,0.42851035774689983,0.77780645771106038,3.3065537756282103e-07,2.9861905720351967e-05,3.0192561097914789e-05,3.0140372150640271e-22,2.7765985368049226e-17,2.776628677177073e-17,7,7,6.6646691920699199,6.8185155036861875,2.4403189294668461e-06,0.00012276431974663404,0.0001252046386761009,1.4543454398172436e-05,0.0002389348594266054,0.00025347831382477781,0.32659862773553172,0.3574590027642861,0.68405763049981783,3.3065537756282103e-07,2.9861905720351967e-05,3.0192561097914789e-05,0.001653276887814105,0.14930952860175983,0.075481402744786971
flowstar,accepted_step_probe,7,1,0.10751738125100002,0.012179481875000005,0.11969686312600003,true,false,accepted,,0.32536039961809338,0.38675703264009775,0.71211743225819113,0.29871903041755993,0.30926722812611807,0.60798625854367794,1.998782446302217,1.983714968297027,3.9824974145992442,0.29871903041755993,0.30926722812611807,0.60798625854367794,1.490061825575671,2.040667357988057,0.14945049721153758,0.15590305717742128,6.6911788094258675,6.4142424023281137,0.29890099442307516,0.31180611435484273,0.6107071087779179,0.00020000000000000001,0.00020000000000000001,0.00040000000000000002,0.32536039961809338,0.38675703264009775,0.71211743225819113,4.7321090115622911e-07,3.8850714047233826e-05,3.9323924948390052e-05,6.017525299875333e-22,3.0434095750805372e-17,3.043469750333536e-17,8,8,6.6911788094258675,6.4142424023281137,3.422339352719206e-07,3.2159844037322532e-05,3.2502077972594454e-05,2.0929703444671503e-05,0.00035649976337893708,0.00037742946682360856,0.32778942854216786,0.383551140511601,0.71134056905376886,4.7321090115622911e-07,3.8850714047233826e-05,3.9323924948390052e-05,0.0023660545057811455,0.19425357023616913,0.098309812370975122
flowstar,accepted_step_probe,8,1,0.11969686312600003,0.013397430062500007,0.13309429318850002,true,false,accepted,,0.32611877949622348,0.41527362886110031,0.74139240835732378,0.29711015391010304,0.32859438338618868,0.62570453729629172,1.9985727357450576,1.9855146282771285,3.9840873640221863,0.29711015391010304,0.32859438338618868,0.62570453729629172,1.5146180580420914,1.9914999965609848,0.14866116633945861,0.16549582597198817,6.7267062718757478,6.0424484673665431,0.29732233267891761,0.33099165194397662,0.62831398462289423,0.00020000000000000001,0.00020000000000000001,0.00040000000000000002,0.32611877949622348,0.41527362886110031,0.74139240835732378,6.7848910965281489e-07,5.0639368858193041e-05,5.1317857967845854e-05,5.3395507827560458e-22,3.9604930495515846e-17,3.960546445059412e-17,9,9,6.7267062718757478,6.0424484673665431,4.8833755545408517e-07,4.1595294221079246e-05,4.2083631776533334e-05,2.5918748039762543e-05,0.00038189002377898786,0.00040780877181875041,0.32874230738997778,0.41110428447927694,0.73984659186925472,6.7848910965281489e-07,5.0639368858193041e-05,5.1317857967845854e-05,0.0033924455482640743,0.25319684429096517,0.12829464491961462
flowstar,accepted_step_probe,9,1,0.13309429318850002,0.014737173068750008,0.14783146625725002,true,false,accepted,,0.32652665426353455,0.44528739170030418,0.77181404596383874,0.29502052694673608,0.34846442438791259,0.64348495133464867,1.9983553228794197,1.9877551471186401,3.9861104699980601,0.29502052694673608,0.34846442438791259,0.64348495133464867,1.540928430877704,1.9359289917564979,0.1476316666856034,0.17530550726684355,6.7736145127291785,5.7043273516663513,0.29526333337120692,0.35061101453368759,0.64587434790489451,0.00020000000000000001,0.00020000000000000001,0.00040000000000000002,0.32652665426353455,0.44528739170030418,0.77181404596383874,9.7405451980442761e-07,6.6088807864883451e-05,6.7062862384687874e-05,1.4213884183696595e-21,5.6762107001573484e-17,5.6763528389991853e-17,10,10,6.7736145127291785,5.7043273516663513,6.9883898332853437e-07,5.3996302833728935e-05,5.4695141817057471e-05,3.195535474765769e-05,0.00041460696429134424,0.00044656231903900193,0.32935442238826851,0.43984830475149783,0.76920272713976634,9.7405451980442761e-07,6.6088807864883451e-05,6.7062862384687874e-05,0.0048702725990221376,0.33044403932441724,0.16765715596171968
flowstar,accepted_step_probe,10,1,0.14783146625725002,0.016210890375625009,0.16404235663287503,true,false,accepted,,0.32646114614359312,0.47647826548058458,0.8029394116241777,0.29234987892737985,0.3685504136173815,0.66090029254476135,1.9981420278030988,1.9904767785109325,3.9886188063140313,0.29234987892737985,0.3685504136173815,0.66090029254476135,1.5689983055153303,1.8732096849108246,0.14631086021888551,0.18515685166299317,6.83476263145449,5.4008263319367478,0.29262172043777124,0.3703137033259869,0.66293542376375814,0.00020000000000000001,0.00020000000000000001,0.00040000000000000002,0.32646114614359312,0.47647826548058458,0.8029394116241777,1.3984493141204341e-06,8.6255786929272728e-05,8.7654236243393159e-05,1.8918679848500169e-21,4.2028401068536835e-17,4.2030292936521684e-17,11,11,6.83476263145449,5.4008263319367478,1.001881141457359e-06,7.0249446547693107e-05,7.1251327689150472e-05,3.9381158068529499e-05,0.00045685940636546401,0.00049624056443399347,0.32950173565088958,0.46937753431612239,0.79887926996701197,1.3984493141204341e-06,8.6255786929272728e-05,8.7654236243393159e-05,0.0069922465706021703,0.43127893464636363,0.21913559060848289
flowstar,accepted_step_probe,11,1,0.16404235663287503,0.01783197941318751,0.18187433604606254,true,false,accepted,,0.3257727646484887,0.50836445927599283,0.83413722392448153,0.28898424759904429,0.38840874938356468,0.67739299698260891,1.9979514582026838,1.9937216245458615,3.9916730827485454,0.28898424759904429,0.38840874938356468,0.67739299698260891,1.5987942980963161,1.8025755663876253,0.14464027462359291,0.19481593849494303,6.9137036873192272,5.133050240783855,0.28928054924718616,0.38963187698988611,0.67891242623707226,0.00020000000000000001,0.00020000000000000001,0.00040000000000000002,0.3257727646484887,0.50836445927599283,0.83413722392448153,2.0022458905062977e-06,0.00011226711271532962,0.00011426935860583592,6.295190719588431e-22,4.6511309258039823e-17,4.651193877711178e-17,12,12,6.9137036873192272,5.133050240783855,1.4370493494393976e-06,9.1486349488470578e-05,9.2923398837909982e-05,4.8673351133735863e-05,0.00051142660938687694,0.0005600999605206128,0.32903294166137265,0.49910511720293593,0.82813805886430858,2.0022458905062977e-06,0.00011226711271532962,0.00011426935860583592,0.010011229452531488,0.56133556357664804,0.28567339651458978
flowstar,accepted_step_probe,12,1,0.18187433604606254,0.019615177354506262,0.20148951340056881,false,true,rejected,Picard_ctrunc_normal remainder not contained in target; shrinking h,0.32428267222051343,0.54026437718223863,0.86454704940275207,0.28479693255215227,0.40746163628663279,0.692258568838785,1.9978116457663229,1.9975326404321578,3.9953442861984807,0.28479693255215227,0.40746163628663279,0.692258568838785,1.6302328990200183,1.7232699992171989,0.14255444608889009,0.20398246718936219,7.014863635866174,4.9023821202813194,0.28510889217778024,0.40796493437872439,0.69307382655650462,0.00020000000000000001,0.00020000000000000001,0.00040000000000000002,0.32428267222051343,0.54026437718223863,0.86454704940275207,1.2448920778985382e-05,0.00020726086525175083,0.00021970978603073622,8.378898847772202e-22,5.5883510753806643e-17,5.5884348643691417e-17,13,13,7.014863635866174,4.9023821202813194,2.0566469740821316e-06,0.00011894852886118419,0.00012100517583526632,6.0498339818063868e-05,0.00058176129074088349,0.00064225963055894735,,,,1.2448920778985382e-05,0.00020726086525175083,0.00021970978603073622,0.062244603894926906,1.0363043262587541,0.54927446507684052
flowstar,accepted_step_probe,12,2,0.18187433604606254,0.0098075886772531311,0.19168192472331566,true,false,accepted,,0.32428267222051343,0.54026437718223863,0.86454704940275207,0.28479693255215227,0.40746163628663279,0.692258568838785,1.9978116457663229,1.9975326404321578,3.9953442861984807,0.28479693255215227,0.40746163628663279,0.692258568838785,1.6302328990200183,1.7232699992171989,0.14255444608889009,0.20398246718936219,7.014863635866174,4.9023821202813194,0.28510889217778024,0.40796493437872439,0.69307382655650462,0.00020000000000000001,0.00020000000000000001,0.00040000000000000002,0.32428267222051343,0.54026437718223863,0.86454704940275207,2.615296233562197e-07,2.6664796939862691e-05,2.692632656321891e-05,1.0473623559715253e-22,2.7368994419125724e-17,2.7369099155361323e-17,13,13,7.014863635866174,4.9023821202813194,2.0566469740821316e-06,0.00011894852886118419,0.00012100517583526632,6.0498339818063868e-05,0.00058176129074088349,0.00064225963055894735,0.30598554645651155,0.46710929364651732,0.77309484010302887,2.615296233562197e-07,2.6664796939862691e-05,2.692632656321891e-05,0.0013076481167810985,0.13332398469931345,0.067315816408047277
flowstar,accepted_step_probe,13,1,0.19168192472331566,0.010788347544978445,0.20247027226829412,true,false,accepted,,0.30350636612073933,0.48913294170147759,0.79263930782221692,0.28228387669775779,0.41663405234604467,0.69891792904380245,1.9977743891376214,1.9997523247218965,3.9975267138595179,0.28228387669775779,0.41663405234604467,0.69891792904380245,1.6469176366575888,1.6790861916846722,0.14129917684028923,0.20834282685681355,7.0771820640561991,4.7997812791858854,0.28259835368057873,0.41668565371362742,0.69928400739420615,0.00020000000000000001,0.00020000000000000001,0.00040000000000000002,0.30350636612073933,0.48913294170147759,0.79263930782221692,3.6044107703185215e-07,3.3408286686626522e-05,3.3768727763658371e-05,2.7880785915962006e-22,2.7663499158483511e-17,2.7663777966342671e-17,14,14,7.0771820640561991,4.7997812791858854,2.8152796381307707e-07,3.1089014197236601e-05,3.1370542161049676e-05,6.9243881439673909e-05,0.00068656358356767721,0.00075580746500735114,0.30524331318310693,0.48180571956486884,0.78704903274797577,3.6044107703185215e-07,3.3408286686626522e-05,3.3768727763658371e-05,0.0018022053851592607,0.1670414334331326,0.084421819409145921
flowstar,accepted_step_probe,14,1,0.20247027226829412,0.01186718229947629,0.2143374545677704,true,false,accepted,,0.30230612008626823,0.5070942733593542,0.80940039344562242,0.27937076049624537,0.42658571429105147,0.70595647478729684,1.9977674725345536,1.9978082887541095,3.9955757612886629,0.27937076049624537,0.42658571429105147,0.70595647478729684,1.6647684114720498,1.630128669693822,0.13984148022082341,0.213526851746662,7.150954054697519,4.6832517400970515,0.27968296044164687,0.42705370349332439,0.70673666393497125,0.00020000000000000001,0.00020000000000000001,0.00040000000000000002,0.30230612008626823,0.5070942733593542,0.80940039344562242,5.0029701598287826e-07,4.2155020547808171e-05,4.265531756379105e-05,2.7831994540609083e-22,3.0380760181184906e-17,3.0381038501130314e-17,15,15,7.150954054697519,4.6832517400970515,3.8531500524775523e-07,3.8366822285950327e-05,3.8752137291198081e-05,7.7036706786566853e-05,0.00070092886888332225,0.00077796557566988907,0.304197809052424,0.49759937055972125,0.80179717961214525,5.0029701598287826e-07,4.2155020547808171e-05,4.265531756379105e-05,0.002501485079914391,0.21077510273904085,0.10663829390947761
flowstar,accepted_step_probe,15,1,0.2143374545677704,0.01305390052942392,0.22739135509719433,true,false,accepted,,0.30070831158005884,0.52588435021981716,0.82659266179987601,0.27598905684371877,0.43651997396208636,0.71250903080580508,1.997806655590324,1.9950915756308287,3.9928982312211527,0.27598905684371877,0.43651997396208636,0.71250903080580508,1.6837922728163477,1.5759543708748054,0.13814602933243691,0.21879696114904537,7.23871692029297,4.5704473898922027,0.27629205866487405,0.43759392229809091,0.71388598096296496,0.00020000000000000001,0.00020000000000000001,0.00040000000000000002,0.30070831158005884,0.52588435021981716,0.82659266179987601,6.9439408705504996e-07,5.3189676438749552e-05,5.3884070525804605e-05,3.70443847335507e-22,3.3320125707708874e-17,3.3320496151556206e-17,16,16,7.23871692029297,4.5704473898922027,5.3162675083755419e-07,4.7863079002868347e-05,4.8394705753705901e-05,8.5904384940702614e-05,0.00071943014874595334,0.00080533453368665596,0.30276108609630392,0.51363827611002688,0.8163993622063308,6.9439408705504996e-07,5.3189676438749552e-05,5.3884070525804605e-05,0.0034719704352752494,0.26594838219374772,0.13471017631451151
flowstar,accepted_step_probe,16,1,0.22739135509719433,0.014359290582366313,0.24175064567956064,true,false,accepted,,0.29862174226636329,0.5449569986935725,0.84357874095993579,0.27207010312238872,0.44600666595398597,0.71807676907637474,1.997912009758489,1.9920774046334662,3.989989414391955,0.27207010312238872,0.44600666595398597,0.71807676907637474,1.7039742624221901,1.5161160694123195,0.1361772199143429,0.22389022882173049,7.3433721192796559,4.466474509685888,0.2723544398286859,0.44778045764346119,0.7201348974721471,0.00020000000000000001,0.00020000000000000001,0.00040000000000000002,0.29862174226636329,0.5449569986935725,0.84357874095993579,9.6201754129300824e-07,6.6988807420393284e-05,6.7950824961686296e-05,1.0272099183407498e-21,5.3070306719053877e-17,5.3071333928972219e-17,17,17,7.3433721192796559,4.466474509685888,7.3443288266956448e-07,5.9797755048486696e-05,6.0532187931156262e-05,9.6085089071466266e-05,0.00074356125981938422,0.00083964634889085045,0.30084145879957713,0.5294121680091477,0.83025362680872483,9.6201754129300824e-07,6.6988807420393284e-05,6.7950824961686296e-05,0.0048100877064650412,0.33494403710196641,0.16987706240421574
flowstar,accepted_step_probe,17,1,0.24175064567956064,0.015795219640602945,0.2575458653201636,true,false,accepted,,0.29594387295929425,0.56401042607588159,0.85995429903517584,0.26753929839590218,0.45470964163031746,0.72224894002621964,1.9981104400648448,1.9887472255378982,3.9868576656027432,0.26753929839590218,0.45470964163031746,0.72224894002621964,1.7252712367164944,1.4501787153998122,0.1338961515997181,0.22864124499649852,7.4684745457770525,4.3736640780420624,0.26779230319943625,0.45728248999299703,0.72507479319243329,0.00020000000000000001,0.00020000000000000001,0.00040000000000000002,0.29594387295929425,0.56401042607588159,0.85995429903517584,1.3281181848830123e-06,8.4071966455863894e-05,8.5400084640746901e-05,1.3398720732853073e-21,4.1089673039942955e-17,4.1091012912016241e-17,18,18,7.4684745457770525,4.3736640780420624,1.013539551238351e-06,7.4684532477213003e-05,7.5698072028451352e-05,0.00010789086685852707,0.00077482846261113145,0.00088271932946965849,0.29833464367678286,0.54457882229392895,0.84291346597071182,1.3281181848830123e-06,8.4071966455863894e-05,8.5400084640746901e-05,0.006640590924415061,0.42035983227931945,0.21350021160186725
flowstar,accepted_step_probe,18,1,0.2575458653201636,0.017374741604663242,0.27492060692482684,true,false,accepted,,0.2925576146609401,0.58266560766058872,0.87522322232152883,0.26231746288776669,0.46222031101919769,0.72453777390696439,1.9984377630805235,1.9850853518612592,3.9835231149417827,0.26231746288776669,0.46222031101919769,0.72453777390696439,1.7476047618469623,1.3777419846229086,0.13126126203871027,0.23284656782430527,7.6183939150690927,4.2946735669926284,0.26252252407742072,0.46569313564861092,0.72821565972603164,0.00020000000000000001,0.00020000000000000001,0.00040000000000000002,0.2925576146609401,0.58266560766058872,0.87522322232152883,1.8236075200261536e-06,0.00010493913163935734,0.00010676273915938349,2.9116240482330526e-22,3.2038178149691162e-17,3.2038469312095982e-17,19,19,7.6183939150690927,4.2946735669926284,1.3948822655114517e-06,9.3088907731639014e-05,9.448378999715047e-05,0.00012173298291684585,0.00081497691179396544,0.00093670989471081128,0.29512223724197617,0.55884558575999899,0.85396782300197516,1.8236075200261536e-06,0.00010493913163935734,0.00010676273915938349,0.009118037600130767,0.52469565819678665,0.2669068478984587
flowstar,accepted_step_probe,19,1,0.27492060692482684,0.019112215765129569,0.2940328226899564,true,false,accepted,,0.28833031845102486,0.60021134195840309,0.88854166040942795,0.25632315388518478,0.46805609849727153,0.72437925238245637,1.9989413478876104,1.981080325384881,3.9800216732724913,0.25632315388518478,0.46805609849727153,0.72437925238245637,1.7708531713609483,1.2984700431969332,0.12822945213277778,0.23626305935189088,7.7985204129588714,4.2325702661396472,0.25645890426555562,0.47252611870378214,0.72898502296933776,0.00020000000000000001,0.00020000000000000001,0.00040000000000000002,0.28833031845102486,0.60021134195840309,0.88854166040942795,2.4985455403011413e-06,0.00013070153798020885,0.00013320008352050999,1.9376858040990975e-21,5.384079605645235e-17,5.3842733742256447e-17,20,20,7.7985204129588714,4.2325702661396472,1.9107100565382643e-06,0.00011556637336416975,0.00011747708342070802,0.0001381523488091768,0.00086595578482389626,0.001004108133633073,0.29106733133363694,0.57135577947330052,0.86242311080693745,2.4985455403011413e-06,0.00013070153798020885,0.00013320008352050999,0.012492727701505706,0.65350768990104424,0.33300020880127496
flowstar,accepted_step_probe,20,1,0.2940328226899564,0.021023437341642529,0.31505626003159892,false,true,rejected,Picard_ctrunc_normal remainder not contained in target; shrinking h,0.28311671787426662,0.61589847632091943,0.89901519419518605,0.24947621729601543,0.47166603616442665,0.72114225346044214,1.9996834481292223,1.976726531041789,3.9764099791710112,0.24947621729601543,0.47166603616442665,0.72114225346044214,1.7948430058571525,1.2121291364886628,0.12475785481417552,0.23860965528491465,8.0155273709176971,4.1909452440469703,0.24951570962835135,0.47721931056982958,0.72673502019818093,0.00020000000000000001,0.00020000000000000001,0.00040000000000000002,0.28311671787426662,0.61589847632091943,0.89901519419518605,1.5055902231383311e-05,0.00023176188230703058,0.00024681778453841392,2.5790598052558997e-21,5.4845312454885359e-17,5.4847891514690614e-17,21,21,8.0155273709176971,4.1909452440469703,2.6128863720463214e-06,0.00014331534616988779,0.00014592823254193412,0.00015785426607500995,0.00092980178204313897,0.001087656048118149,,,,1.5055902231383311e-05,0.00023176188230703058,0.00024681778453841392,0.075279511156916556,1.1588094115351528,0.61704446134603474
flowstar,accepted_step_probe,20,2,0.2940328226899564,0.010511718670821265,0.30454454136077769,true,false,accepted,,0.28311671787426662,0.61589847632091943,0.89901519419518605,0.24947621729601543,0.47166603616442665,0.72114225346044214,1.9996834481292223,1.976726531041789,3.9764099791710112,0.24947621729601543,0.47166603616442665,0.72114225346044214,1.7948430058571525,1.2121291364886628,0.12475785481417552,0.23860965528491465,8.0155273709176971,4.1909452440469703,0.24951570962835135,0.47721931056982958,0.72673502019818093,0.00020000000000000001,0.00020000000000000001,0.00040000000000000002,0.28311671787426662,0.61589847632091943,0.89901519419518605,3.045979257564432e-07,2.8975067052209996e-05,2.9279664977966438e-05,3.2238247565698746e-22,2.6702664618580883e-17,2.670298700105654e-17,21,21,8.0155273709176971,4.1909452440469703,2.6128863720463214e-06,0.00014331534616988779,0.00014592823254193412,0.00015785426607500995,0.00092980178204313897,0.001087656048118149,0.26745922408159895,0.52575410662963007,0.79321333071122901,3.045979257564432e-07,2.8975067052209996e-05,2.9279664977966438e-05,0.0015229896287822159,0.14487533526104998,0.073199162444916088
flowstar,accepted_step_probe,21,1,0.30454454136077769,0.011562890537903391,0.31610743189868107,true,false,accepted,,0.26332317987428389,0.55339003176477886,0.81671321163906274,0.24563143389927453,0.47236908440254599,0.71800051830182055,1.9998176169328903,1.9743151551757949,3.9741327721086854,0.24563143389927453,0.47236908440254599,0.71800051830182055,1.807337338657949,1.165159633945976,0.12282691772462634,0.23925718402363461,8.1415378528179385,4.1796028156095693,0.24565383544925279,0.47851436804726921,0.724168203496522,0.00020000000000000001,0.00020000000000000001,0.00040000000000000002,0.26332317987428389,0.55339003176477886,0.81671321163906274,4.0935178752399355e-07,3.5399302627647698e-05,3.580865441517169e-05,3.4327286007956027e-22,3.1996692782400501e-17,3.1997036055260583e-17,22,22,8.1415378528179385,4.1796028156095693,3.4233280245706572e-07,3.6509744151673298e-05,3.6852076954130363e-05,0.00017129692034699209,0.0010411843664195268,0.0012124812867665188,0.26490124729225784,0.53056977392392046,0.7954710212161783,4.0935178752399355e-07,3.5399302627647698e-05,3.580865441517169e-05,0.0020467589376199679,0.17699651313823847,0.089521636037929217
flowstar,accepted_step_probe,22,1,0.31610743189868107,0.012719179591693731,0.32882661149037479,true,false,accepted,,0.26045588740481507,0.56046436315507853,0.82092025055989359,0.24147047463880472,0.4722509499343151,0.71372142457311982,1.9991948790126908,1.9717526139941419,3.9709474930068325,0.24147047463880472,0.4722509499343151,0.71372142457311982,1.820513662232272,1.1140065806299593,0.12078386012976167,0.23950821547419437,8.2792518712820602,4.1752221234671767,0.24156772025952344,0.47901643094838897,0.72058415120791242,0.00020000000000000001,0.00020000000000000001,0.00040000000000000002,0.26045588740481507,0.56046436315507853,0.82092025055989359,5.495901736012669e-07,4.3205173320685187e-05,4.3754763494286451e-05,5.7112022095736851e-22,3.2369783455820147e-17,3.2370354576041104e-17,23,23,8.2792518712820602,4.1752221234671767,4.5444548289919108e-07,4.3568484882998811e-05,4.4022930365898003e-05,0.00018356147415656503,0.0010414782843965282,0.0012250397585530932,0.26204146634303815,0.53465470873335796,0.79669617507639612,5.495901736012669e-07,4.3205173320685187e-05,4.3754763494286451e-05,0.0027479508680063342,0.21602586660342593,0.10938690873571612
flowstar,accepted_step_probe,23,1,0.32882661149037479,0.013991097550863106,0.34281770904123787,true,false,accepted,,0.25714086417988402,0.56682677592595809,0.82396764010584211,0.23684642397033351,0.47105212341775321,0.70789854738808677,1.9984159483322301,1.9689739053015025,3.9673898536337324,0.23684642397033351,0.47105212341775321,0.70789854738808677,1.8343287206678067,1.0584424260802665,0.11851708057473855,0.23923736223696795,8.4376023704818301,4.179949112670311,0.23703416114947728,0.47847472447393613,0.71550888562341342,0.00020000000000000001,0.00020000000000000001,0.00040000000000000002,0.25714086417988402,0.56682677592595809,0.82396764010584211,7.3547041619852963e-07,5.2560383260089956e-05,5.3295853676288483e-05,4.5609660845655463e-22,3.8659650076810965e-17,3.8660106173419419e-17,24,24,8.4376023704818301,4.179949112670311,6.0507306013514489e-07,5.2313832185966017e-05,5.291890524610116e-05,0.00019717127355952608,0.001043902560964484,0.0012410738345240101,0.25870937119415527,0.53768414867167169,0.79639351986582696,7.3547041619852963e-07,5.2560383260089956e-05,5.3295853676288483e-05,0.003677352080992648,0.26280191630044974,0.13323963419072121
flowstar,accepted_step_probe,24,1,0.34281770904123787,0.015390207305949418,0.35820791634718729,true,false,accepted,,0.25331558499865725,0.57215073568384889,0.82546632068250614,0.23171969205056542,0.4685182886483949,0.70023798069896026,1.9974421259667761,1.9659706744280938,3.9634128003948699,0.23171969205056542,0.4685182886483949,0.70023798069896026,1.8487153647684482,0.99827489223529076,0.11600821322340511,0.2383139762675697,8.6200793220927405,4.1961450002296079,0.23201642644681053,0.47662795253513957,0.7086443789819501,0.00020000000000000001,0.00020000000000000001,0.00040000000000000002,0.25331558499865725,0.57215073568384889,0.82546632068250614,9.8005961890292653e-07,6.3670672468071901e-05,6.4650732086974822e-05,4.0470972390378294e-22,2.8933733898651121e-17,2.8934138608375022e-17,25,25,8.6200793220927405,4.1961450002296079,8.0403131302784963e-07,6.273303164181113e-05,6.3537062954838986e-05,0.00021233958127626031,0.0010493765457334752,0.0012617161270097356,0.25484670732660897,0.54080127345660189,0.79564798078321086,9.8005961890292653e-07,6.3670672468071901e-05,6.4650732086974822e-05,0.0049002980945146322,0.31835336234035949,0.16162683021743704
flowstar,accepted_step_probe,25,1,0.35820791634718729,0.016929228036544362,0.37513714438373164,true,false,accepted,,0.24891255717906313,0.57605313766496602,0.82496569484402915,0.22605245323281364,0.46436948038427395,0.69042193361708759,1.996225490117137,1.9627370634153829,3.9589625535325199,0.22605245323281364,0.46436948038427395,0.69042193361708759,1.8635777418158579,0.93336418656706743,0.11323993925132625,0.23659281166078283,8.8308065741768598,4.226671102052582,0.22647987850265272,0.47318562332156577,0.69966550182421849,0.00020000000000000001,0.00020000000000000001,0.00040000000000000002,0.24891255717906313,0.57605313766496602,0.82496569484402915,1.2989274429654418e-06,7.6711651038747426e-05,7.801057848171287e-05,6.7333580314491931e-22,2.8785711292527063e-17,2.8786384628330211e-17,26,26,8.8308065741768598,4.226671102052582,1.0644724853768904e-06,7.5044906321607778e-05,7.6109378806984667e-05,0.00022932979282642781,0.0010586666202794376,0.0012879964131058655,0.25038360394337489,0.54391761518000481,0.7943012191233797,1.2989274429654418e-06,7.6711651038747426e-05,7.801057848171287e-05,0.0064946372148272083,0.3835582551937371,0.19502644620428217
flowstar,accepted_step_probe,26,1,0.37513714438373164,0.0186221508401988,0.39375929522393044,true,false,accepted,,0.24386045911853471,0.57808885946277289,0.8219493185813076,0.21981080975284437,0.45830727093256191,0.67811808068540624,1.9947069577414531,1.959270494452366,3.9539774521938194,0.21981080975284437,0.45830727093256191,0.67811808068540624,1.8787861404965427,0.86364346452526719,0.11019704368090712,0.23391730352202481,9.0746536077288731,4.2750150798734889,0.22039408736181443,0.46783460704404978,0.68822869440586421,0.00020000000000000001,0.00020000000000000001,0.00040000000000000002,0.24386045911853471,0.57808885946277289,0.8219493185813076,1.7098928972865088e-06,9.1797231272638371e-05,9.3507124169924882e-05,2.1509038895661307e-21,2.9119620843042966e-17,2.9121771746932531e-17,27,27,9.0746536077288731,4.2750150798734889,1.4032893183836773e-06,8.9442168429265504e-05,9.0845457747649181e-05,0.00024846922711239982,0.0010725905289622076,0.0013210597560746073,0.24523378154694009,0.54548239058650116,0.79071617213344125,1.7098928972865088e-06,9.1797231272638371e-05,9.3507124169924882e-05,0.0085494644864325432,0.45898615636319184,0.23376781042481221
flowstar,accepted_step_probe,27,1,0.39375929522393044,0.020484365924218682,0.41424366114814914,true,false,accepted,,0.23808608714673229,0.57776207565633786,0.81584816280307015,0.21296764560995721,0.45002663385790226,0.66299427946785949,1.9928140940851724,1.9555724916389168,3.948386585724089,0.21296764560995721,0.45002663385790226,0.66299427946785949,1.8941716786813021,0.78914215563013346,0.10686779376062308,0.23012526295087432,9.3573560827870654,4.3454594561983129,0.21373558752124677,0.46025052590174864,0.67398611342299541,0.00020000000000000001,0.00020000000000000001,0.00040000000000000002,0.23808608714673229,0.57776207565633786,0.81584816280307015,2.2314283045685206e-06,0.00010889825183219111,0.00011112968013675963,1.938390104227228e-21,4.4094347466190283e-17,4.4096285856294512e-17,28,28,9.3573560827870654,4.3454594561983129,1.8390790188325267e-06,0.00010605503678260722,0.00010789411580143975,0.0002701647347121321,0.0010919621951504545,0.0013621269298625866,0.23931640813306054,0.54506597491733777,0.78438238305039831,2.2314283045685206e-06,0.00010889825183219111,0.00011112968013675963,0.011157141522842603,0.54449125916095553,0.27782420034189903
flowstar,accepted_step_probe,28,1,0.41424366114814914,0.022532802516640551,0.43677646366478967,true,false,accepted,,0.2315176399675809,0.57465572411844923,0.80617336408603013,0.20550565729048598,0.4392399535903922,0.64474561088087823,1.9904587086302608,1.9516501663654044,3.9421088749956654,0.20550565729048598,0.4392399535903922,0.64474561088087823,1.9095211145688626,0.71001118440090016,0.10324537575155487,0.22506080298622214,9.6856638151654941,4.4432437222807666,0.20649075150311003,0.45012160597244438,0.65661235747555446,0.00020000000000000001,0.00020000000000000001,0.00040000000000000002,0.2315176399675809,0.57465572411844923,0.80617336408603013,2.8819859516817697e-06,0.00012784913720631885,0.00013073112315800062,2.6196894937837701e-21,3.631656926262166e-17,3.6319188952115441e-17,29,29,9.6856638151654941,4.4432437222807666,2.3914958280179897e-06,0.00012487576278743604,0.00012726725861545403,0.00029491683266836226,0.0011175020338590421,0.0014124188665274044,0.23255086938466363,0.5422154479608241,0.77476631734548773,2.8819859516817697e-06,0.00012784913720631885,0.00013073112315800062,0.014409929758408848,0.63924568603159415,0.32682780789500154
flowstar,accepted_step_probe,29,1,0.43677646366478967,0.024786082768304608,0.4615625464330943,false,true,rejected,Picard_ctrunc_normal remainder not contained in target; shrinking h,0.22408730059847914,0.5682296602533653,0.79231696085184444,0.1974214635937491,0.42569220839030658,0.62311367198405565,1.9875343746346734,1.9475162423100567,3.9350506169447304,0.1974214635937491,0.42569220839030658,0.62311367198405565,1.9245721634172637,0.62654833510216035,0.099329836058828821,0.21858210942845294,10.06746854397044,4.5749398366352736,0.19865967211765767,0.43716421885690598,0.63582389097456371,0.00020000000000000001,0.00020000000000000001,0.00040000000000000002,0.22408730059847914,0.5682296602533653,0.79231696085184444,1.8728043018584803e-05,0.00022590853795878145,0.00024463658097736627,5.0717188599653804e-21,3.6878924511791769e-17,3.6883996230651734e-17,30,30,10.06746854397044,4.5749398366352736,3.0810161294002296e-06,0.00014580665535193549,0.0001488876714813357,0.00032333154454390877,0.0011496825077385146,0.0014730140522824233,,,,1.8728043018584803e-05,0.00022590853795878145,0.00024463658097736627,0.093640215092924015,1.1295426897939072,0.61159145244341562
flowstar,accepted_step_probe,29,2,0.43677646366478967,0.012393041384152304,0.44916950504894199,true,false,accepted,,0.22408730059847914,0.5682296602533653,0.79231696085184444,0.1974214635937491,0.42569220839030658,0.62311367198405565,1.9875343746346734,1.9475162423100567,3.9350506169447304,0.1974214635937491,0.42569220839030658,0.62311367198405565,1.9245721634172637,0.62654833510216035,0.099329836058828821,0.21858210942845294,10.06746854397044,4.5749398366352736,0.19865967211765767,0.43716421885690598,0.63582389097456371,0.00020000000000000001,0.00020000000000000001,0.00040000000000000002,0.22408730059847914,0.5682296602533653,0.79231696085184444,3.0991654449000699e-07,2.5004189414861979e-05,2.5314105959351985e-05,6.3396485749567255e-22,1.7648988103445332e-17,1.7649622068302829e-17,30,30,10.06746854397044,4.5749398366352736,3.0810161294002296e-06,0.00014580665535193549,0.0001488876714813357,0.00032333154454390877,0.0011496825077385146,0.0014730140522824233,0.2107972342978881,0.48006491191256023,0.69086214621044828,3.0991654449000699e-07,2.5004189414861979e-05,2.5314105959351985e-05,0.001549582722450035,0.12502094707430988,0.063285264898379961
flowstar,accepted_step_probe,30,1,0.44916950504894199,0.013632345522567535,0.46280185057150952,true,false,accepted,,0.20738338431628045,0.49852800200152214,0.70591138631780259,0.19303817800222464,0.41754581409354125,0.61058399209576586,1.9857776823237363,1.9452801404407698,3.9310578227645063,0.19303817800222464,0.41754581409354125,0.61058399209576586,1.9320615404253143,0.58229085500151856,0.097210367364151923,0.21464559546623019,10.286968634260795,4.658842394729354,0.19442073472830401,0.42929119093246038,0.62371192566076439,0.00020000000000000001,0.00020000000000000001,0.00040000000000000002,0.20738338431628045,0.49852800200152214,0.70591138631780259,4.0231659178619516e-07,2.9507329902593769e-05,2.9909646494379963e-05,9.1412449410396854e-22,2.1005937752964827e-17,2.100685187745893e-17,31,31,10.286968634260795,4.658842394729354,3.7208419549509235e-07,3.5266096617601985e-05,3.5638180813097079e-05,0.00034160844523132026,0.0012413975429079883,0.0015830059881393086,0.20706784170826409,0.47647716059906497,0.68354500230732906,4.0231659178619516e-07,2.9507329902593769e-05,2.9909646494379963e-05,0.0020115829589309759,0.14753664951296883,0.0747741162359499
flowstar,accepted_step_probe,31,1,0.46280185057150952,0.014995580074824289,0.47779743064633379,true,false,accepted,,0.20335697409096332,0.4940821455199747,0.69743911961093796,0.18829141664086235,0.40818618719641098,0.59647760383727333,1.9837264900959553,1.9429348556214321,3.9266613457173873,0.18829141664086235,0.40818618719641098,0.59647760383727333,1.9396754113620469,0.53497988381499151,0.094918033096263371,0.21008742831259555,10.53540583785408,4.7599230855073786,0.18983606619252735,0.42017485662519122,0.61001092281771863,0.00020000000000000001,0.00020000000000000001,0.00040000000000000002,0.20335697409096332,0.4940821455199747,0.69743911961093796,5.1924414571261039e-07,3.4619746022747065e-05,3.5138990168459677e-05,7.4873827793992741e-22,2.1520413779047654e-17,2.1521162517325595e-17,32,32,10.53540583785408,4.7599230855073786,4.7603020855832851e-07,4.0538889492105254e-05,4.1014919700663585e-05,0.00035839047878840507,0.0012174036500399465,0.0015757941288283516,0.20290921771219472,0.47184525745923822,0.67475447517143294,5.1924414571261039e-07,3.4619746022747065e-05,3.5138990168459677e-05,0.0025962207285630517,0.17309873011373533,0.087847475421149193
flowstar,accepted_step_probe,32,1,0.47779743064633379,0.01649513808230672,0.49429256872864052,true,false,accepted,,0.19888077768556212,0.48822702408585833,0.6871078017714205,0.18316008851337032,0.39747223361441891,0.58063232212778926,1.9813245735082783,1.940433029198581,3.921757602706859,0.18316008851337032,0.39747223361441891,0.58063232212778926,1.9473178927838612,0.48461049748542639,0.09244325284324996,0.20483687281832078,10.81744712830081,4.8819335417551795,0.18488650568650056,0.40967374563664166,0.59456025132314227,0.00020000000000000001,0.00020000000000000001,0.00040000000000000002,0.19888077768556212,0.48822702408585833,0.6871078017714205,6.6546439041454567e-07,4.0333196377025652e-05,4.0998660767440197e-05,6.2285665496127758e-22,2.3761024774839244e-17,2.3761647631494207e-17,33,33,10.81744712830081,4.8819335417551795,6.0752437679920525e-07,4.6588449702025742e-05,4.7195974078824949e-05,0.00037658127691237662,0.0011931235901891633,0.00156970486710154,0.19827138295990387,0.46596605396359692,0.66423743692350079,6.6546439041454567e-07,4.0333196377025652e-05,4.0998660767440197e-05,0.0033273219520727282,0.20166598188512824,0.10249665191860048
flowstar,accepted_step_probe,33,1,0.49429256872864052,0.0057074312713594755,0.5,true,false,accepted,,0.19391581740142638,0.48074723974367856,0.67466305714510488,0.1776347539875969,0.38528973703480046,0.56292449102239739,1.9785081811278777,1.9377738451649444,3.916282026292822,0.1776347539875969,0.38528973703480046,0.56292449102239739,1.9548684573188781,0.43123303467755336,0.08978216804053521,0.19883111643608969,11.138069193745867,5.0293938792091932,0.17956433608107059,0.39766223287217944,0.57722656895325009,0.00020000000000000001,0.00020000000000000001,0.00040000000000000002,0.19391581740142638,0.48074723974367856,0.67466305714510488,8.4575265497493726e-07,4.6597278281949406e-05,4.7443030936924341e-05,8.2902220775346073e-22,1.5217231467638361e-17,1.5218060489846114e-17,34,34,11.138069193745867,5.0293938792091932,7.7102963748178815e-07,5.3291654379524629e-05,5.4062684017006419e-05,0.00039631194562900511,0.0011689382520286664,0.0015652501976576715,0.19311101645303541,0.45864852172203957,0.65175953817507493,8.4575265497493726e-07,4.6597278281949406e-05,4.7443030936924341e-05,0.0042287632748746863,0.23298639140974703,0.11860757734231085
