trace_source,source,mode,attempt_global_index,accepted_step_index,step_index,attempt_index_within_step,adaptive_attempt_index,t_before,h_try,h,t_after,h_after_if_rejected_or_next,accepted,rejected,status,rejection_reason,message,residual_subset_target,pre_step_box_x_lo,pre_step_box_x_hi,pre_step_box_y_lo,pre_step_box_y_hi,endpoint_box_before_center_x_lo,endpoint_box_before_center_x_hi,endpoint_box_before_center_y_lo,endpoint_box_before_center_y_hi,endpoint_before_center_source_object,endpoint_before_center_domain_semantics,endpoint_before_center_includes_target_remainder,endpoint_before_center_includes_ordinary_remainder,endpoint_before_center_includes_symbolic_output_width,endpoint_before_center_includes_cutoff_poly_diff,endpoint_before_center_range_eval_method,endpoint_before_center_polynomial_order,endpoint_before_center_dropped_terms_width_x,endpoint_before_center_dropped_terms_width_y,endpoint_before_center_dropped_terms_width_sum,endpoint_before_center_remainder_width_x,endpoint_before_center_remainder_width_y,endpoint_before_center_remainder_width_sum,endpoint_before_center_notes,extracted_center_x,extracted_center_y,extracted_scale_x,extracted_scale_y,reset_box_after_center_scale_x_lo,reset_box_after_center_scale_x_hi,reset_box_after_center_scale_y_lo,reset_box_after_center_scale_y_hi,target_remainder_x_lo,target_remainder_x_hi,target_remainder_y_lo,target_remainder_y_hi,picard_no_remainder_residual_x_lo,picard_no_remainder_residual_x_hi,picard_no_remainder_residual_y_lo,picard_no_remainder_residual_y_hi,picard_ctrunc_raw_residual_x_lo,picard_ctrunc_raw_residual_x_hi,picard_ctrunc_raw_residual_y_lo,picard_ctrunc_raw_residual_y_hi,cutoff_polynomial_difference_x_width,cutoff_polynomial_difference_y_width,post_cutoff_residual_x_lo,post_cutoff_residual_x_hi,post_cutoff_residual_y_lo,post_cutoff_residual_y_hi,target_check_width_x,target_check_width_y,target_check_width_sum,ordinary_step_remainder_width_x,ordinary_step_remainder_width_y,ordinary_step_remainder_width_sum,right_map_range_width_x,right_map_range_width_y,right_map_range_width_sum,reset_width_x,reset_width_y,reset_width_sum,output_range_width_x,output_range_width_y,output_range_width_sum,final_segment_width_x,final_segment_width_y,final_segment_width_sum,output_only_symbolic_width_x,output_only_symbolic_width_y,output_only_symbolic_width_sum,queue_size,j_count,phi_l_count,tmv_pre_range_width_x,tmv_pre_range_width_y,tmv_pre_range_width_sum,tmv_right_range_width_x,tmv_right_range_width_y,tmv_right_range_width_sum,tmv_right_normal_range_width_x,tmv_right_normal_range_width_y,tmv_right_normal_range_width_sum,endpoint_pre_center_width_x,endpoint_pre_center_width_y,endpoint_pre_center_width_sum,center_x,center_y,scale_x,scale_y,inv_scale_x,inv_scale_y,new_x0_width_x,new_x0_width_y,new_x0_width_sum,target_remainder_width_x,target_remainder_width_y,target_remainder_width_sum,picard_no_remainder_residual_width_x,picard_no_remainder_residual_width_y,picard_no_remainder_residual_width_sum,picard_ctrunc_normal_residual_width_x,picard_ctrunc_normal_residual_width_y,picard_ctrunc_normal_residual_width_sum,cutoff_polynomial_difference_width_x,cutoff_polynomial_difference_width_y,cutoff_polynomial_difference_width_sum,symbolic_J_size,symbolic_Phi_L_size,scalar_x,scalar_y,symbolic_J_width_x,symbolic_J_width_y,symbolic_J_width_sum,symbolic_propagated_width_x,symbolic_propagated_width_y,symbolic_propagated_width_sum,final_flowpipe_width_x,final_flowpipe_width_y,final_flowpipe_width_sum,residual_width_x,residual_width_y,residual_width_sum,target_remainder_lo_x,target_remainder_hi_x,target_remainder_lo_y,target_remainder_hi_y,picard_ctrunc_normal_residual_lo_x,picard_ctrunc_normal_residual_hi_x,picard_ctrunc_normal_residual_lo_y,picard_ctrunc_normal_residual_hi_y,residual_lo_x,residual_hi_x,residual_lo_y,residual_hi_y,residual_over_target_x,residual_over_target_y,residual_over_target_sum
torch_noqueue,torch,torch_noqueue,0,0,0,1,1,9.9999999999999998e-13,0.012500000000000001,0.012500000000000001,0.012500000001000001,0.012500000000000001,true,false,accepted,,,true,1.1000000000000001,1.3999999999999999,2.3500000000000001,2.4500000000000002,1.1292443288552618,1.4303354351798638,2.3026789073774729,2.429308764343348,seg.final_tm.range_box,physical_endpoint_after_tau_substitution_tau_dropped,false,false,false,true,TMVector.range_box on seg.final_tm after substitute_const(tau=h).drop_variable(tau),4,2.0000000000000008e-12,2.0000000000000008e-12,4.0000000000000015e-12,2.9335086405245899e-06,3.4447735634822518e-05,3.7381244275347108e-05,"diagnostic label: endpoint_box_before_center is the accepted final segment range, not the normalized-insertion inserted_endpoint/right_map range",1.2797919132276852,2.3663121508291822,0.15054758437242199,0.063633243451705263,1.1292443288552625,1.4303394976001078,2.3026789073774756,2.4299453942808888,-0.0001,0.0001,-0.0001,0.0001,-1.3885884425371503e-06,1.5449181979874387e-06,-1.6647234026490307e-05,1.7800499608332199e-05,,,,,2.0000000000000008e-12,2.0000000000000008e-12,-1.3885894425371503e-06,1.5449191979874389e-06,-1.664723502649031e-05,1.7800500608332202e-05,0.00020000000000000001,0.00020000000000000001,0.00040000000000000002,2.9335066405245894e-06,3.4447733634822513e-05,3.7381240275347104e-05,0.30109110632459951,0.1266298569658674,0.42772096329046694,0.30109516874484538,0.12726648690341327,0.42836165564825868,0.30109110632460206,0.12662985696587506,0.42772096329047715,0.30109110632460206,0.12662985696587506,0.42772096329047715,,,,0,0,,0.33163720614693598,0.16205923048183471,0.49369643662877072,0.30109110632459951,0.1266298569658674,0.42772096329046694,0.30109110632459951,0.1266298569658674,0.42772096329046694,0.30109110632459951,0.1266298569658674,0.42772096329046694,1.2797919132276852,2.3663121508291822,0.15054758437242199,0.063633243451705263,6.6424181043398036,15.715056246644956,0.30109516874484538,0.12726648690341327,0.42836165564825868,0.00020000000000000001,0.00020000000000000001,0.00040000000000000002,2.9335066405245894e-06,3.4447733634822513e-05,3.7381240275347104e-05,2.9335086405245899e-06,3.4447735634822518e-05,3.7381244275347108e-05,2.0000000000000008e-12,2.0000000000000008e-12,4.0000000000000015e-12,0,,6.6424181043398036,15.715056246644956,0,0,0,0,0,0,0.30109110632460206,0.12662985696587506,0.42772096329047715,2.9335066405245894e-06,3.4447733634822513e-05,3.7381240275347104e-05,-0.0001,0.0001,-0.0001,0.0001,-1.3885894425371503e-06,1.5449191979874389e-06,-1.664723502649031e-05,1.7800500608332202e-05,-1.3885884425371503e-06,1.5449181979874387e-06,-1.6647234026490307e-05,1.7800499608332199e-05,0.014667533202622946,0.17223866817411254,0.093453100688367749
torch_noqueue,torch,torch_noqueue,1,1,1,1,1,0.012500000001000001,0.013750000000000002,0.013750000000000002,0.026250000001000001,0.013750000000000002,true,false,accepted,,,true,1.1292443288552625,1.4303394976001078,2.3026789073774756,2.4299453942808888,1.1607316977219626,1.4633807102516045,2.2479073454969427,2.4045376210665812,seg.final_tm.range_box,physical_endpoint_after_tau_substitution_tau_dropped,false,false,false,true,TMVector.range_box on seg.final_tm after substitute_const(tau=h).drop_variable(tau),4,2.0000000000000008e-12,2.0000000000000008e-12,4.0000000000000015e-12,3.3971493085045121e-06,4.1586050124644328e-05,4.4983199433148841e-05,"diagnostic label: endpoint_box_before_center is the accepted final segment range, not the normalized-insertion inserted_endpoint/right_map range",1.3120586303812756,2.3265670297225745,0.15096668105532227,0.078392931601956636,1.1610919493259526,1.4630253114365985,2.2481740981206166,2.4049599613245323,-0.0001,0.0001,-0.0001,0.0001,-1.5900436887641615e-06,1.8071036197403501e-06,-2.0087630478248798e-05,2.1498417646395522e-05,,,,,2.0000000000000008e-12,2.0000000000000008e-12,-1.5900446887641615e-06,1.8071046197403502e-06,-2.00876314782488e-05,2.1498418646395521e-05,0.00020000000000000001,0.00020000000000000001,0.00040000000000000002,3.397147308504512e-06,4.1586048124644323e-05,4.4983195433148837e-05,0.30191624879426632,0.15554247724605844,0.45745872604032478,0.30193336211064598,0.15678586320391566,0.45871922531456166,0.30264901252964199,0.15663027556963852,0.45927928809928054,0.30264901252964199,0.15663027556963852,0.45927928809928054,,,,0,0,,0.3358744500022513,0.19912308334223286,0.53499753334448419,0.30191624879426632,0.15554247724605844,0.45745872604032478,0.30191624879426632,0.15554247724605844,0.45745872604032478,0.30191624879426632,0.15554247724605844,0.45745872604032478,1.3120586303812756,2.3265670297225745,0.15096668105532227,0.078392931601956636,6.6239781719354784,12.756252120759324,0.30193336211064598,0.15678586320391566,0.45871922531456166,0.00020000000000000001,0.00020000000000000001,0.00040000000000000002,3.397147308504512e-06,4.1586048124644323e-05,4.4983195433148837e-05,3.3971493085045121e-06,4.1586050124644328e-05,4.4983199433148841e-05,2.0000000000000008e-12,2.0000000000000008e-12,4.0000000000000015e-12,0,,6.6239781719354784,12.756252120759324,0,0,0,0,0,0,0.30264901252964199,0.15663027556963852,0.45927928809928054,3.397147308504512e-06,4.1586048124644323e-05,4.4983195433148837e-05,-0.0001,0.0001,-0.0001,0.0001,-1.5900446887641615e-06,1.8071046197403502e-06,-2.00876314782488e-05,2.1498418646395521e-05,-1.5900436887641615e-06,1.8071036197403501e-06,-2.0087630478248798e-05,2.1498417646395522e-05,0.016985736542522559,0.2079302406232216,0.11245798858287209
torch_noqueue,torch,torch_noqueue,2,2,2,1,1,0.026250000001000001,0.015125000000000003,0.015125000000000003,0.041375000001000001,0.015125000000000003,true,false,accepted,,,true,1.1610919493259526,1.4630253114365985,2.2481740981206166,2.4049599613245323,1.1948634002122145,1.4989261954952866,2.1848507928011274,2.3738375648064718,seg.final_tm.range_box,physical_endpoint_after_tau_substitution_tau_dropped,false,false,false,true,TMVector.range_box on seg.final_tm after substitute_const(tau=h).drop_variable(tau),4,2.0000000000000008e-12,2.0000000000000008e-12,4.0000000000000015e-12,3.9743068668570528e-06,5.0777330615829837e-05,5.4751637482686889e-05,"diagnostic label: endpoint_box_before_center is the accepted final segment range, not the normalized-insertion inserted_endpoint/right_map range",1.3468976803367751,2.2797148713775304,0.15120410702286768,0.094236113470424918,1.1956935733139067,1.4981017873596436,2.185478757907104,2.3739509848479567,-0.0001,0.0001,-0.0001,0.0001,-1.8370813437554834e-06,2.1372235231015685e-06,-2.4548752383503196e-05,2.6228576232326635e-05,,,,,2.0000000000000008e-12,2.0000000000000008e-12,-1.8370823437554837e-06,2.1372245231015687e-06,-2.4548753383503195e-05,2.6228577232326635e-05,0.00020000000000000001,0.00020000000000000001,0.00040000000000000002,3.9743048668570524e-06,5.0777328615829838e-05,5.4751633482686892e-05,0.30236797767836032,0.18668234971896813,0.48905032739732845,0.30240821404573698,0.18847222694085278,0.49088044098658978,0.30406279528307217,0.18898677200534444,0.49304956728841665,0.30406279528307217,0.18898677200534444,0.49304956728841665,,,,0,0,,0.3401215272451264,0.24011238867760823,0.58023391592273466,0.30236797767836032,0.18668234971896813,0.48905032739732845,0.30236797767836032,0.18668234971896813,0.48905032739732845,0.30236797767836032,0.18668234971896813,0.48905032739732845,1.3468976803367751,2.2797148713775304,0.15120410702286768,0.094236113470424918,6.6135769701596985,10.611643065201752,0.30240821404573698,0.18847222694085278,0.49088044098658978,0.00020000000000000001,0.00020000000000000001,0.00040000000000000002,3.9743048668570524e-06,5.0777328615829838e-05,5.4751633482686892e-05,3.9743068668570528e-06,5.0777330615829837e-05,5.4751637482686889e-05,2.0000000000000008e-12,2.0000000000000008e-12,4.0000000000000015e-12,0,,6.6135769701596985,10.611643065201752,0,0,0,0,0,0,0.30406279528307217,0.18898677200534444,0.49304956728841665,3.9743048668570524e-06,5.0777328615829838e-05,5.4751633482686892e-05,-0.0001,0.0001,-0.0001,0.0001,-1.8370823437554837e-06,2.1372245231015687e-06,-2.4548753383503195e-05,2.6228577232326635e-05,-1.8370813437554834e-06,2.1372235231015685e-06,-2.4548752383503196e-05,2.6228576232326635e-05,0.019871524334285261,0.25388664307914915,0.13687908370671723
torch_noqueue,torch,torch_noqueue,3,3,3,1,1,0.041375000001000001,0.016637500000000003,0.016637500000000003,0.058012500001,0.016637500000000003,true,false,accepted,,,true,1.1956935733139067,1.4981017873596436,2.185478757907104,2.3739509848479567,1.2317466855472665,1.5369921347048541,2.1124147636376192,2.3359415844186859,seg.final_tm.range_box,physical_endpoint_after_tau_substitution_tau_dropped,false,false,false,true,TMVector.range_box on seg.final_tm after substitute_const(tau=h).drop_variable(tau),4,2.0000000000000008e-12,2.0000000000000008e-12,4.0000000000000015e-12,4.6977319241406584e-06,6.2983325519649732e-05,6.7681057443790384e-05,"diagnostic label: endpoint_box_before_center is the accepted final segment range, not the normalized-insertion inserted_endpoint/right_map range",1.3843728106844229,2.2245740045876219,0.15119395650069015,0.11105310238011563,1.2331788541837321,1.5355667671851136,2.113520902207505,2.3356271069677388,-0.0001,0.0001,-0.0001,0.0001,-2.1426084396571352e-06,2.5551214844835215e-06,-3.0528976511769812e-05,3.2454347007879873e-05,,,,,2.0000000000000008e-12,2.0000000000000008e-12,-2.1426094396571354e-06,2.5551224844835217e-06,-3.0528977511769828e-05,3.245434800787989e-05,0.00020000000000000001,0.00020000000000000001,0.00040000000000000002,4.6977299241406579e-06,6.2983323519649699e-05,6.7681053443790359e-05,0.30231391682302916,0.21986916277751503,0.52218307960054422,0.30238791300138163,0.22210620476023382,0.52449411776161547,0.30524544915758761,0.22352682078106681,0.52877226993865445,0.30524544915758761,0.22352682078106681,0.52877226993865445,,,,0,0,,0.34427204264324957,0.28510360609335056,0.62937564873660012,0.30231391682302916,0.21986916277751503,0.52218307960054422,0.30231391682302916,0.21986916277751503,0.52218307960054422,0.30231391682302916,0.21986916277751503,0.52218307960054422,1.3843728106844229,2.2245740045876219,0.15119395650069015,0.11105310238011563,6.6140209777196706,9.0047011615863948,0.30238791300138163,0.22210620476023382,0.52449411776161547,0.00020000000000000001,0.00020000000000000001,0.00040000000000000002,4.6977299241406579e-06,6.2983323519649699e-05,6.7681053443790359e-05,4.6977319241406584e-06,6.2983325519649732e-05,6.7681057443790384e-05,2.0000000000000008e-12,2.0000000000000008e-12,4.0000000000000015e-12,0,,6.6140209777196706,9.0047011615863948,0,0,0,0,0,0,0.30524544915758761,0.22352682078106681,0.52877226993865445,4.6977299241406579e-06,6.2983323519649699e-05,6.7681053443790359e-05,-0.0001,0.0001,-0.0001,0.0001,-2.1426094396571354e-06,2.5551224844835217e-06,-3.0528977511769828e-05,3.245434800787989e-05,-2.1426084396571352e-06,2.5551214844835215e-06,-3.0528976511769812e-05,3.2454347007879873e-05,0.023488649620703288,0.31491661759824846,0.16920263360947588
torch_noqueue,torch,torch_noqueue,4,4,4,1,1,0.058012500001,0.018301250000000005,0.018301250000000005,0.076313750001000005,0.018301250000000005,true,false,accepted,,,true,1.2331788541837321,1.5355667671851136,2.113520902207505,2.3356271069677388,1.2714528176632232,1.5775376740074059,2.0294744224055856,2.2893748153510707,seg.final_tm.range_box,physical_endpoint_after_tau_substitution_tau_dropped,false,false,false,true,TMVector.range_box on seg.final_tm after substitute_const(tau=h).drop_variable(tau),4,2.0000000000000008e-12,2.0000000000000008e-12,4.0000000000000015e-12,5.6064783443084291e-06,7.9130121510094829e-05,8.4736599854403261e-05,"diagnostic label: endpoint_box_before_center is the accepted final segment range, not the normalized-insertion inserted_endpoint/right_map range",1.424499222879595,2.1598433735136293,0.15085595334432961,0.12864342372196089,1.2736432695352646,1.5753551762239253,2.0311999497916671,2.2884867972355916,-0.0001,0.0001,-0.0001,0.0001,-2.5221689089878726e-06,3.0843074353205544e-06,-3.852177583518032e-05,4.0608343674914477e-05,,,,,2.0000000000000008e-12,2.0000000000000008e-12,-2.5221699089878728e-06,3.084308435320555e-06,-3.8521776835180322e-05,4.0608344674914493e-05,0.00020000000000000001,0.00020000000000000001,0.00040000000000000002,5.6064763443084278e-06,7.913011951009481e-05,8.4736595854403236e-05,0.30159387123666309,0.25475018385111065,0.55634405508777374,0.30171190668866071,0.25728684744392455,0.55899875413258526,0.30608485634418275,0.25990039294548511,0.56598524928966787,0.30608485634418275,0.25990039294548511,0.56598524928966787,,,,0,0,,0.34818287855306035,0.33407723691769103,0.68226011547075138,0.30159387123666309,0.25475018385111065,0.55634405508777374,0.30159387123666309,0.25475018385111065,0.55634405508777374,0.30159387123666309,0.25475018385111065,0.55634405508777374,1.424499222879595,2.1598433735136293,0.15085595334432961,0.12864342372196089,6.6288401473788312,7.7734249530027757,0.30171190668866071,0.25728684744392455,0.55899875413258526,0.00020000000000000001,0.00020000000000000001,0.00040000000000000002,5.6064763443084278e-06,7.913011951009481e-05,8.4736595854403236e-05,5.6064783443084291e-06,7.9130121510094829e-05,8.4736599854403261e-05,2.0000000000000008e-12,2.0000000000000008e-12,4.0000000000000015e-12,0,,6.6288401473788312,7.7734249530027757,0,0,0,0,0,0,0.30608485634418275,0.25990039294548511,0.56598524928966787,5.6064763443084278e-06,7.913011951009481e-05,8.4736595854403236e-05,-0.0001,0.0001,-0.0001,0.0001,-2.5221699089878728e-06,3.084308435320555e-06,-3.8521776835180322e-05,4.0608344674914493e-05,-2.5221689089878726e-06,3.0843074353205544e-06,-3.852177583518032e-05,4.0608343674914477e-05,0.028032381721542137,0.39565059755047405,0.21184148963600807
torch_noqueue,torch,torch_noqueue,5,5,5,1,1,0.076313750001000005,0.020131375000000007,0.020131375000000007,0.096445125001000012,0.020131375000000007,true,false,accepted,,,true,1.2736432695352646,1.5753551762239253,2.0311999497916671,2.2884867972355916,1.3140013044835914,1.6204400313827958,1.9349349726594032,2.2324564798607822,seg.final_tm.range_box,physical_endpoint_after_tau_substitution_tau_dropped,false,false,false,true,TMVector.range_box on seg.final_tm after substitute_const(tau=h).drop_variable(tau),4,2.0000000000000008e-12,2.0000000000000008e-12,4.0000000000000015e-12,6.7436104946789099e-06,0.00010044560133797656,0.00010718921183265547,"diagnostic label: endpoint_box_before_center is the accepted final segment range, not the normalized-insertion inserted_endpoint/right_map range",1.4672252693993606,2.0841336975167346,0.15009429300364996,0.14668885516017466,1.31713097639571,1.6173195624030112,1.9374448423565591,2.2308225526769108,-0.0001,0.0001,-0.0001,0.0001,-2.9932164127032938e-06,3.7503920819756156e-06,-4.9188186196845076e-05,5.1257413141131441e-05,,,,,2.0000000000000008e-12,2.0000000000000008e-12,-2.9932174127032936e-06,3.7503930819756154e-06,-4.9188187196845092e-05,5.125741414113145e-05,0.00020000000000000001,0.00020000000000000001,0.00040000000000000002,6.7436084946789103e-06,0.00010044559933797654,0.00010718920783265544,0.30001805645758034,0.29074562775186136,0.5907636842094417,0.30018858600730131,0.2933777103203517,0.59356629632765301,0.30643872689920443,0.2975215072013791,0.60396023410058353,0.30643872689920443,0.2975215072013791,0.60396023410058353,,,,0,0,,0.35166534419745005,0.38679058221323653,0.73845592641068658,0.30001805645758034,0.29074562775186136,0.5907636842094417,0.30001805645758034,0.29074562775186136,0.5907636842094417,0.30001805645758034,0.29074562775186136,0.5907636842094417,1.4672252693993606,2.0841336975167346,0.15009429300364996,0.14668885516017466,6.6624784992703372,6.8171504843231974,0.30018858600730131,0.2933777103203517,0.59356629632765301,0.00020000000000000001,0.00020000000000000001,0.00040000000000000002,6.7436084946789103e-06,0.00010044559933797654,0.00010718920783265544,6.7436104946789099e-06,0.00010044560133797656,0.00010718921183265547,2.0000000000000008e-12,2.0000000000000008e-12,4.0000000000000015e-12,0,,6.6624784992703372,6.8171504843231974,0,0,0,0,0,0,0.30643872689920443,0.2975215072013791,0.60396023410058353,6.7436084946789103e-06,0.00010044559933797654,0.00010718920783265544,-0.0001,0.0001,-0.0001,0.0001,-2.9932174127032936e-06,3.7503930819756154e-06,-4.9188187196845092e-05,5.125741414113145e-05,-2.9932164127032938e-06,3.7503920819756156e-06,-4.9188186196845076e-05,5.1257413141131441e-05,0.033718042473394549,0.50222799668988272,0.26797301958163861
torch_noqueue,torch,torch_noqueue,6,6,6,1,1,0.096445125001000012,0.011072256250000004,0.011072256250000004,0.10751738125100002,0.011072256250000004,true,false,accepted,,,true,1.31713097639571,1.6173195624030112,1.9374448423565591,2.2308225526769108,1.3384110215394902,1.6417098760344759,1.8829786465576182,2.1978702401219774,seg.final_tm.range_box,physical_endpoint_after_tau_substitution_tau_dropped,false,false,false,true,TMVector.range_box on seg.final_tm after substitute_const(tau=h).drop_variable(tau),4,2.0000000000000008e-12,2.0000000000000008e-12,4.0000000000000015e-12,2.8346991428904156e-06,3.785460028171904e-05,4.0689299424609459e-05,"diagnostic label: endpoint_box_before_center is the accepted final segment range, not the normalized-insertion inserted_endpoint/right_map range",1.490061825575671,2.040667357988057,0.14950457872106673,0.15594794318839456,1.3405572468546036,1.6395664042967384,1.8847194147996615,2.1966153011764531,-0.0001,0.0001,-0.0001,0.0001,-1.3551193473215535e-06,1.4795777955688618e-06,-1.8722758176741019e-05,1.9131840104978009e-05,,,,,2.0000000000000008e-12,2.0000000000000008e-12,-1.3551203473215536e-06,1.4795787955688619e-06,-1.8722759176741022e-05,1.9131841104978008e-05,0.00020000000000000001,0.00020000000000000001,0.00040000000000000002,2.834697142890416e-06,3.7854598281719034e-05,4.0689295424609448e-05,0.29880968120219559,0.30931279243965748,0.60812247364185312,0.2990091574421348,0.31189588637679161,0.61090504381892641,0.30329885449498578,0.31489159356435931,0.61819044805934509,0.30329885449498578,0.31489159356435931,0.61819044805934509,,,,0,0,,0.32691942180554651,0.36680928813366537,0.69372870993921187,0.29880968120219559,0.30931279243965748,0.60812247364185312,0.29880968120219559,0.30931279243965748,0.60812247364185312,0.29880968120219559,0.30931279243965748,0.60812247364185312,1.490061825575671,2.040667357988057,0.14950457872106673,0.15594794318839456,6.6887583547907061,6.4123962109069916,0.2990091574421348,0.31189588637679161,0.61090504381892641,0.00020000000000000001,0.00020000000000000001,0.00040000000000000002,2.834697142890416e-06,3.7854598281719034e-05,4.0689295424609448e-05,2.8346991428904156e-06,3.785460028171904e-05,4.0689299424609459e-05,2.0000000000000008e-12,2.0000000000000008e-12,4.0000000000000015e-12,0,,6.6887583547907061,6.4123962109069916,0,0,0,0,0,0,0.30329885449498578,0.31489159356435931,0.61819044805934509,2.834697142890416e-06,3.7854598281719034e-05,4.0689295424609448e-05,-0.0001,0.0001,-0.0001,0.0001,-1.3551203473215536e-06,1.4795787955688619e-06,-1.8722759176741022e-05,1.9131841104978008e-05,-1.3551193473215535e-06,1.4795777955688618e-06,-1.8722758176741019e-05,1.9131840104978009e-05,0.014173485714452079,0.18927299140859516,0.10172323856152361
torch_noqueue,torch,torch_noqueue,7,7,7,1,1,0.10751738125100002,0.012179481875000005,0.012179481875000005,0.11969686312600003,0.012179481875000005,true,false,accepted,,,true,1.3405572468546036,1.6395664042967384,1.8847194147996615,2.1966153011764531,1.3632966779385685,1.6659362193304199,1.8238243358747344,2.1586609041126996,seg.final_tm.range_box,physical_endpoint_after_tau_substitution_tau_dropped,false,false,false,true,TMVector.range_box on seg.final_tm after substitute_const(tau=h).drop_variable(tau),4,2.0000000000000008e-12,2.0000000000000008e-12,4.0000000000000015e-12,3.2416478294055579e-06,4.4917396188020118e-05,4.8159044017425675e-05,"diagnostic label: endpoint_box_before_center is the accepted final segment range, not the normalized-insertion inserted_endpoint/right_map range",1.5146180580420914,1.9914999965609848,0.14871947523320547,0.16555030063481982,1.3658985828088852,1.6633375332752975,1.8259496959261643,2.1570502971958057,-0.0001,0.0001,-0.0001,0.0001,-1.5387038780026445e-06,1.7029419514029125e-06,-2.2237241335628789e-05,2.2680152852391321e-05,,,,,2.0000000000000008e-12,2.0000000000000008e-12,-1.5387048780026447e-06,1.7029429514029127e-06,-2.2237242335628792e-05,2.2680153852391323e-05,0.00020000000000000001,0.00020000000000000001,0.00040000000000000002,3.2416458294055574e-06,4.4917394188020113e-05,4.815904001742567e-05,0.29720874272366121,0.32865254983642306,0.62586129256008427,0.29743895046641239,0.33110060126964141,0.6285395517360538,0.30263954139185151,0.33483656823796532,0.63747610962981682,0.30263954139185151,0.33483656823796532,0.63747610962981682,,,,0,0,,0.328164729964672,0.3945256409628824,0.72269037092755439,0.29720874272366121,0.32865254983642306,0.62586129256008427,0.29720874272366121,0.32865254983642306,0.62586129256008427,0.29720874272366121,0.32865254983642306,0.62586129256008427,1.5146180580420914,1.9914999965609848,0.14871947523320547,0.16555030063481982,6.7240689118349186,6.0404601874197521,0.29743895046641239,0.33110060126964141,0.6285395517360538,0.00020000000000000001,0.00020000000000000001,0.00040000000000000002,3.2416458294055574e-06,4.4917394188020113e-05,4.815904001742567e-05,3.2416478294055579e-06,4.4917396188020118e-05,4.8159044017425675e-05,2.0000000000000008e-12,2.0000000000000008e-12,4.0000000000000015e-12,0,,6.7240689118349186,6.0404601874197521,0,0,0,0,0,0,0.30263954139185151,0.33483656823796532,0.63747610962981682,3.2416458294055574e-06,4.4917394188020113e-05,4.815904001742567e-05,-0.0001,0.0001,-0.0001,0.0001,-1.5387048780026447e-06,1.7029429514029127e-06,-2.2237242335628792e-05,2.2680153852391323e-05,-1.5387038780026445e-06,1.7029419514029125e-06,-2.2237241335628789e-05,2.2680152852391321e-05,0.016208229147027787,0.22458697094010055,0.12039760004356417
torch_noqueue,torch,torch_noqueue,8,8,8,1,1,0.11969686312600003,0.013397430062500007,0.013397430062500007,0.13309429318850002,0.013397430062500007,true,false,accepted,,,true,1.3658985828088852,1.6633375332752975,1.8259496959261643,2.1570502971958057,1.3900916467205271,1.691761477299486,1.7579774955388063,2.1133388956158639,seg.final_tm.range_box,physical_endpoint_after_tau_substitution_tau_dropped,false,false,false,true,TMVector.range_box on seg.final_tm after substitute_const(tau=h).drop_variable(tau),4,2.0000000000000008e-12,2.0000000000000008e-12,4.0000000000000015e-12,3.721187890052779e-06,5.3637091594697547e-05,5.7358279484750327e-05,"diagnostic label: endpoint_box_before_center is the accepted final segment range, not the normalized-insertion inserted_endpoint/right_map range",1.540928430877704,1.9359289917564979,0.14769514643942611,0.17536950156760825,1.3932332844382773,1.6886235773171308,1.760559490188889,2.1112984933241075,-0.0001,0.0001,-0.0001,0.0001,-1.7529506944235851e-06,1.9682351956291929e-06,-2.6593344199372391e-05,2.7043745395325153e-05,,,,,2.0000000000000008e-12,2.0000000000000008e-12,-1.7529516944235852e-06,1.9682361956291932e-06,-2.6593345199372391e-05,2.7043746395325153e-05,0.00020000000000000001,0.00020000000000000001,0.00040000000000000002,3.7211858900527785e-06,5.3637089594697555e-05,5.7358275484750336e-05,0.29512879963892985,0.34853343212470062,0.64366223176363047,0.29539029287885349,0.3507390031352185,0.64612929601407199,0.30166983057895896,0.35536140007705758,0.65703123065601654,0.30166983057895896,0.35536140007705758,0.65703123065601654,,,,0,0,,0.32917700897055907,0.42403048146466432,0.75320749043522339,0.29512879963892985,0.34853343212470062,0.64366223176363047,0.29512879963892985,0.34853343212470062,0.64366223176363047,0.29512879963892985,0.34853343212470062,0.64366223176363047,1.540928430877704,1.9359289917564979,0.14769514643942611,0.17536950156760825,6.7707031957893609,5.7022457785482228,0.29539029287885349,0.3507390031352185,0.64612929601407199,0.00020000000000000001,0.00020000000000000001,0.00040000000000000002,3.7211858900527785e-06,5.3637089594697555e-05,5.7358275484750336e-05,3.721187890052779e-06,5.3637091594697547e-05,5.7358279484750327e-05,2.0000000000000008e-12,2.0000000000000008e-12,4.0000000000000015e-12,0,,6.7707031957893609,5.7022457785482228,0,0,0,0,0,0,0.30166983057895896,0.35536140007705758,0.65703123065601654,3.7211858900527785e-06,5.3637089594697555e-05,5.7358275484750336e-05,-0.0001,0.0001,-0.0001,0.0001,-1.7529516944235852e-06,1.9682361956291932e-06,-2.6593345199372391e-05,2.7043746395325153e-05,-1.7529506944235851e-06,1.9682351956291929e-06,-2.6593344199372391e-05,2.7043745395325153e-05,0.018605929450263892,0.26818544797348776,0.14339568871187583
torch_noqueue,torch,torch_noqueue,9,9,9,1,1,0.13309429318850002,0.014737173068750008,0.014737173068750008,0.14783146625725002,0.014737173068750008,true,false,accepted,,,true,1.3932332844382773,1.6886235773171308,1.760559490188889,2.1112984933241075,1.4188411838626169,1.719151121094231,1.6848617754361273,2.0609924748512176,seg.final_tm.range_box,physical_endpoint_after_tau_substitution_tau_dropped,false,false,false,true,TMVector.range_box on seg.final_tm after substitute_const(tau=h).drop_variable(tau),4,2.0000000000000008e-12,2.0000000000000008e-12,4.0000000000000015e-12,4.3255126260998849e-06,6.4419287418904494e-05,6.8744800045004385e-05,"diagnostic label: endpoint_box_before_center is the accepted final segment range, not the normalized-insertion inserted_endpoint/right_map range",1.5689983055153303,1.8732096849108246,0.14638063133081719,0.18523034396055943,1.4226176741845125,1.7153789368461481,1.6879793409502646,2.0584400288713853,-0.0001,0.0001,-0.0001,0.0001,-2.0228651182993838e-06,2.3026455078004997e-06,-3.2003398472829946e-05,3.2415886946074515e-05,,,,,2.0000000000000008e-12,2.0000000000000008e-12,-2.0228661182993841e-06,2.3026465078004999e-06,-3.2003399472829956e-05,3.2415887946074525e-05,0.00020000000000000001,0.00020000000000000001,0.00040000000000000002,4.3255106260998844e-06,6.4419285418904475e-05,6.874479604500436e-05,0.29246988695781023,0.36862835417806478,0.66109824113587501,0.29276126266163566,0.3704606879211208,0.66322195058275646,0.30030993723161409,0.37613069941509042,0.67644063664670451,0.30030993723161409,0.37613069941509042,0.67644063664670451,,,,0,0,,0.32985634657255286,0.45514553700985433,0.78500188358240719,0.29246988695781023,0.36862835417806478,0.66109824113587501,0.29246988695781023,0.36862835417806478,0.66109824113587501,0.29246988695781023,0.36862835417806478,0.66109824113587501,1.5689983055153303,1.8732096849108246,0.14638063133081719,0.18523034396055943,6.8315048986229661,5.3986834911504955,0.29276126266163566,0.3704606879211208,0.66322195058275646,0.00020000000000000001,0.00020000000000000001,0.00040000000000000002,4.3255106260998844e-06,6.4419285418904475e-05,6.874479604500436e-05,4.3255126260998849e-06,6.4419287418904494e-05,6.8744800045004385e-05,2.0000000000000008e-12,2.0000000000000008e-12,4.0000000000000015e-12,0,,6.8315048986229661,5.3986834911504955,0,0,0,0,0,0,0.30030993723161409,0.37613069941509042,0.67644063664670451,4.3255106260998844e-06,6.4419285418904475e-05,6.874479604500436e-05,-0.0001,0.0001,-0.0001,0.0001,-2.0228661182993841e-06,2.3026465078004999e-06,-3.2003399472829956e-05,3.2415887946074525e-05,-2.0228651182993838e-06,2.3026455078004997e-06,-3.2003398472829946e-05,3.2415886946074515e-05,0.021627553130499421,0.32209642709452235,0.17186199011251088
torch_noqueue,torch,torch_noqueue,10,10,10,1,1,0.14783146625725002,0.016210890375625009,0.016210890375625009,0.16404235663287503,0.016210890375625009,true,false,accepted,,,true,1.4226176741845125,1.7153789368461481,1.6879793409502646,2.0584400288713853,1.4495596533854764,1.7480240284718165,1.6039390478089497,2.0006281767578669,seg.final_tm.range_box,physical_endpoint_after_tau_substitution_tau_dropped,false,false,false,true,TMVector.range_box on seg.final_tm after substitute_const(tau=h).drop_variable(tau),4,2.0000000000000008e-12,2.0000000000000008e-12,4.0000000000000015e-12,5.0746046068893749e-06,7.7732890269324197e-05,8.2807494876213571e-05,"diagnostic label: endpoint_box_before_center is the accepted final segment range, not the normalized-insertion inserted_endpoint/right_map range",1.5987942980963161,1.8025755663876253,0.14471762879001704,0.19489892852389293,1.4540766693062983,1.7435119268863339,1.6076766378637317,1.9974744949115188,-0.0001,0.0001,-0.0001,0.0001,-2.3574857129755945e-06,2.7171168939137791e-06,-3.8714214553103937e-05,3.9018673716220227e-05,,,,,2.0000000000000008e-12,2.0000000000000008e-12,-2.3574867129755947e-06,2.7171178939137794e-06,-3.871421555310394e-05,3.9018674716220244e-05,0.00020000000000000001,0.00020000000000000001,0.00040000000000000002,5.0746026068893744e-06,7.7732888269324178e-05,8.2807490876213546e-05,0.28911832112518121,0.38849354927589652,0.67761187040107773,0.28943525758003569,0.38979785704778719,0.67923311462782288,0.29846437508634011,0.39668912894891722,0.69515350403525733,0.29846437508634011,0.39668912894891722,0.69515350403525733,,,,0,0,,0.33007868563776049,0.48755411433114754,0.81763279996890803,0.28911832112518121,0.38849354927589652,0.67761187040107773,0.28911832112518121,0.38849354927589652,0.67761187040107773,0.28911832112518121,0.38849354927589652,0.67761187040107773,1.5987942980963161,1.8025755663876253,0.14471762879001704,0.19489892852389293,6.9100081887810916,5.1308645336005974,0.28943525758003569,0.38979785704778719,0.67923311462782288,0.00020000000000000001,0.00020000000000000001,0.00040000000000000002,5.0746026068893744e-06,7.7732888269324178e-05,8.2807490876213546e-05,5.0746046068893749e-06,7.7732890269324197e-05,8.2807494876213571e-05,2.0000000000000008e-12,2.0000000000000008e-12,4.0000000000000015e-12,0,,6.9100081887810916,5.1308645336005974,0,0,0,0,0,0,0.29846437508634011,0.39668912894891722,0.69515350403525733,5.0746026068893744e-06,7.7732888269324178e-05,8.2807490876213546e-05,-0.0001,0.0001,-0.0001,0.0001,-2.3574867129755947e-06,2.7171178939137794e-06,-3.871421555310394e-05,3.9018674716220244e-05,-2.3574857129755945e-06,2.7171168939137791e-06,-3.8714214553103937e-05,3.9018673716220227e-05,0.025373013034446872,0.38866444134662087,0.20701872719053385
torch_noqueue,torch,torch_noqueue,11,11,11,1,1,0.16404235663287503,0.01783197941318751,0.01783197941318751,0.18187433604606254,0.01783197941318751,true,false,accepted,,,true,1.4540766693062983,1.7435119268863339,1.6076766378637317,1.9974744949115188,1.4822199553131836,1.7782402964648771,1.514751617369243,1.9311920006593344,seg.final_tm.range_box,physical_endpoint_after_tau_substitution_tau_dropped,false,false,false,true,TMVector.range_box on seg.final_tm after substitute_const(tau=h).drop_variable(tau),4,2.0000000000000008e-12,2.0000000000000008e-12,4.0000000000000015e-12,6.0014304279504838e-06,9.4080646601329886e-05,0.00010008207702928037,"diagnostic label: endpoint_box_before_center is the accepted final segment range, not the normalized-insertion inserted_endpoint/right_map range",1.6302328990200183,1.7232699992171989,0.14264085678025107,0.20407401928555935,1.4875920422397666,1.7728737558002701,1.5191959799316388,1.927344018502759,-0.0001,0.0001,-0.0001,0.0001,-2.7727797122963455e-06,3.2286487156541374e-06,-4.6991421312440987e-05,4.7089223288888873e-05,,,,,2.0000000000000008e-12,2.0000000000000008e-12,-2.7727807122963458e-06,3.2286497156541372e-06,-4.6991422312440997e-05,4.7089224288888876e-05,0.00020000000000000001,0.00020000000000000001,0.00040000000000000002,6.0014284279504833e-06,9.4080644601329867e-05,0.00010008207302928034,0.28494768294716172,0.4075492239606891,0.69249690690785082,0.28528171356050352,0.40814803857112031,0.69342975213162383,0.29602034115169357,0.41644038329009142,0.71246072444178499,0.29602034115169357,0.41644038329009142,0.71246072444178499,,,,0,0,,0.3296922086944874,0.52077300839416918,0.85046521708865663,0.28494768294716172,0.4075492239606891,0.69249690690785082,0.28494768294716172,0.4075492239606891,0.69249690690785082,0.28494768294716172,0.4075492239606891,0.69249690690785082,1.6302328990200183,1.7232699992171989,0.14264085678025107,0.20407401928555935,7.0106140875231491,4.9001828037733066,0.28528171356050352,0.40814803857112031,0.69342975213162383,0.00020000000000000001,0.00020000000000000001,0.00040000000000000002,6.0014284279504833e-06,9.4080644601329867e-05,0.00010008207302928034,6.0014304279504838e-06,9.4080646601329886e-05,0.00010008207702928037,2.0000000000000008e-12,2.0000000000000008e-12,4.0000000000000015e-12,0,,7.0106140875231491,4.9001828037733066,0,0,0,0,0,0,0.29602034115169357,0.41644038329009142,0.71246072444178499,6.0014284279504833e-06,9.4080644601329867e-05,0.00010008207302928034,-0.0001,0.0001,-0.0001,0.0001,-2.7727807122963458e-06,3.2286497156541372e-06,-4.6991422312440997e-05,4.7089224288888876e-05,-2.7727797122963455e-06,3.2286487156541374e-06,-4.6991421312440987e-05,4.7089223288888873e-05,0.030007142139752415,0.47040322300664933,0.25020518257320085
torch_noqueue,torch,torch_noqueue,12,12,12,1,1,0.18187433604606254,0.0098075886772531311,0.0098075886772531311,0.19168192472331566,0.0098075886772531311,true,false,accepted,,,true,1.4875920422397666,1.7728737558002701,1.5191959799316388,1.927344018502759,1.5023293602087919,1.7915042979277467,1.4679944071212772,1.8898559351192392,seg.final_tm.range_box,physical_endpoint_after_tau_substitution_tau_dropped,false,false,false,true,TMVector.range_box on seg.final_tm after substitute_const(tau=h).drop_variable(tau),4,2.0000000000000008e-12,2.0000000000000008e-12,4.0000000000000015e-12,2.5378674523094097e-06,3.4184160844444727e-05,3.6722028296754139e-05,"diagnostic label: endpoint_box_before_center is the accepted final segment range, not the normalized-insertion inserted_endpoint/right_map range",1.6469176366575888,1.6790861916846722,0.14139452892255322,0.20845425219637209,1.5055231077350348,1.7883121655801428,1.4706319394882994,1.887540443881045,-0.0001,0.0001,-0.0001,0.0001,-1.2333703830189527e-06,1.3044950692904562e-06,-1.7060192679257849e-05,1.7123966165186865e-05,,,,,2.0000000000000008e-12,2.0000000000000008e-12,-1.233371383018953e-06,1.3044960692904563e-06,-1.7060193679257852e-05,1.7123967165186868e-05,0.00020000000000000001,0.00020000000000000001,0.00040000000000000002,2.5378654523094092e-06,3.4184158844444722e-05,3.6722024296754128e-05,0.28245127336231846,0.41674396405508535,0.69919523741740375,0.28278905784510805,0.41690850439274568,0.69969756223785373,0.28917493771895481,0.42186152799796212,0.71103646571691692,0.28917493771895481,0.42186152799796212,0.71103646571691692,,,,0,0,,0.30654042422587718,0.48034404042339701,0.7868844646492742,0.28245127336231846,0.41674396405508535,0.69919523741740375,0.28245127336231846,0.41674396405508535,0.69919523741740375,0.28245127336231846,0.41674396405508535,0.69919523741740375,1.6469176366575888,1.6790861916846722,0.14139452892255322,0.20845425219637209,7.0724094321056459,4.7972156454643136,0.28278905784510805,0.41690850439274568,0.69969756223785373,0.00020000000000000001,0.00020000000000000001,0.00040000000000000002,2.5378654523094092e-06,3.4184158844444722e-05,3.6722024296754128e-05,2.5378674523094097e-06,3.4184160844444727e-05,3.6722028296754139e-05,2.0000000000000008e-12,2.0000000000000008e-12,4.0000000000000015e-12,0,,7.0724094321056459,4.7972156454643136,0,0,0,0,0,0,0.28917493771895481,0.42186152799796212,0.71103646571691692,2.5378654523094092e-06,3.4184158844444722e-05,3.6722024296754128e-05,-0.0001,0.0001,-0.0001,0.0001,-1.233371383018953e-06,1.3044960692904563e-06,-1.7060193679257852e-05,1.7123967165186868e-05,-1.2333703830189527e-06,1.3044950692904562e-06,-1.7060192679257849e-05,1.7123966165186865e-05,0.012689327261547045,0.17092079422222359,0.091805060741885311
torch_noqueue,torch,torch_noqueue,13,13,13,1,1,0.19168192472331566,0.010788347544978445,0.010788347544978445,0.20247027226829412,0.010788347544978445,true,false,accepted,,,true,1.5055231077350348,1.7883121655801428,1.4706319394882994,1.887540443881045,1.5211903051531708,1.8083446551383462,1.4144018919711394,1.8455186428927626,seg.final_tm.range_box,physical_endpoint_after_tau_substitution_tau_dropped,false,false,false,true,TMVector.range_box on seg.final_tm after substitute_const(tau=h).drop_variable(tau),4,2.0000000000000008e-12,2.0000000000000008e-12,4.0000000000000015e-12,2.8890710662340579e-06,3.971892884544802e-05,4.260799991168208e-05,"diagnostic label: endpoint_box_before_center is the accepted final segment range, not the normalized-insertion inserted_endpoint/right_map range",1.6647684114720498,1.630128669693822,0.13994336265970353,0.21356125843879492,1.5248250488123456,1.804711774131754,1.4165674112550264,1.8436899281326176,-0.0001,0.0001,-0.0001,0.0001,-1.3991003729450234e-06,1.4899686932890341e-06,-1.9836637251742746e-05,1.9882289593705258e-05,,,,,2.0000000000000008e-12,2.0000000000000008e-12,-1.3991013729450234e-06,1.4899696932890341e-06,-1.9836638251742749e-05,1.9882290593705264e-05,0.00020000000000000001,0.00020000000000000001,0.00040000000000000002,2.8890690662340579e-06,3.9718926845448014e-05,4.2607995911682075e-05,0.27954991738096829,0.42677593367150407,0.70632585105247236,0.27988672531940845,0.42712251687759123,0.70700924219699968,0.28715434998517547,0.43111675092162322,0.71827110090679869,0.28715434998517547,0.43111675092162322,0.71827110090679869,,,,0,0,,0.30583241783419496,0.49673963881865119,0.80257205665284614,0.27954991738096829,0.42677593367150407,0.70632585105247236,0.27954991738096829,0.42677593367150407,0.70632585105247236,0.27954991738096829,0.42677593367150407,0.70632585105247236,1.6647684114720498,1.630128669693822,0.13994336265970353,0.21356125843879492,7.1457479725685369,4.6824972249664496,0.27988672531940845,0.42712251687759123,0.70700924219699968,0.00020000000000000001,0.00020000000000000001,0.00040000000000000002,2.8890690662340579e-06,3.9718926845448014e-05,4.2607995911682075e-05,2.8890710662340579e-06,3.971892884544802e-05,4.260799991168208e-05,2.0000000000000008e-12,2.0000000000000008e-12,4.0000000000000015e-12,0,,7.1457479725685369,4.6824972249664496,0,0,0,0,0,0,0.28715434998517547,0.43111675092162322,0.71827110090679869,2.8890690662340579e-06,3.9718926845448014e-05,4.2607995911682075e-05,-0.0001,0.0001,-0.0001,0.0001,-1.3991013729450234e-06,1.4899696932890341e-06,-1.9836638251742749e-05,1.9882290593705264e-05,-1.3991003729450234e-06,1.4899686932890341e-06,-1.9836637251742746e-05,1.9882289593705258e-05,0.014445345331170289,0.19859463422724005,0.10651998977920518
torch_noqueue,torch,torch_noqueue,14,14,14,1,1,0.20247027226829412,0.01186718229947629,0.01186718229947629,0.2143374545677704,0.01186718229947629,true,false,accepted,,,true,1.5248250488123456,1.804711774131754,1.4165674112550264,1.8436899281326176,1.5413933573404224,1.8261890550742115,1.3549564774409761,1.7966025021268408,seg.final_tm.range_box,physical_endpoint_after_tau_substitution_tau_dropped,false,false,false,true,TMVector.range_box on seg.final_tm after substitute_const(tau=h).drop_variable(tau),4,2.0000000000000008e-12,2.0000000000000008e-12,4.0000000000000015e-12,3.306017159121918e-06,4.6371446034823172e-05,4.9677463193945092e-05,"diagnostic label: endpoint_box_before_center is the accepted final segment range, not the normalized-insertion inserted_endpoint/right_map range",1.6837922728163477,1.5759543708748054,0.13825540395344305,0.21885042249226203,1.5455368688629039,1.8220476767697915,1.3571039483825427,1.7948047933670681,-0.0001,0.0001,-0.0001,0.0001,-1.5956284604437357e-06,1.7103866986781818e-06,-2.3178536684902097e-05,2.3192907349921063e-05,,,,,2.0000000000000008e-12,2.0000000000000008e-12,-1.5956294604437357e-06,1.7103876986781818e-06,-2.3178537684902099e-05,2.3192908349921062e-05,0.00020000000000000001,0.00020000000000000001,0.00040000000000000002,3.3060151591219179e-06,4.6371444034823166e-05,4.9677459193945081e-05,0.27618165772721642,0.4367577028715342,0.71293936059875063,0.2765108079068877,0.43770084498452549,0.7142116528914132,0.28479569773378915,0.44164602468586472,0.72644172241965388,0.28479569773378915,0.44164602468586472,0.72644172241965388,,,,0,0,,0.30482400959000594,0.51532452199528678,0.82014853158529277,0.27618165772721642,0.4367577028715342,0.71293936059875063,0.27618165772721642,0.4367577028715342,0.71293936059875063,0.27618165772721642,0.4367577028715342,0.71293936059875063,1.6837922728163477,1.5759543708748054,0.13825540395344305,0.21885042249226203,7.2329903309728563,4.5693309092668413,0.2765108079068877,0.43770084498452549,0.7142116528914132,0.00020000000000000001,0.00020000000000000001,0.00040000000000000002,3.3060151591219179e-06,4.6371444034823166e-05,4.9677459193945081e-05,3.306017159121918e-06,4.6371446034823172e-05,4.9677463193945092e-05,2.0000000000000008e-12,2.0000000000000008e-12,4.0000000000000015e-12,0,,7.2329903309728563,4.5693309092668413,0,0,0,0,0,0,0.28479569773378915,0.44164602468586472,0.72644172241965388,3.3060151591219179e-06,4.6371444034823166e-05,4.9677459193945081e-05,-0.0001,0.0001,-0.0001,0.0001,-1.5956294604437357e-06,1.7103876986781818e-06,-2.3178537684902099e-05,2.3192908349921062e-05,-1.5956284604437357e-06,1.7103866986781818e-06,-2.3178536684902097e-05,2.3192907349921063e-05,0.01653007579560959,0.23185722017411581,0.1241936479848627
torch_noqueue,torch,torch_noqueue,15,15,15,1,1,0.2143374545677704,0.01305390052942392,0.01305390052942392,0.22739135509719433,0.01305390052942392,true,false,accepted,,,true,1.5455368688629039,1.8220476767697915,1.3571039483825427,1.7948047933670681,1.5629569848750715,1.8449891164608636,1.2897816395586825,1.7420902455551153,seg.final_tm.range_box,physical_endpoint_after_tau_substitution_tau_dropped,false,false,false,true,TMVector.range_box on seg.final_tm after substitute_const(tau=h).drop_variable(tau),4,2.0000000000000008e-12,2.0000000000000008e-12,4.0000000000000015e-12,3.8027349249824241e-06,5.432805909106433e-05,5.8130794016046754e-05,"diagnostic label: endpoint_box_before_center is the accepted final segment range, not the normalized-insertion inserted_endpoint/right_map range",1.7039742624221901,1.5161160694123195,0.13629515749553461,0.22396318577888083,1.5676791049266547,1.8402694199177254,1.2921528836334379,1.740079255191201,-0.0001,0.0001,-0.0001,0.0001,-1.8298198501725557e-06,1.9729130748098677e-06,-2.7180862469524392e-05,2.7147194621539932e-05,,,,,2.0000000000000008e-12,2.0000000000000008e-12,-1.8298208501725557e-06,1.9729140748098679e-06,-2.7180863469524391e-05,2.7147195621539932e-05,0.00020000000000000001,0.00020000000000000001,0.00040000000000000002,3.8027329249824236e-06,5.4328057091064331e-05,5.8130790016046756e-05,0.27227800129788987,0.44629370735579188,0.71857170865368181,0.27259031499107073,0.4479263715577631,0.72051668654883383,0.28203213158579216,0.4523086059964328,0.73434073758222496,0.28203213158579216,0.4523086059964328,0.73434073758222496,,,,0,0,,0.3034317587696605,0.53500368072318916,0.83843543949284971,0.27227800129788987,0.44629370735579188,0.71857170865368181,0.27227800129788987,0.44629370735579188,0.71857170865368181,0.27227800129788987,0.44629370735579188,0.71857170865368181,1.7039742624221901,1.5161160694123195,0.13629515749553461,0.22396318577888083,7.3370178249565665,4.4650195366809138,0.27259031499107073,0.4479263715577631,0.72051668654883383,0.00020000000000000001,0.00020000000000000001,0.00040000000000000002,3.8027329249824236e-06,5.4328057091064331e-05,5.8130790016046756e-05,3.8027349249824241e-06,5.432805909106433e-05,5.8130794016046754e-05,2.0000000000000008e-12,2.0000000000000008e-12,4.0000000000000015e-12,0,,7.3370178249565665,4.4650195366809138,0,0,0,0,0,0,0.28203213158579216,0.4523086059964328,0.73434073758222496,3.8027329249824236e-06,5.4328057091064331e-05,5.8130790016046756e-05,-0.0001,0.0001,-0.0001,0.0001,-1.8298208501725557e-06,1.9729140748098679e-06,-2.7180863469524391e-05,2.7147195621539932e-05,-1.8298198501725557e-06,1.9729130748098677e-06,-2.7180862469524392e-05,2.7147194621539932e-05,0.019013664624912118,0.27164028545532165,0.14532697504011688
torch_noqueue,torch,torch_noqueue,16,16,16,1,1,0.22739135509719433,0.014359290582366313,0.014359290582366313,0.24175064567956064,0.014359290582366313,true,false,accepted,,,true,1.5676791049266547,1.8402694199177254,1.2921528836334379,1.740079255191201,1.5858743112956166,1.8646654343513218,1.2188331525764513,1.6811567063160708,seg.final_tm.range_box,physical_endpoint_after_tau_substitution_tau_dropped,false,false,false,true,TMVector.range_box on seg.final_tm after substitute_const(tau=h).drop_variable(tau),4,2.0000000000000008e-12,2.0000000000000008e-12,4.0000000000000015e-12,4.3966693694878037e-06,6.3784824950557855e-05,6.8181494320045661e-05,"diagnostic label: endpoint_box_before_center is the accepted final segment range, not the normalized-insertion inserted_endpoint/right_map range",1.7252712367164944,1.4501787153998122,0.13402382298778104,0.22873346867096517,1.5912474137287127,1.8592950597042761,1.2214452467288464,1.6789121840707781,-0.0001,0.0001,-0.0001,0.0001,-2.1104518230011213e-06,2.2862155464866807e-06,-3.1942815839116235e-05,3.1842007111441587e-05,,,,,2.0000000000000008e-12,2.0000000000000008e-12,-2.1104528230011215e-06,2.2862165464866809e-06,-3.1942816839116244e-05,3.1842008111441597e-05,0.00020000000000000001,0.00020000000000000001,0.00040000000000000002,4.3966673694878032e-06,6.3784822950557836e-05,6.8181490320045636e-05,0.26776449029808752,0.45504638732399499,0.72281087762208251,0.26804764597556346,0.45746693734193183,0.7255145833174953,0.27879112305570525,0.46232355373961959,0.74111467679532483,0.27879112305570525,0.46232355373961959,0.74111467679532483,,,,0,0,,0.30156092133127738,0.55503283646062551,0.85659375779190294,0.26776449029808752,0.45504638732399499,0.72281087762208251,0.26776449029808752,0.45504638732399499,0.72281087762208251,0.26776449029808752,0.45504638732399499,0.72281087762208251,1.7252712367164944,1.4501787153998122,0.13402382298778104,0.22873346867096517,7.4613600605257329,4.3719006484289693,0.26804764597556346,0.45746693734193183,0.7255145833174953,0.00020000000000000001,0.00020000000000000001,0.00040000000000000002,4.3966673694878032e-06,6.3784822950557836e-05,6.8181490320045636e-05,4.3966693694878037e-06,6.3784824950557855e-05,6.8181494320045661e-05,2.0000000000000008e-12,2.0000000000000008e-12,4.0000000000000015e-12,0,,7.4613600605257329,4.3719006484289693,0,0,0,0,0,0,0.27879112305570525,0.46232355373961959,0.74111467679532483,4.3966673694878032e-06,6.3784822950557836e-05,6.8181490320045636e-05,-0.0001,0.0001,-0.0001,0.0001,-2.1104528230011215e-06,2.2862165464866809e-06,-3.1942816839116244e-05,3.1842008111441597e-05,-2.1104518230011213e-06,2.2862155464866807e-06,-3.1942815839116235e-05,3.1842007111441587e-05,0.021983336847439014,0.31892411475278915,0.17045372580011409
torch_noqueue,torch,torch_noqueue,17,17,17,1,1,0.24175064567956064,0.015795219640602945,0.015795219640602945,0.2575458653201636,0.015795219640602945,true,false,accepted,,,true,1.5912474137287127,1.8592950597042761,1.2214452467288464,1.6789121840707781,1.6101049228547071,1.8851015632510963,1.1419168813598002,1.6131960695701131,seg.final_tm.range_box,physical_endpoint_after_tau_substitution_tau_dropped,false,false,false,true,TMVector.range_box on seg.final_tm after substitute_const(tau=h).drop_variable(tau),4,2.0000000000000008e-12,2.0000000000000008e-12,4.0000000000000015e-12,5.1097817416651795e-06,7.4949316304626795e-05,8.0059098046291979e-05,"diagnostic label: endpoint_box_before_center is the accepted final segment range, not the normalized-insertion inserted_endpoint/right_map range",1.7476047618469623,1.3777419846229086,0.13139992252477137,0.23295691182694764,1.6162048393221902,1.8790046843717345,1.1447850727959603,1.610698896449857,-0.0001,0.0001,-0.0001,0.0001,-2.4489700996638581e-06,2.660809642001321e-06,-3.756727472801209e-05,3.7382039576614686e-05,,,,,2.0000000000000008e-12,2.0000000000000008e-12,-2.4489710996638583e-06,2.6608106420013208e-06,-3.7567275728012093e-05,3.7382040576614689e-05,0.00020000000000000001,0.00020000000000000001,0.00040000000000000002,5.1097797416651799e-06,7.4949314304626789e-05,8.0059094046291968e-05,0.26256204755535012,0.46260516530471751,0.72516721286006769,0.2627998450495444,0.46591382365389672,0.72871366870344112,0.27499664039638932,0.47127918821031295,0.74627582860670227,0.27499664039638932,0.47127918821031295,0.74627582860670227,,,,0,0,,0.29910709691547238,0.57511962044723874,0.87422671736271118,0.26256204755535012,0.46260516530471751,0.72516721286006769,0.26256204755535012,0.46260516530471751,0.72516721286006769,0.26256204755535012,0.46260516530471751,0.72516721286006769,1.7476047618469623,1.3777419846229086,0.13139992252477137,0.23295691182694764,7.6103545632721445,4.2926393218281129,0.2627998450495444,0.46591382365389672,0.72871366870344112,0.00020000000000000001,0.00020000000000000001,0.00040000000000000002,5.1097797416651799e-06,7.4949314304626789e-05,8.0059094046291968e-05,5.1097817416651795e-06,7.4949316304626795e-05,8.0059098046291979e-05,2.0000000000000008e-12,2.0000000000000008e-12,4.0000000000000015e-12,0,,7.6103545632721445,4.2926393218281129,0,0,0,0,0,0,0.27499664039638932,0.47127918821031295,0.74627582860670227,5.1097797416651799e-06,7.4949314304626789e-05,8.0059094046291968e-05,-0.0001,0.0001,-0.0001,0.0001,-2.4489710996638583e-06,2.6608106420013208e-06,-3.7567275728012093e-05,3.7382040576614689e-05,-2.4489700996638581e-06,2.660809642001321e-06,-3.756727472801209e-05,3.7382039576614686e-05,0.025548898708325898,0.37474657152313395,0.20014773511572992
torch_noqueue,torch,torch_noqueue,18,18,18,1,1,0.2575458653201636,0.017374741604663242,0.017374741604663242,0.27492060692482684,0.017374741604663242,true,false,accepted,,,true,1.6162048393221902,1.8790046843717345,1.1447850727959603,1.610698896449857,1.6355691860628907,1.9061338152762941,1.0589447074390645,1.5376254390521436,seg.final_tm.range_box,physical_endpoint_after_tau_substitution_tau_dropped,false,false,false,true,TMVector.range_box on seg.final_tm after substitute_const(tau=h).drop_variable(tau),4,2.0000000000000008e-12,2.0000000000000008e-12,4.0000000000000015e-12,5.9680013292930898e-06,8.8207841218275693e-05,9.4175842547568781e-05,"diagnostic label: endpoint_box_before_center is the accepted final segment range, not the normalized-insertion inserted_endpoint/right_map range",1.7708531713609483,1.2984700431969332,0.12838041295677141,0.23638917882135155,1.6424727584041763,1.8992335843177204,1.0620808643755808,1.5348592220182855,-0.0001,0.0001,-0.0001,0.0001,-2.8594001223686591e-06,3.1085992069244294e-06,-4.4242673869886237e-05,4.3965165348389437e-05,,,,,2.0000000000000008e-12,2.0000000000000008e-12,-2.8594011223686594e-06,3.1086002069244296e-06,-4.424267486988624e-05,4.3965166348389439e-05,0.00020000000000000001,0.00020000000000000001,0.00040000000000000002,5.9679993292930894e-06,8.8207839218275687e-05,9.4175838547568783e-05,0.2565892665229052,0.46848481220331567,0.72507407872622087,0.25676082591354416,0.47277835764270476,0.72953918355624892,0.27056462921340346,0.47868073161307906,0.74924536082648252,0.27056462921340346,0.47868073161307906,0.74924536082648252,,,,0,0,,0.29595045496607059,0.59489818627987334,0.89084864124594398,0.2565892665229052,0.46848481220331567,0.72507407872622087,0.2565892665229052,0.46848481220331567,0.72507407872622087,0.2565892665229052,0.46848481220331567,0.72507407872622087,1.7708531713609483,1.2984700431969332,0.12838041295677141,0.23638917882135155,7.7893502362912841,4.2303120852910903,0.25676082591354416,0.47277835764270476,0.72953918355624892,0.00020000000000000001,0.00020000000000000001,0.00040000000000000002,5.9679993292930894e-06,8.8207839218275687e-05,9.4175838547568783e-05,5.9680013292930898e-06,8.8207841218275693e-05,9.4175842547568781e-05,2.0000000000000008e-12,2.0000000000000008e-12,4.0000000000000015e-12,0,,7.7893502362912841,4.2303120852910903,0,0,0,0,0,0,0.27056462921340346,0.47868073161307906,0.74924536082648252,5.9679993292930894e-06,8.8207839218275687e-05,9.4175838547568783e-05,-0.0001,0.0001,-0.0001,0.0001,-2.8594011223686594e-06,3.1086002069244296e-06,-4.424267486988624e-05,4.3965166348389439e-05,-2.8594001223686591e-06,3.1085992069244294e-06,-4.4242673869886237e-05,4.3965165348389437e-05,0.029839996646465444,0.44103919609137843,0.23543959636892195
torch_noqueue,torch,torch_noqueue,19,19,19,1,1,0.27492060692482684,0.019112215765129569,0.019112215765129569,0.2940328226899564,0.019112215765129569,true,false,accepted,,,true,1.6424727584041763,1.8992335843177204,1.0620808643755808,1.5348592220182855,1.6621391295555035,1.9275432575460838,0.9699713889229733,1.4539230836314458,seg.final_tm.range_box,physical_endpoint_after_tau_substitution_tau_dropped,false,false,false,true,TMVector.range_box on seg.final_tm after substitute_const(tau=h).drop_variable(tau),4,2.0000000000000008e-12,2.0000000000000008e-12,4.0000000000000015e-12,7.0007137648757373e-06,0.00010367793695635707,0.00011067865072123281,"diagnostic label: endpoint_box_before_center is the accepted final segment range, not the normalized-insertion inserted_endpoint/right_map range",1.7948430058571525,1.2121291364886628,0.12492243449787704,0.23874728416018931,1.6699205713592749,1.9197654403550302,0.97338185232847307,1.4508764206488529,-0.0001,0.0001,-0.0001,0.0001,-3.3583607689108868e-06,3.64235099596485e-06,-5.2016530585394229e-05,5.166140437096282e-05,,,,,2.0000000000000008e-12,2.0000000000000008e-12,-3.3583617689108867e-06,3.6423519959648498e-06,-5.2016531585394232e-05,5.1661405370962829e-05,0.00020000000000000001,0.00020000000000000001,0.00040000000000000002,7.0007117648757377e-06,0.00010367793495635706,0.0001106786467212328,0.24976592303062659,0.47213013970697765,0.7218960627376042,0.24984486899575534,0.4774945683203799,0.72733943731613526,0.26540412799058039,0.4839516947084726,0.74935582269905299,0.26540412799058039,0.4839516947084726,0.74935582269905299,,,,0,0,,0.29195405083284826,0.61362213729012238,0.90557618812297069,0.24976592303062659,0.47213013970697765,0.7218960627376042,0.24976592303062659,0.47213013970697765,0.7218960627376042,0.24976592303062659,0.47213013970697765,0.7218960627376042,1.7948430058571525,1.2121291364886628,0.12492243449787704,0.23874728416018931,8.0049672744489637,4.1885293209410603,0.24984486899575534,0.4774945683203799,0.72733943731613526,0.00020000000000000001,0.00020000000000000001,0.00040000000000000002,7.0007117648757377e-06,0.00010367793495635706,0.0001106786467212328,7.0007137648757373e-06,0.00010367793695635707,0.00011067865072123281,2.0000000000000008e-12,2.0000000000000008e-12,4.0000000000000015e-12,0,,8.0049672744489637,4.1885293209410603,0,0,0,0,0,0,0.26540412799058039,0.4839516947084726,0.74935582269905299,7.0007117648757377e-06,0.00010367793495635706,0.0001106786467212328,-0.0001,0.0001,-0.0001,0.0001,-3.3583617689108867e-06,3.6423519959648498e-06,-5.2016531585394232e-05,5.1661405370962829e-05,-3.3583607689108868e-06,3.64235099596485e-06,-5.2016530585394229e-05,5.166140437096282e-05,0.035003558824378687,0.51838967478178533,0.276696616803082
torch_noqueue,torch,torch_noqueue,20,20,20,1,1,0.2940328226899564,0.010511718670821265,0.010511718670821265,0.30454454136077769,0.010511718670821265,true,false,accepted,,,true,1.6699205713592749,1.9197654403550302,0.97338185232847307,1.4508764206488529,1.6799627748454167,1.9347108971691949,0.92384232180390191,1.4062895504056852,seg.final_tm.range_box,physical_endpoint_after_tau_substitution_tau_dropped,false,false,false,true,TMVector.range_box on seg.final_tm after substitute_const(tau=h).drop_variable(tau),4,2.0000000000000008e-12,2.0000000000000008e-12,4.0000000000000015e-12,2.7866781815110614e-06,3.5164641978806308e-05,3.7951320160317369e-05,"diagnostic label: endpoint_box_before_center is the accepted final segment range, not the normalized-insertion inserted_endpoint/right_map range",1.807337338657949,1.165159633945976,0.12297031777628994,0.2394220561694754,1.6843670208816584,1.9303076564342396,0.92573757777650012,1.4045816901154522,-0.0001,0.0001,-0.0001,0.0001,-1.3734515069979877e-06,1.4132246745130729e-06,-1.758412238348794e-05,1.7580517595318356e-05,,,,,2.0000000000000008e-12,2.0000000000000008e-12,-1.3734525069979879e-06,1.4132256745130729e-06,-1.7584123383487942e-05,1.7580518595318358e-05,0.00020000000000000001,0.00020000000000000001,0.00040000000000000002,2.786676181511061e-06,3.5164639978806302e-05,3.7951316160317364e-05,0.24592115929414018,0.47290609488949154,0.71882725418363169,0.2459406355525813,0.47884411233895213,0.72478474789153347,0.25474812232377825,0.4824472286017833,0.73719535092556154,0.25474812232377825,0.4824472286017833,0.73719535092556154,,,,0,0,,0.26800412926585687,0.5531877075685443,0.82119183683440111,0.24592115929414018,0.47290609488949154,0.71882725418363169,0.24592115929414018,0.47290609488949154,0.71882725418363169,0.24592115929414018,0.47290609488949154,0.71882725418363169,1.807337338657949,1.165159633945976,0.12297031777628994,0.2394220561694754,8.1320437165919994,4.1767246343091626,0.2459406355525813,0.47884411233895213,0.72478474789153347,0.00020000000000000001,0.00020000000000000001,0.00040000000000000002,2.786676181511061e-06,3.5164639978806302e-05,3.7951316160317364e-05,2.7866781815110614e-06,3.5164641978806308e-05,3.7951320160317369e-05,2.0000000000000008e-12,2.0000000000000008e-12,4.0000000000000015e-12,0,,8.1320437165919994,4.1767246343091626,0,0,0,0,0,0,0.25474812232377825,0.4824472286017833,0.73719535092556154,2.786676181511061e-06,3.5164639978806302e-05,3.7951316160317364e-05,-0.0001,0.0001,-0.0001,0.0001,-1.3734525069979879e-06,1.4132256745130729e-06,-1.7584123383487942e-05,1.7580518595318358e-05,-1.3734515069979877e-06,1.4132246745130729e-06,-1.758412238348794e-05,1.7580517595318356e-05,0.013933380907555304,0.1758231998940315,0.094878290400793402
torch_noqueue,torch,torch_noqueue,21,21,21,1,1,0.30454454136077769,0.011562890537903391,0.011562890537903391,0.31610743189868107,0.011562890537903391,true,false,accepted,,,true,1.6843670208816584,1.9303076564342396,0.92573757777650012,1.4045816901154522,1.6948436683738231,1.9461825253187959,0.87225936390391068,1.3555624253700926,seg.final_tm.range_box,physical_endpoint_after_tau_substitution_tau_dropped,false,false,false,true,TMVector.range_box on seg.final_tm after substitute_const(tau=h).drop_variable(tau),4,2.0000000000000008e-12,2.0000000000000008e-12,4.0000000000000015e-12,3.163880677929257e-06,4.0164828632749003e-05,4.3328709310678257e-05,"diagnostic label: endpoint_box_before_center is the accepted final segment range, not the normalized-insertion inserted_endpoint/right_map range",1.820513662232272,1.1140065806299593,0.12091576442733924,0.2396891374652288,1.699597897804932,1.9414294266596119,0.87431744316473003,1.3536957180951887,-0.0001,0.0001,-0.0001,0.0001,-1.5584018367211705e-06,1.6054768412080856e-06,-2.0083075364718556e-05,2.0081751268030441e-05,,,,,2.0000000000000008e-12,2.0000000000000008e-12,-1.5584028367211707e-06,1.6054778412080856e-06,-2.0083076364718555e-05,2.008175226803044e-05,0.00020000000000000001,0.00020000000000000001,0.00040000000000000002,3.1638786779292565e-06,4.0164826632749004e-05,4.3328705310678259e-05,0.24177869756559076,0.47282559684698749,0.71460429441257822,0.24183152885467998,0.47937827493045876,0.72120980378513877,0.25133885694497288,0.48330306146618202,0.73464191841115489,0.25133885694497288,0.48330306146618202,0.73464191841115489,,,,0,0,,0.26542743103297012,0.56136599901655437,0.82679343004952455,0.24177869756559076,0.47282559684698749,0.71460429441257822,0.24177869756559076,0.47282559684698749,0.71460429441257822,0.24177869756559076,0.47282559684698749,0.71460429441257822,1.820513662232272,1.1140065806299593,0.12091576442733924,0.2396891374652288,8.2702202209615141,4.1720705851556081,0.24183152885467998,0.47937827493045876,0.72120980378513877,0.00020000000000000001,0.00020000000000000001,0.00040000000000000002,3.1638786779292565e-06,4.0164826632749004e-05,4.3328705310678259e-05,3.163880677929257e-06,4.0164828632749003e-05,4.3328709310678257e-05,2.0000000000000008e-12,2.0000000000000008e-12,4.0000000000000015e-12,0,,8.2702202209615141,4.1720705851556081,0,0,0,0,0,0,0.25133885694497288,0.48330306146618202,0.73464191841115489,3.1638786779292565e-06,4.0164826632749004e-05,4.3328705310678259e-05,-0.0001,0.0001,-0.0001,0.0001,-1.5584028367211707e-06,1.6054778412080856e-06,-2.0083076364718555e-05,2.008175226803044e-05,-1.5584018367211705e-06,1.6054768412080856e-06,-2.0083075364718556e-05,2.0081751268030441e-05,0.015819393389646282,0.20082413316374501,0.10832176327669564
torch_noqueue,torch,torch_noqueue,22,22,22,1,1,0.31610743189868107,0.012719179591693731,0.012719179591693731,0.32882661149037479,0.012719179591693731,true,false,accepted,,,true,1.699597897804932,1.9414294266596119,0.87431744316473003,1.3536957180951887,1.7104462633261515,1.9582099151790777,0.816771856031419,1.2999189433542142,seg.final_tm.range_box,physical_endpoint_after_tau_substitution_tau_dropped,false,false,false,true,TMVector.range_box on seg.final_tm after substitute_const(tau=h).drop_variable(tau),4,2.0000000000000008e-12,2.0000000000000008e-12,4.0000000000000015e-12,3.604381760953511e-06,4.5920891897136469e-05,4.9525273658089981e-05,"diagnostic label: endpoint_box_before_center is the accepted final segment range, not the normalized-insertion inserted_endpoint/right_map range",1.8343287206678067,1.0584424260802665,0.11865883106539871,0.23943337041584928,1.7156698896024074,1.952987551733206,0.81900905566441673,1.2978757964961165,-0.0001,0.0001,-0.0001,0.0001,-1.7748684397441874e-06,1.8295113212093229e-06,-2.295648659360397e-05,2.2964403303532486e-05,,,,,2.0000000000000008e-12,2.0000000000000008e-12,-1.7748694397441874e-06,1.8295123212093232e-06,-2.295648759360397e-05,2.2964404303532489e-05,0.00020000000000000001,0.00020000000000000001,0.00040000000000000002,3.6043797609535105e-06,4.5920889897136463e-05,4.9525269658089977e-05,0.2371772091627101,0.47166227552569712,0.70883948468840718,0.23731766213079866,0.47886674083169983,0.71618440296249852,0.24776365185292629,0.48314708732279527,0.73091073917572158,0.24776365185292629,0.48314708732279527,0.73091073917572158,,,,0,0,,0.26266883237126054,0.56915741241236284,0.83182624478362333,0.2371772091627101,0.47166227552569712,0.70883948468840718,0.2371772091627101,0.47166227552569712,0.70883948468840718,0.2371772091627101,0.47166227552569712,0.70883948468840718,1.8343287206678067,1.0584424260802665,0.11865883106539871,0.23943337041584928,8.4275227643937516,4.1765272662837019,0.23731766213079866,0.47886674083169983,0.71618440296249852,0.00020000000000000001,0.00020000000000000001,0.00040000000000000002,3.6043797609535105e-06,4.5920889897136463e-05,4.9525269658089977e-05,3.604381760953511e-06,4.5920891897136469e-05,4.9525273658089981e-05,2.0000000000000008e-12,2.0000000000000008e-12,4.0000000000000015e-12,0,,8.4275227643937516,4.1765272662837019,0,0,0,0,0,0,0.24776365185292629,0.48314708732279527,0.73091073917572158,3.6043797609535105e-06,4.5920889897136463e-05,4.9525269658089977e-05,-0.0001,0.0001,-0.0001,0.0001,-1.7748694397441874e-06,1.8295123212093232e-06,-2.295648759360397e-05,2.2964404303532489e-05,-1.7748684397441874e-06,1.8295113212093229e-06,-2.295648659360397e-05,2.2964403303532486e-05,0.018021898804767553,0.22960444948568232,0.12381317414522494
torch_noqueue,torch,torch_noqueue,23,23,23,1,1,0.32882661149037479,0.013991097550863106,0.013991097550863106,0.34281770904123787,0.013991097550863106,true,false,accepted,,,true,1.7156698896024074,1.952987551733206,0.81900905566441673,1.2978757964961165,1.7268040183221167,1.9706253142249837,0.75732572807835952,1.2390291098055908,seg.final_tm.range_box,physical_endpoint_after_tau_substitution_tau_dropped,false,false,false,true,TMVector.range_box on seg.final_tm after substitute_const(tau=h).drop_variable(tau),4,2.0000000000000008e-12,2.0000000000000008e-12,4.0000000000000015e-12,4.1190630413981361e-06,5.2482368305759382e-05,5.6601431347157519e-05,"diagnostic label: endpoint_box_before_center is the accepted final segment range, not the normalized-insertion inserted_endpoint/right_map range",1.8487153647684482,0.99827489223529076,0.11616082164124661,0.23852410862089238,1.7325545431272009,1.9648761864096955,0.75975078361439796,1.2367990008561838,-0.0001,0.0001,-0.0001,0.0001,-2.028717466706889e-06,2.0903435746912462e-06,-2.6225691986430227e-05,2.6256674319329145e-05,,,,,2.0000000000000008e-12,2.0000000000000008e-12,-2.0287184667068892e-06,2.0903445746912461e-06,-2.622569298643023e-05,2.6256675319329145e-05,0.00020000000000000001,0.00020000000000000001,0.00040000000000000002,4.1190610413981357e-06,5.2482366305759376e-05,5.6601427347157514e-05,0.23207543499905345,0.46916161733098899,0.70123705233004241,0.23232164328249463,0.47704821724178587,0.70936986052428053,0.24382129590286697,0.48170338172723132,0.72552467763009831,0.24382129590286697,0.48170338172723132,0.72552467763009831,,,,0,0,,0.25950686884782043,0.57627665750743851,0.83578352635525888,0.23207543499905345,0.46916161733098899,0.70123705233004241,0.23207543499905345,0.46916161733098899,0.70123705233004241,0.23207543499905345,0.46916161733098899,0.70123705233004241,1.8487153647684482,0.99827489223529076,0.11616082164124661,0.23852410862089238,8.6087545341958744,4.1924483264263621,0.23232164328249463,0.47704821724178587,0.70936986052428053,0.00020000000000000001,0.00020000000000000001,0.00040000000000000002,4.1190610413981357e-06,5.2482366305759376e-05,5.6601427347157514e-05,4.1190630413981361e-06,5.2482368305759382e-05,5.6601431347157519e-05,2.0000000000000008e-12,2.0000000000000008e-12,4.0000000000000015e-12,0,,8.6087545341958744,4.1924483264263621,0,0,0,0,0,0,0.24382129590286697,0.48170338172723132,0.72552467763009831,4.1190610413981357e-06,5.2482366305759376e-05,5.6601427347157514e-05,-0.0001,0.0001,-0.0001,0.0001,-2.0287184667068892e-06,2.0903445746912461e-06,-2.622569298643023e-05,2.6256675319329145e-05,-2.028717466706889e-06,2.0903435746912462e-06,-2.6225691986430227e-05,2.6256674319329145e-05,0.020595305206990676,0.26241183152879688,0.14150356836789377
torch_noqueue,torch,torch_noqueue,24,24,24,1,1,0.34281770904123787,0.015390207305949418,0.015390207305949418,0.35820791634718729,0.015390207305949418,true,false,accepted,,,true,1.7325545431272009,1.9648761864096955,0.75975078361439796,1.2367990008561838,1.7438613567173673,1.9832925984346865,0.69393074176135605,1.1726038751367871,seg.final_tm.range_box,physical_endpoint_after_tau_substitution_tau_dropped,false,false,false,true,TMVector.range_box on seg.final_tm after substitute_const(tau=h).drop_variable(tau),4,2.0000000000000008e-12,2.0000000000000008e-12,4.0000000000000015e-12,4.7207425187043094e-06,5.9892306933973085e-05,6.4613049452677399e-05,"diagnostic label: endpoint_box_before_center is the accepted final segment range, not the normalized-insertion inserted_endpoint/right_map range",1.8635777418158579,0.93336418656706743,0.11340441608591934,0.2368164318656171,1.7501733257299379,1.9769821579017779,0.69654775470145003,1.1701806184326851,-0.0001,0.0001,-0.0001,0.0001,-2.3269856607194935e-06,2.393754857984815e-06,-2.9906956594950202e-05,2.9985348339022877e-05,,,,,2.0000000000000008e-12,2.0000000000000008e-12,-2.3269866607194937e-06,2.3937558579848153e-06,-2.9906957594950202e-05,2.9985349339022877e-05,0.00020000000000000001,0.00020000000000000001,0.00040000000000000002,4.7207405187043089e-06,5.9892304933973087e-05,6.4613045452677402e-05,0.22643558682819229,0.46504405794218695,0.69147964477037926,0.22680883217184003,0.47363286373123509,0.70044169590307515,0.23943124171731925,0.4786731333754311,0.71810437509275038,0.23943124171731925,0.4786731333754311,0.71810437509275038,,,,0,0,,0.25583597400963504,0.58238816412017647,0.83822413812981145,0.22643558682819229,0.46504405794218695,0.69147964477037926,0.22643558682819229,0.46504405794218695,0.69147964477037926,0.22643558682819229,0.46504405794218695,0.69147964477037926,1.8635777418158579,0.93336418656706743,0.11340441608591934,0.2368164318656171,8.817998756259751,4.2226799556183501,0.22680883217184003,0.47363286373123509,0.70044169590307515,0.00020000000000000001,0.00020000000000000001,0.00040000000000000002,4.7207405187043089e-06,5.9892304933973087e-05,6.4613045452677402e-05,4.7207425187043094e-06,5.9892306933973085e-05,6.4613049452677399e-05,2.0000000000000008e-12,2.0000000000000008e-12,4.0000000000000015e-12,0,,8.817998756259751,4.2226799556183501,0,0,0,0,0,0,0.23943124171731925,0.4786731333754311,0.71810437509275038,4.7207405187043089e-06,5.9892304933973087e-05,6.4613045452677402e-05,-0.0001,0.0001,-0.0001,0.0001,-2.3269866607194937e-06,2.3937558579848153e-06,-2.9906957594950202e-05,2.9985349339022877e-05,-2.3269856607194935e-06,2.393754857984815e-06,-2.9906956594950202e-05,2.9985348339022877e-05,0.023603702593521545,0.29946152466986542,0.16153261363169349
torch_noqueue,torch,torch_noqueue,25,25,25,1,1,0.35820791634718729,0.016929228036544362,0.016929228036544362,0.37513714438373164,0.016929228036544362,true,false,accepted,,,true,1.7501733257299379,1.9769821579017779,0.69654775470145003,1.1701806184326851,1.7615086309316259,1.9960619982218999,0.62668041605067537,1.1004162194970624,seg.final_tm.range_box,physical_endpoint_after_tau_substitution_tau_dropped,false,false,false,true,TMVector.range_box on seg.final_tm after substitute_const(tau=h).drop_variable(tau),4,2.0000000000000008e-12,2.0000000000000008e-12,4.0000000000000015e-12,5.43892143836625e-06,6.8154892059748998e-05,7.359381349811525e-05,"diagnostic label: endpoint_box_before_center is the accepted final segment range, not the normalized-insertion inserted_endpoint/right_map range",1.8787861404965427,0.86364346452526719,0.11037435630268326,0.23415098918314722,1.7684117841938587,1.9891604967992267,0.62949247534211961,1.097794453708415,-0.0001,0.0001,-0.0001,0.0001,-2.685326162518339e-06,2.7535932758479093e-06,-3.3994675182608912e-05,3.4160214877140039e-05,,,,,2.0000000000000008e-12,2.0000000000000008e-12,-2.6853271625183393e-06,2.7535942758479095e-06,-3.3994676182608929e-05,3.4160215877140055e-05,0.00020000000000000001,0.00020000000000000001,0.00040000000000000002,5.4389194383662496e-06,6.8154890059748965e-05,7.3593809498115212e-05,0.22022372039201007,0.45900531384165427,0.67922903423366432,0.22074871260536802,0.46830197836629545,0.68905069097166349,0.23455336729027401,0.47373580344638705,0.70828917073666109,0.23455336729027401,0.47373580344638705,0.70828917073666109,,,,0,0,,0.25158560180955353,0.58710122370620477,0.83868682551575824,0.22022372039201007,0.45900531384165427,0.67922903423366432,0.22022372039201007,0.45900531384165427,0.67922903423366432,0.22022372039201007,0.45900531384165427,0.67922903423366432,1.8787861404965427,0.86364346452526719,0.11037435630268326,0.23415098918314722,9.060075487622024,4.2707485605274309,0.22074871260536802,0.46830197836629545,0.68905069097166349,0.00020000000000000001,0.00020000000000000001,0.00040000000000000002,5.4389194383662496e-06,6.8154890059748965e-05,7.3593809498115212e-05,5.43892143836625e-06,6.8154892059748998e-05,7.359381349811525e-05,2.0000000000000008e-12,2.0000000000000008e-12,4.0000000000000015e-12,0,,9.060075487622024,4.2707485605274309,0,0,0,0,0,0,0.23455336729027401,0.47373580344638705,0.70828917073666109,5.4389194383662496e-06,6.8154890059748965e-05,7.3593809498115212e-05,-0.0001,0.0001,-0.0001,0.0001,-2.6853271625183393e-06,2.7535942758479095e-06,-3.3994676182608929e-05,3.4160215877140055e-05,-2.685326162518339e-06,2.7535932758479093e-06,-3.3994675182608912e-05,3.4160214877140039e-05,0.027194597191831246,0.34077445029874481,0.18398452374528801
torch_noqueue,torch,torch_noqueue,26,26,26,1,1,0.37513714438373164,0.0186221508401988,0.0186221508401988,0.39375929522393044,0.0186221508401988,true,false,accepted,,,true,1.7684117841938587,1.9891604967992267,0.62949247534211961,1.097794453708415,1.7795964711938903,2.0087451254769775,0.55577466659196062,1.0223252017980418,seg.final_tm.range_box,physical_endpoint_after_tau_substitution_tau_dropped,false,false,false,true,TMVector.range_box on seg.final_tm after substitute_const(tau=h).drop_variable(tau),4,2.0000000000000008e-12,2.0000000000000008e-12,4.0000000000000015e-12,6.2873130190960093e-06,7.7311192814923172e-05,8.3598505834019184e-05,"diagnostic label: endpoint_box_before_center is the accepted final segment range, not the normalized-insertion inserted_endpoint/right_map range",1.8941716786813021,0.78914215563013346,0.10705874554727854,0.23036440637689937,1.787112933134023,2.0012304242285817,0.55877774925323376,1.0195065620070334,-0.0001,0.0001,-0.0001,0.0001,-3.1118423783483908e-06,3.1754686407476168e-06,-3.8498664741452783e-05,3.881252607347035e-05,,,,,2.0000000000000008e-12,2.0000000000000008e-12,-3.1118433783483914e-06,3.175469640747617e-06,-3.8498665741452793e-05,3.8812527073470366e-05,0.00020000000000000001,0.00020000000000000001,0.00040000000000000002,6.287311019096008e-06,7.731119081492314e-05,8.3598501834019145e-05,0.21341242959515391,0.45073767480017063,0.66415010439532451,0.21411749109455872,0.46072881275379968,0.67484630384835842,0.2291486542830872,0.4665505352060812,0.69569918948916842,0.2291486542830872,0.4665505352060812,0.69569918948916842,,,,0,0,,0.2466803321782132,0.58995156597161336,0.83663189814982653,0.21341242959515391,0.45073767480017063,0.66415010439532451,0.21341242959515391,0.45073767480017063,0.66415010439532451,0.21341242959515391,0.45073767480017063,0.66415010439532451,1.8941716786813021,0.78914215563013346,0.10705874554727854,0.23036440637689937,9.3406661444429773,4.3409483944490077,0.21411749109455872,0.46072881275379968,0.67484630384835842,0.00020000000000000001,0.00020000000000000001,0.00040000000000000002,6.287311019096008e-06,7.731119081492314e-05,8.3598501834019145e-05,6.2873130190960093e-06,7.7311192814923172e-05,8.3598505834019184e-05,2.0000000000000008e-12,2.0000000000000008e-12,4.0000000000000015e-12,0,,9.3406661444429773,4.3409483944490077,0,0,0,0,0,0,0.2291486542830872,0.4665505352060812,0.69569918948916842,6.287311019096008e-06,7.731119081492314e-05,8.3598501834019145e-05,-0.0001,0.0001,-0.0001,0.0001,-3.1118433783483914e-06,3.175469640747617e-06,-3.8498665741452793e-05,3.8812527073470366e-05,-3.1118423783483908e-06,3.1754686407476168e-06,-3.8498664741452783e-05,3.881252607347035e-05,0.031436555095480039,0.38655595407461568,0.20899625458504786
torch_noqueue,torch,torch_noqueue,27,27,27,1,1,0.39375929522393044,0.020484365924218682,0.020484365924218682,0.41424366114814914,0.020484365924218682,true,false,accepted,,,true,1.787112933134023,2.0012304242285817,0.55877774925323376,1.0195065620070334,1.7979294829643251,2.0211108981446868,0.48153206609628463,0.93831411845069268,seg.final_tm.range_box,physical_endpoint_after_tau_substitution_tau_dropped,false,false,false,true,TMVector.range_box on seg.final_tm after substitute_const(tau=h).drop_variable(tau),4,2.0000000000000008e-12,2.0000000000000008e-12,4.0000000000000015e-12,7.2861955318141509e-06,8.7419252565211202e-05,9.4705448097025355e-05,"diagnostic label: endpoint_box_before_center is the accepted final segment range, not the normalized-insertion inserted_endpoint/right_map range",1.9095211145688626,0.71001118440090016,0.10345062525805185,0.22529632317021289,1.8060704893108102,2.0129717398269156,0.48471486123068702,0.93530750757111347,-0.0001,0.0001,-0.0001,0.0001,-3.6182894344311946e-06,3.6679040973829559e-06,-4.3433978996903926e-05,4.3985271568307243e-05,,,,,2.0000000000000008e-12,2.0000000000000008e-12,-3.6182904344311944e-06,3.6679050973829557e-06,-4.3433979996903942e-05,4.3985272568307253e-05,0.00020000000000000001,0.00020000000000000001,0.00040000000000000002,7.2861935318141513e-06,8.7419250565211182e-05,9.470544409702533e-05,0.20598415501822487,0.43994423977462943,0.64592839479285424,0.20690125051610544,0.45059264634042651,0.65749389685653192,0.22318141518036175,0.45678205235440811,0.67996346753476988,0.22318141518036175,0.45678205235440811,0.67996346753476988,,,,0,0,,0.24104171442820291,0.59042344712321793,0.83146516155142081,0.20598415501822487,0.43994423977462943,0.64592839479285424,0.20598415501822487,0.43994423977462943,0.64592839479285424,0.20598415501822487,0.43994423977462943,0.64592839479285424,1.9095211145688626,0.71001118440090016,0.10345062525805185,0.22529632317021289,9.6664471336500419,4.4385988458608496,0.20690125051610544,0.45059264634042651,0.65749389685653192,0.00020000000000000001,0.00020000000000000001,0.00040000000000000002,7.2861935318141513e-06,8.7419250565211182e-05,9.470544409702533e-05,7.2861955318141509e-06,8.7419252565211202e-05,9.4705448097025355e-05,2.0000000000000008e-12,2.0000000000000008e-12,4.0000000000000015e-12,0,,9.6664471336500419,4.4385988458608496,0,0,0,0,0,0,0.22318141518036175,0.45678205235440811,0.67996346753476988,7.2861935318141513e-06,8.7419250565211182e-05,9.470544409702533e-05,-0.0001,0.0001,-0.0001,0.0001,-3.6182904344311944e-06,3.6679050973829557e-06,-4.3433979996903942e-05,4.3985272568307253e-05,-3.6182894344311946e-06,3.6679040973829559e-06,-4.3433978996903926e-05,4.3985271568307243e-05,0.036430967659070758,0.43709625282605591,0.23676361024256332
torch_noqueue,torch,torch_noqueue,28,28,28,1,1,0.41424366114814914,0.022532802516640551,0.022532802516640551,0.43677646366478967,0.022532802516640551,true,false,accepted,,,true,1.8060704893108102,2.0129717398269156,0.48471486123068702,0.93530750757111347,1.816260223542602,2.0328821966447892,0.40440523735243494,0.84852582366541274,seg.final_tm.range_box,physical_endpoint_after_tau_substitution_tau_dropped,false,false,false,true,TMVector.range_box on seg.final_tm after substitute_const(tau=h).drop_variable(tau),4,2.0000000000000008e-12,2.0000000000000008e-12,4.0000000000000015e-12,8.4557135404623231e-06,9.8086788124456995e-05,0.00010654250166491932,"diagnostic label: endpoint_box_before_center is the accepted final segment range, not the normalized-insertion inserted_endpoint/right_map range",1.9245721634172637,0.62654833510216035,0.099549773914925727,0.21880122418788961,1.8250223895023372,2.0241219373321906,0.40774711091427052,0.84534955929005029,-0.0001,0.0001,-0.0001,0.0001,-4.2166801667084957e-06,4.2390313737538218e-06,-4.8587777818325571e-05,4.9499008306131405e-05,,,,,2.0000000000000008e-12,2.0000000000000008e-12,-4.2166811667084976e-06,4.2390323737538229e-06,-4.8587778818325573e-05,4.9499009306131408e-05,0.00020000000000000001,0.00020000000000000001,0.00040000000000000002,8.4557115404623192e-06,9.808678612445699e-05,0.00010654249766491931,0.19793500679514106,0.42636228469628862,0.62429729149142965,0.19909954782985342,0.43760244837577983,0.63670199620563328,0.21662197310218725,0.44412058631297785,0.66074255941516513,0.21662197310218725,0.44412058631297785,0.66074255941516513,,,,0,0,,0.23459180350281342,0.58809062753900709,0.82268243104182048,0.19793500679514106,0.42636228469628862,0.62429729149142965,0.19793500679514106,0.42636228469628862,0.62429729149142965,0.19793500679514106,0.42636228469628862,0.62429729149142965,1.9245721634172637,0.62654833510216035,0.099549773914925727,0.21880122418788961,10.045226228786721,4.5703583410542397,0.19909954782985342,0.43760244837577983,0.63670199620563328,0.00020000000000000001,0.00020000000000000001,0.00040000000000000002,8.4557115404623192e-06,9.808678612445699e-05,0.00010654249766491931,8.4557135404623231e-06,9.8086788124456995e-05,0.00010654250166491932,2.0000000000000008e-12,2.0000000000000008e-12,4.0000000000000015e-12,0,,10.045226228786721,4.5703583410542397,0,0,0,0,0,0,0.21662197310218725,0.44412058631297785,0.66074255941516513,8.4557115404623192e-06,9.808678612445699e-05,0.00010654249766491931,-0.0001,0.0001,-0.0001,0.0001,-4.2166811667084976e-06,4.2390323737538229e-06,-4.8587778818325573e-05,4.9499009306131408e-05,-4.2166801667084957e-06,4.2390313737538218e-06,-4.8587777818325571e-05,4.9499008306131405e-05,0.042278557702311592,0.49043393062228491,0.26635624416229825
torch_noqueue,torch,torch_noqueue,29,29,29,1,1,0.43677646366478967,0.012393041384152304,0.012393041384152304,0.44916950504894199,0.012393041384152304,true,false,accepted,,,true,1.8250223895023372,2.0241219373321906,0.40774711091427052,0.84534955929005029,1.8298623357296235,2.0342602672418422,0.36562499686670452,0.79887983676176311,seg.final_tm.range_box,physical_endpoint_after_tau_substitution_tau_dropped,false,false,false,true,TMVector.range_box on seg.final_tm after substitute_const(tau=h).drop_variable(tau),4,2.0000000000000008e-12,2.0000000000000008e-12,4.0000000000000015e-12,3.2159547740350674e-06,3.1855848878938414e-05,3.5071803652973484e-05,"diagnostic label: endpoint_box_before_center is the accepted final segment range, not the normalized-insertion inserted_endpoint/right_map range",1.9320615404253143,0.58229085500151856,0.097441170925033557,0.21487079975864973,1.8346203695002801,2.0295027113503492,0.36742005524286858,0.79716165476016865,-0.0001,0.0001,-0.0001,0.0001,-1.6085024131424973e-06,1.607450360892569e-06,-1.5833834540799204e-05,1.6022012338139205e-05,,,,,2.0000000000000008e-12,2.0000000000000008e-12,-1.6085034131424975e-06,1.6074513608925692e-06,-1.5833835540799203e-05,1.6022013338139204e-05,0.00020000000000000001,0.00020000000000000001,0.00040000000000000002,3.215952774035067e-06,3.1855846878938415e-05,3.507179965297348e-05,0.19357670768163404,0.41823473968171515,0.61181144736334914,0.19488234185006917,0.42974159951730012,0.62462394136736932,0.20439793151221866,0.43325483989505864,0.63765277140727727,0.20439793151221866,0.43325483989505864,0.63765277140727727,,,,0,0,,0.21272916377157228,0.50885551689232444,0.72158468066389669,0.19357670768163404,0.41823473968171515,0.61181144736334914,0.19357670768163404,0.41823473968171515,0.61181144736334914,0.19357670768163404,0.41823473968171515,0.61181144736334914,1.9320615404253143,0.58229085500151856,0.097441170925033557,0.21487079975864973,10.262602455479017,4.653959500887205,0.19488234185006917,0.42974159951730012,0.62462394136736932,0.00020000000000000001,0.00020000000000000001,0.00040000000000000002,3.215952774035067e-06,3.1855846878938415e-05,3.507179965297348e-05,3.2159547740350674e-06,3.1855848878938414e-05,3.5071803652973484e-05,2.0000000000000008e-12,2.0000000000000008e-12,4.0000000000000015e-12,0,,10.262602455479017,4.653959500887205,0,0,0,0,0,0,0.20439793151221866,0.43325483989505864,0.63765277140727727,3.215952774035067e-06,3.1855846878938415e-05,3.507179965297348e-05,-0.0001,0.0001,-0.0001,0.0001,-1.6085034131424975e-06,1.6074513608925692e-06,-1.5833835540799203e-05,1.6022013338139204e-05,-1.6085024131424973e-06,1.607450360892569e-06,-1.5833834540799204e-05,1.6022012338139205e-05,0.016079763870175335,0.15927923439469208,0.087679499132433697
torch_noqueue,torch,torch_noqueue,30,30,30,1,1,0.44916950504894199,0.013632345522567535,0.013632345522567535,0.46280185057150952,0.013632345522567535,true,false,accepted,,,true,1.8346203695002801,2.0295027113503492,0.36742005524286858,0.79716165476016865,1.8393781112602712,2.0399721923825913,0.32275997650578908,0.74712369962298997,seg.final_tm.range_box,physical_endpoint_after_tau_substitution_tau_dropped,false,false,false,true,TMVector.range_box on seg.final_tm after substitute_const(tau=h).drop_variable(tau),4,2.0000000000000008e-12,2.0000000000000008e-12,4.0000000000000015e-12,3.6332827641687152e-06,3.5500550839281823e-05,3.9133833603450536e-05,"diagnostic label: endpoint_box_before_center is the accepted final segment range, not the normalized-insertion inserted_endpoint/right_map range",1.9396754113620469,0.53497988381499151,0.095156802339471713,0.2103124121431677,1.8445186090225745,2.0348322137015198,0.32466747167182353,0.7452922959581596,-0.0001,0.0001,-0.0001,0.0001,-1.8193152856331272e-06,1.8139654785355872e-06,-1.7618775436552788e-05,1.788177340272902e-05,,,,,2.0000000000000008e-12,2.0000000000000008e-12,-1.8193162856331275e-06,1.8139664785355873e-06,-1.7618776436552791e-05,1.7881774402729022e-05,0.00020000000000000001,0.00020000000000000001,0.00040000000000000002,3.6332807641687147e-06,3.5500548839281818e-05,3.9133829603450531e-05,0.18884923861365446,0.40887087530905081,0.5977201139227053,0.19031360467894534,0.42062482428633613,0.6109384289652815,0.20059408112232016,0.42436372311720094,0.62495780423952108,0.20059408112232016,0.42436372311720094,0.62495780423952108,,,,0,0,,0.20919870351051764,0.50610525456320499,0.7153039580737226,0.18884923861365446,0.40887087530905081,0.5977201139227053,0.18884923861365446,0.40887087530905081,0.5977201139227053,0.18884923861365446,0.40887087530905081,0.5977201139227053,1.9396754113620469,0.53497988381499151,0.095156802339471713,0.2103124121431677,10.508970198814604,4.7548311096316169,0.19031360467894534,0.42062482428633613,0.6109384289652815,0.00020000000000000001,0.00020000000000000001,0.00040000000000000002,3.6332807641687147e-06,3.5500548839281818e-05,3.9133829603450531e-05,3.6332827641687152e-06,3.5500550839281823e-05,3.9133833603450536e-05,2.0000000000000008e-12,2.0000000000000008e-12,4.0000000000000015e-12,0,,10.508970198814604,4.7548311096316169,0,0,0,0,0,0,0.20059408112232016,0.42436372311720094,0.62495780423952108,3.6332807641687147e-06,3.5500548839281818e-05,3.9133829603450531e-05,-0.0001,0.0001,-0.0001,0.0001,-1.8193162856331275e-06,1.8139664785355873e-06,-1.7618776436552791e-05,1.7881774402729022e-05,-1.8193152856331272e-06,1.8139654785355872e-06,-1.7618775436552788e-05,1.788177340272902e-05,0.018166403820843571,0.17750274419640907,0.097834574008626329
torch_noqueue,torch,torch_noqueue,31,31,31,1,1,0.46280185057150952,0.014995580074824289,0.014995580074824289,0.47779743064633379,0.014995580074824289,true,false,accepted,,,true,1.8445186090225745,2.0348322137015198,0.32466747167182353,0.7452922959581596,1.8490927940724893,2.0455424347472646,0.27753674751355273,0.69160980940070738,seg.final_tm.range_box,physical_endpoint_after_tau_substitution_tau_dropped,false,false,false,true,TMVector.range_box on seg.final_tm after substitute_const(tau=h).drop_variable(tau),4,2.0000000000000008e-12,2.0000000000000008e-12,4.0000000000000015e-12,4.1122800284813514e-06,3.9444627770218002e-05,4.3556907798699352e-05,"diagnostic label: endpoint_box_before_center is the accepted final segment range, not the normalized-insertion inserted_endpoint/right_map range",1.9473178927838612,0.48461049748542639,0.092690452590389286,0.20505878167581384,1.8546274401934713,2.0400083453742517,0.27955171580961236,0.68966927916124054,-0.0001,0.0001,-0.0001,0.0001,-2.0621904018436128e-06,2.0500876266377373e-06,-1.9539633681427969e-05,1.990499208879002e-05,,,,,2.0000000000000008e-12,2.0000000000000008e-12,-2.062191401843613e-06,2.0500886266377376e-06,-1.9539634681427972e-05,1.9904993088790023e-05,0.00020000000000000001,0.00020000000000000001,0.00040000000000000002,4.112278028481351e-06,3.9444625770217996e-05,4.3556903798699348e-05,0.18373841613628886,0.3981459974322038,0.58188441356849263,0.18538090518078046,0.41011756335162824,0.59549846853240873,0.19644964067477536,0.4140730618871547,0.61052270256193009,0.19644964067477536,0.4140730618871547,0.61052270256193009,,,,0,0,,0.20525348741031116,0.50215981170090929,0.70741329911122042,0.18373841613628886,0.3981459974322038,0.58188441356849263,0.18373841613628886,0.3981459974322038,0.58188441356849263,0.18373841613628886,0.3981459974322038,0.58188441356849263,1.9473178927838612,0.48461049748542639,0.092690452590389286,0.20505878167581384,10.78859766085214,4.8766504503130355,0.18538090518078046,0.41011756335162824,0.59549846853240873,0.00020000000000000001,0.00020000000000000001,0.00040000000000000002,4.112278028481351e-06,3.9444625770217996e-05,4.3556903798699348e-05,4.1122800284813514e-06,3.9444627770218002e-05,4.3556907798699352e-05,2.0000000000000008e-12,2.0000000000000008e-12,4.0000000000000015e-12,0,,10.78859766085214,4.8766504503130355,0,0,0,0,0,0,0.19644964067477536,0.4140730618871547,0.61052270256193009,4.112278028481351e-06,3.9444625770217996e-05,4.3556903798699348e-05,-0.0001,0.0001,-0.0001,0.0001,-2.062191401843613e-06,2.0500886266377376e-06,-1.9539634681427972e-05,1.9904993088790023e-05,-2.0621904018436128e-06,2.0500876266377373e-06,-1.9539633681427969e-05,1.990499208879002e-05,0.020561390142406755,0.19722312885108997,0.10889225949674837
torch_noqueue,torch,torch_noqueue,32,32,32,1,1,0.47779743064633379,0.01649513808230672,0.01649513808230672,0.49429256872864052,0.01649513808230672,true,false,accepted,,,true,1.8546274401934713,2.0400083453742517,0.27955171580961236,0.68966927916124054,1.8588949719999304,2.0508413540059358,0.23007301468802194,0.63232118324179942,seg.final_tm.range_box,physical_endpoint_after_tau_substitution_tau_dropped,false,false,false,true,TMVector.range_box on seg.final_tm after substitute_const(tau=h).drop_variable(tau),4,2.0000000000000008e-12,2.0000000000000008e-12,4.0000000000000015e-12,4.6616650612350067e-06,4.3658944552559839e-05,4.8320609613794847e-05,"diagnostic label: endpoint_box_before_center is the accepted final segment range, not the normalized-insertion inserted_endpoint/right_map range",1.9548684573188781,0.43123303467755336,0.090038185510315505,0.1990465164720446,1.8648302718085619,2.0449066428291949,0.23218651820550862,0.63027955114959822,-0.0001,0.0001,-0.0001,0.0001,-2.3419334604609644e-06,2.3197296007740414e-06,-2.1577808984264001e-05,2.2081133568295832e-05,,,,,2.0000000000000008e-12,2.0000000000000008e-12,-2.3419344604609647e-06,2.3197306007740416e-06,-2.1577809984264004e-05,2.2081134568295832e-05,0.00020000000000000001,0.00020000000000000001,0.00040000000000000002,4.6616630612350062e-06,4.365894255255984e-05,4.8320605613794849e-05,0.17823465307919059,0.38594463426731507,0.56417928734650569,0.18007637102063304,0.39809303294408965,0.57816940396472272,0.19194638200600547,0.40224816855377754,0.59419455055978299,0.19194638200600547,0.40224816855377754,0.59419455055978299,,,,0,0,,0.20085214513726893,0.49680160085202058,0.69765374598928953,0.17823465307919059,0.38594463426731507,0.56417928734650569,0.17823465307919059,0.38594463426731507,0.56417928734650569,0.17823465307919059,0.38594463426731507,0.56417928734650569,1.9548684573188781,0.43123303467755336,0.090038185510315505,0.1990465164720446,11.106398849912761,5.0239512739246885,0.18007637102063304,0.39809303294408965,0.57816940396472272,0.00020000000000000001,0.00020000000000000001,0.00040000000000000002,4.6616630612350062e-06,4.365894255255984e-05,4.8320605613794849e-05,4.6616650612350067e-06,4.3658944552559839e-05,4.8320609613794847e-05,2.0000000000000008e-12,2.0000000000000008e-12,4.0000000000000015e-12,0,,11.106398849912761,5.0239512739246885,0,0,0,0,0,0,0.19194638200600547,0.40224816855377754,0.59419455055978299,4.6616630612350062e-06,4.365894255255984e-05,4.8320605613794849e-05,-0.0001,0.0001,-0.0001,0.0001,-2.3419344604609647e-06,2.3197306007740416e-06,-2.1577809984264004e-05,2.2081134568295832e-05,-2.3419334604609644e-06,2.3197296007740414e-06,-2.1577808984264001e-05,2.2081133568295832e-05,0.023308315306175029,0.21829471276279919,0.12080151403448712
torch_noqueue,torch,torch_noqueue,33,33,33,1,1,0.49429256872864052,0.0057074312713594755,0.0057074312713594755,0.5,0.0057074312713594755,true,false,accepted,,,true,1.8648302718085619,2.0449066428291949,0.23218651820550862,0.63027955114959822,1.8661152420503238,2.0484412488776131,0.21562494874454857,0.61087086357969933,seg.final_tm.range_box,physical_endpoint_after_tau_substitution_tau_dropped,false,false,false,true,TMVector.range_box on seg.final_tm after substitute_const(tau=h).drop_variable(tau),4,2.0000000000000008e-12,2.0000000000000008e-12,4.0000000000000015e-12,1.2264370721202423e-06,9.4700523583565631e-06,1.0696489430476806e-05,"diagnostic label: endpoint_box_before_center is the accepted final segment range, not the normalized-insertion inserted_endpoint/right_map range",1.9572782744677737,0.41325814969501828,0.089135933652163407,0.19691627913141163,1.8681423408156097,2.0464142081199381,0.21634187056360651,0.61017442882643025,-0.0001,0.0001,-0.0001,0.0001,-6.1375138020533093e-07,6.1268369191491089e-07,-4.7236614324357883e-06,4.7463889259207718e-06,,,,,2.0000000000000008e-12,2.0000000000000008e-12,-6.1375238020533106e-07,6.1268469191491102e-07,-4.7236624324357886e-06,4.7463899259207729e-06,0.00020000000000000001,0.00020000000000000001,0.00040000000000000002,1.226435072120242e-06,9.4700503583565609e-06,1.0696485430476803e-05,0.1763606680591886,0.38163756867264159,0.55799823673183013,0.17827186730432845,0.39383255826282376,0.57210442556715224,0.18232600682728942,0.39524591483515081,0.5775719216624402,0.18232600682728942,0.39524591483515081,0.5775719216624402,,,,0,0,,0.18489148302082484,0.42643870579630311,0.61133018881712797,0.1763606680591886,0.38163756867264159,0.55799823673183013,0.1763606680591886,0.38163756867264159,0.55799823673183013,0.1763606680591886,0.38163756867264159,0.55799823673183013,1.9572782744677737,0.41325814969501828,0.089135933652163407,0.19691627913141163,11.21882005412448,5.0783003031082679,0.17827186730432845,0.39383255826282376,0.57210442556715224,0.00020000000000000001,0.00020000000000000001,0.00040000000000000002,1.226435072120242e-06,9.4700503583565609e-06,1.0696485430476803e-05,1.2264370721202423e-06,9.4700523583565631e-06,1.0696489430476806e-05,2.0000000000000008e-12,2.0000000000000008e-12,4.0000000000000015e-12,0,,11.21882005412448,5.0783003031082679,0,0,0,0,0,0,0.18232600682728942,0.39524591483515081,0.5775719216624402,1.226435072120242e-06,9.4700503583565609e-06,1.0696485430476803e-05,-0.0001,0.0001,-0.0001,0.0001,-6.1375238020533106e-07,6.1268469191491102e-07,-4.7236624324357886e-06,4.7463899259207729e-06,-6.1375138020533093e-07,6.1268369191491089e-07,-4.7236614324357883e-06,4.7463889259207718e-06,0.0061321753606012096,0.047350251791782802,0.026741213576192007
