trace_source,source,mode,attempt_global_index,accepted_step_index,step_index,attempt_index_within_step,adaptive_attempt_index,t_before,h_try,h,t_after,h_after_if_rejected_or_next,accepted,rejected,status,rejection_reason,message,residual_subset_target,target_check_width_x,target_check_width_y,target_check_width_sum,ordinary_step_remainder_width_x,ordinary_step_remainder_width_y,ordinary_step_remainder_width_sum,right_map_range_width_x,right_map_range_width_y,right_map_range_width_sum,reset_width_x,reset_width_y,reset_width_sum,output_range_width_x,output_range_width_y,output_range_width_sum,final_segment_width_x,final_segment_width_y,final_segment_width_sum,output_only_symbolic_width_x,output_only_symbolic_width_y,output_only_symbolic_width_sum,queue_size,j_count,phi_l_count,tmv_pre_range_width_x,tmv_pre_range_width_y,tmv_pre_range_width_sum,tmv_right_range_width_x,tmv_right_range_width_y,tmv_right_range_width_sum,tmv_right_normal_range_width_x,tmv_right_normal_range_width_y,tmv_right_normal_range_width_sum,endpoint_pre_center_width_x,endpoint_pre_center_width_y,endpoint_pre_center_width_sum,center_x,center_y,scale_x,scale_y,inv_scale_x,inv_scale_y,new_x0_width_x,new_x0_width_y,new_x0_width_sum,target_remainder_width_x,target_remainder_width_y,target_remainder_width_sum,picard_no_remainder_residual_width_x,picard_no_remainder_residual_width_y,picard_no_remainder_residual_width_sum,picard_ctrunc_normal_residual_width_x,picard_ctrunc_normal_residual_width_y,picard_ctrunc_normal_residual_width_sum,cutoff_polynomial_difference_width_x,cutoff_polynomial_difference_width_y,cutoff_polynomial_difference_width_sum,symbolic_J_size,symbolic_Phi_L_size,scalar_x,scalar_y,symbolic_J_width_x,symbolic_J_width_y,symbolic_J_width_sum,symbolic_propagated_width_x,symbolic_propagated_width_y,symbolic_propagated_width_sum,final_flowpipe_width_x,final_flowpipe_width_y,final_flowpipe_width_sum,residual_width_x,residual_width_y,residual_width_sum,residual_over_target_x,residual_over_target_y,residual_over_target_sum
torch_v2,torch,torch_v2,0,0,0,1,1,0,0.10000000000000001,0.10000000000000001,0.10000000000000001,0.050000000000000003,false,true,rejected,Flowstar ctrunc tmp remainder not subset of target remainder,Flowstar ctrunc tmp remainder not subset of target remainder,false,0.00020000000000000001,0.00020000000000000001,0.00040000000000000002,0.00043386967452604247,0.0061367004950257228,0.0065705701695517654,,,,,,,0.29984460144736197,0.30287224200093782,0.60271684344829979,0.29984460144736197,0.30287224200093782,0.60271684344829979,,,,,,,0.57762096850465749,0.6963860799973679,1.2740070485020254,,,,,,,,,,,,,,,,,,,0.00020000000000000001,0.00020000000000000001,0.00040000000000000002,0.00043386967452604247,0.0061367004950257228,0.0065705701695517654,0.00043386967652604268,0.0061367004970257237,0.0065705701735517662,2.0000000000000008e-12,2.0000000000000008e-12,4.0000000000000015e-12,,,,,,,,,,,0.29984460144736197,0.30287224200093782,0.60271684344829979,0.00043386967452604247,0.0061367004950257228,0.0065705701695517654,2.1693483726302123,30.683502475128613,16.426425423879412
torch_v2,torch,torch_v2,1,0,0,2,2,0,0.050000000000000003,0.050000000000000003,0.050000000000000003,0.025000000000000001,false,true,rejected,Flowstar ctrunc tmp remainder not subset of target remainder,Flowstar ctrunc tmp remainder not subset of target remainder,false,0.00020000000000000001,0.00020000000000000001,0.00040000000000000002,4.2839223410115631e-05,0.00056991946398231329,0.00061275868739242892,,,,,,,0.30242871194676685,0.20449425473210339,0.50692296667887027,0.30242871194676685,0.20449425473210339,0.50692296667887027,,,,,,,0.43146315904149662,0.36704790215897282,0.79851106120046944,,,,,,,,,,,,,,,,,,,0.00020000000000000001,0.00020000000000000001,0.00040000000000000002,4.2839223410115631e-05,0.00056991946398231329,0.00061275868739242892,4.283922541011563e-05,0.00056991946598231329,0.00061275869139242891,2.0000000000000008e-12,2.0000000000000008e-12,4.0000000000000015e-12,,,,,,,,,,,0.30242871194676685,0.20449425473210339,0.50692296667887027,4.2839223410115631e-05,0.00056991946398231329,0.00061275868739242892,0.21419611705057814,2.8495973199115663,1.5318967184810723
torch_v2,torch,torch_v2,2,0,0,3,3,0,0.025000000000000001,0.025000000000000001,0.025000000000000001,0.037500000000000006,true,false,accepted,,,true,0.00020000000000000001,0.00020000000000000001,0.00040000000000000002,8.3086088460146703e-06,0.0001103025972840523,0.00011861120613006697,0.30185892551351551,0.15297300515207976,0.45483193066559524,0.30187451964103001,0.15416690205854791,0.45604142169957795,0.30185892551351806,0.15297300515208703,0.45483193066560512,0.30185892551351806,0.15297300515208703,0.45483193066560512,4.9406564584124654e-324,4.9406564584124654e-324,9.8813129168249309e-324,1,1,1,0.36406781506989755,0.22708719055442653,0.5911550056243241,0.30185892551351551,0.15297300515207976,0.45483193066559524,0.30185892551351551,0.15297300515207976,0.45483193066559524,0.30185892551351551,0.15297300515207976,0.45483193066559524,1.3091480530492146,2.3302942066425647,0.15093725982051429,0.077083451029272401,6.6252693416399717,12.972953165008796,0.30187451964103001,0.15416690205854791,0.45604142169957795,0.00020000000000000001,0.00020000000000000001,0.00040000000000000002,8.3086088460146703e-06,0.0001103025972840523,0.00011861120613006697,8.3086108460146724e-06,0.0001103025992840523,0.00011861121013006697,2.0000000000000008e-12,2.0000000000000008e-12,4.0000000000000015e-12,1,1,6.6252693416399717,12.972953165008796,8.3086108460146792e-06,0.00011030259928405238,0.00011861121013006707,4.9406564584124654e-324,4.9406564584124654e-324,9.8813129168249309e-324,0.30185892551351806,0.15297300515208703,0.45483193066560512,8.3086088460146703e-06,0.0001103025972840523,0.00011861120613006697,0.04154304423007335,0.55151298642026148,0.29652801532516743
torch_v2,torch,torch_v2,3,1,1,1,1,0.025000000000000001,0.037500000000000006,0.037500000000000006,0.0625,0.018750000000000003,false,true,rejected,Flowstar ctrunc tmp remainder not subset of target remainder,Flowstar ctrunc tmp remainder not subset of target remainder,false,0.00020000000000000001,0.00020000000000000001,0.00040000000000000002,2.1704803145352965e-05,0.00030505684013168774,0.0003267616432770407,,,,,,,0.30616104338434053,0.23252151545902636,0.53868255884336691,0.30616104338434053,0.23252151545902636,0.53868255884336691,,,,,,,0.39897130663923425,0.36828735739778479,0.76725866403701903,,,,,,,,,,,,,,,,,,,0.00020000000000000001,0.00020000000000000001,0.00040000000000000002,2.1704803145352965e-05,0.00030505684013168774,0.0003267616432770407,2.1704805145352968e-05,0.00030505684213168779,0.00032676164727704073,2.0000000000000008e-12,2.0000000000000008e-12,4.0000000000000015e-12,,,,,,,,,,,0.30616104338434053,0.23252151545902636,0.53868255884336691,2.1704803145352965e-05,0.00030505684013168774,0.0003267616432770407,0.10852401572676482,1.5252842006584386,0.81690410819260173
torch_v2,torch,torch_v2,4,1,1,2,2,0.025000000000000001,0.018750000000000003,0.018750000000000003,0.043750000000000004,0.028125000000000004,true,false,accepted,,,true,0.00020000000000000001,0.00020000000000000001,0.00040000000000000002,5.4625664330841007e-06,7.2528971346751684e-05,7.7991537779835779e-05,0.30239790754416601,0.19154152531964297,0.49393943286380898,0.30244252680155231,0.1934066202551428,0.49584914705669514,0.3043929908009318,0.1939883619949119,0.49838135279584372,0.3043929908009318,0.1939883619949119,0.49838135279584372,1.1280890690674446e-05,7.1439999289213543e-05,8.2720889979887984e-05,2,2,2,0.349421261204445,0.25766587248033718,0.60708713368478218,0.30239790754416601,0.19154152531964297,0.49393943286380898,0.30239790754416601,0.19154152531964297,0.49393943286380898,0.30239790754416601,0.19154152531964297,0.49393943286380898,1.3523028984975192,2.2720696686888684,0.15122126340077532,0.096703310127570191,6.6128266456136018,10.340907655392648,0.30244252680155231,0.1934066202551428,0.49584914705669514,0.00020000000000000001,0.00020000000000000001,0.00040000000000000002,5.4625664330841007e-06,7.2528971346751684e-05,7.7991537779835779e-05,5.4625684330841012e-06,7.2528973346751716e-05,7.7991541779835817e-05,2.0000000000000008e-12,2.0000000000000008e-12,4.0000000000000015e-12,2,2,6.6128266456136018,10.340907655392648,1.582333496451941e-05,0.00018333536265846299,0.00019915869762298239,1.1280890690674446e-05,7.1439999289213543e-05,8.2720889979887984e-05,0.3043929908009318,0.1939883619949119,0.49838135279584372,5.4625664330841007e-06,7.2528971346751684e-05,7.7991537779835779e-05,0.027312832165420502,0.3626448567337584,0.19497884444958943
torch_v2,torch,torch_v2,5,2,2,1,1,0.043750000000000004,0.028125000000000004,0.028125000000000004,0.071875000000000008,0.042187500000000003,true,false,accepted,,,true,0.00020000000000000001,0.00020000000000000001,0.00040000000000000002,1.1915031885218382e-05,0.00017447469623409925,0.00018638972811931763,0.30183760131485221,0.24657229719364412,0.54840989850849631,0.30194460390362649,0.24905588560560246,0.55100048950922897,0.30702360246189603,0.2517924563204868,0.55881605878238283,0.30702360246189603,0.2517924563204868,0.55881605878238283,3.5397323890917782e-05,0.0001324407107591745,0.00016783803465009227,3,3,3,0.37411090999733793,0.36125252779864298,0.7353634377959809,0.30183760131485221,0.24657229719364412,0.54840989850849631,0.30183760131485221,0.24657229719364412,0.54840989850849631,0.30183760131485221,0.24657229719364412,0.54840989850849631,1.4148763710059524,2.1759175788859051,0.15097230195181252,0.12452794280279968,6.6237315525544611,8.0303261861764064,0.30194460390362649,0.24905588560560246,0.55100048950922897,0.00020000000000000001,0.00020000000000000001,0.00040000000000000002,1.1915031885218382e-05,0.00017447469623409925,0.00018638972811931763,1.1915033885218382e-05,0.00017447469823409924,0.00018638973211931761,2.0000000000000008e-12,2.0000000000000008e-12,4.0000000000000015e-12,3,3,6.6237315525544611,8.0303261861764064,3.2819814018221121e-05,0.00035873233448759995,0.00039155214850582107,3.5397323890917782e-05,0.0001324407107591745,0.00016783803465009227,0.30702360246189603,0.2517924563204868,0.55881605878238283,1.1915031885218382e-05,0.00017447469623409925,0.00018638972811931763,0.059575159426091907,0.87237348117049618,0.46597432029829405
torch_v2,torch,torch_v2,6,3,3,1,1,0.071875000000000008,0.042187500000000003,0.042187500000000003,0.11406250000000001,0.021093750000000001,false,true,rejected,Flowstar ctrunc tmp remainder not subset of target remainder,Flowstar ctrunc tmp remainder not subset of target remainder,false,0.00020000000000000001,0.00020000000000000001,0.00040000000000000002,3.2844386792804355e-05,0.00053321965822144223,0.00056606404501424658,,,,,,,0.31046949077163682,0.33112678989156047,0.64159628066319729,0.31046949077163682,0.33112678989156047,0.64159628066319729,,,,,,,0.40999013697435488,0.52765466885651569,0.93764480583087062,,,,,,,,,,,,,,,,,,,0.00020000000000000001,0.00020000000000000001,0.00040000000000000002,3.2844386792804355e-05,0.00053321965822144223,0.00056606404501424658,3.2844388792804354e-05,0.00053321966022144233,0.00056606404901424667,2.0000000000000008e-12,2.0000000000000008e-12,4.0000000000000015e-12,,,,,,,,,,,0.31046949077163682,0.33112678989156047,0.64159628066319729,3.2844386792804355e-05,0.00053321965822144223,0.00056606404501424658,0.16422193396402177,2.6660982911072111,1.4151601125356164
torch_v2,torch,torch_v2,7,3,3,2,2,0.071875000000000008,0.021093750000000001,0.021093750000000001,0.092968750000000017,0.031640625000000006,true,false,accepted,,,true,0.00020000000000000001,0.00020000000000000001,0.00040000000000000002,7.2670657785676811e-06,0.00010839485278695529,0.00011566191856552296,0.30035647295662288,0.28483804564769771,0.58519451860432059,0.30051798497253795,0.28747158784587917,0.58798957281841713,0.30670271996053483,0.29150215258059592,0.59820487254113075,0.30670271996053483,0.29150215258059592,0.59820487254113075,8.2365653904001694e-05,0.0002040003003928503,0.000286365954296852,4,4,4,0.35450217312677529,0.38350720702620694,0.73800938015298223,0.30035647295662288,0.28483804564769771,0.58519451860432059,0.30035647295662288,0.28483804564769771,0.58519451860432059,0.30035647295662288,0.28483804564769771,0.58519451860432059,1.4599566483652076,2.0975235654457456,0.15025899248626828,0.14373579392293837,6.6551757299410017,6.9572092845302951,0.30051798497253795,0.28747158784587917,0.58798957281841713,0.00020000000000000001,0.00020000000000000001,0.00040000000000000002,7.2670657785676811e-06,0.00010839485278695529,0.00011566191856552296,7.2670677785676815e-06,0.00010839485478695529,0.00011566192256552298,2.0000000000000008e-12,2.0000000000000008e-12,4.0000000000000015e-12,4,4,6.6551757299410017,6.9572092845302951,4.7559755411059121e-05,0.00046797587225357739,0.00051553562766463654,8.2365653904001694e-05,0.0002040003003928503,0.000286365954296852,0.30670271996053483,0.29150215258059592,0.59820487254113075,7.2670657785676811e-06,0.00010839485278695529,0.00011566191856552296,0.036335328892838401,0.54197426393477643,0.28915479641380737
torch_v2,torch,torch_v2,8,4,4,1,1,0.092968750000000017,0.031640625000000006,0.031640625000000006,0.12460937500000002,0.015820312500000003,false,true,rejected,Flowstar ctrunc tmp remainder not subset of target remainder,Flowstar ctrunc tmp remainder not subset of target remainder,false,0.00020000000000000001,0.00020000000000000001,0.00040000000000000002,1.6681986934836212e-05,0.00027844818249376781,0.00029513016942860402,,,,,,,0.30848115066108656,0.347104867996543,0.65558601865762955,0.30848115066108656,0.347104867996543,0.65558601865762955,,,,,,,0.3793311726100444,0.50250538747187046,0.88183656008191491,,,,,,,,,,,,,,,,,,,0.00020000000000000001,0.00020000000000000001,0.00040000000000000002,1.6681986934836212e-05,0.00027844818249376781,0.00029513016942860402,1.6681988934836214e-05,0.00027844818449376785,0.00029513017342860405,2.0000000000000008e-12,2.0000000000000008e-12,4.0000000000000015e-12,,,,,,,,,,,0.30848115066108656,0.347104867996543,0.65558601865762955,1.6681986934836212e-05,0.00027844818249376781,0.00029513016942860402,0.083409934674181049,1.3922409124688391,0.73782542357151004
torch_v2,torch,torch_v2,9,4,4,2,2,0.092968750000000017,0.015820312500000003,0.015820312500000003,0.10878906250000002,0.023730468750000004,true,false,accepted,,,true,0.00020000000000000001,0.00020000000000000001,0.00040000000000000002,4.6646682953602121e-06,6.758501115758382e-05,7.2249679452944028e-05,0.29866632927805442,0.311505694545328,0.61017202382338243,0.29886924340038773,0.31407862216314203,0.61294786556352976,0.30478341297511352,0.31819741346446145,0.62298082643957498,0.30478341297511352,0.31819741346446145,0.62298082643957498,0.00014565729806103014,0.00025969333168186147,0.00040535062974289158,5,5,5,0.33907558574331925,0.39238663986166583,0.73146222560498508,0.29866632927805442,0.311505694545328,0.61017202382338243,0.29866632927805442,0.311505694545328,0.61017202382338243,0.29866632927805442,0.311505694545328,0.61017202382338243,1.4926536068307155,2.0355984750311635,0.14943462170019312,0.15703931108156977,6.6918896613281129,6.3678323160789807,0.29886924340038773,0.31407862216314203,0.61294786556352976,0.00020000000000000001,0.00020000000000000001,0.00040000000000000002,4.6646682953602121e-06,6.758501115758382e-05,7.2249679452944028e-05,4.6646702953602125e-06,6.7585013157583839e-05,7.2249683452944052e-05,2.0000000000000008e-12,2.0000000000000008e-12,4.0000000000000015e-12,5,5,6.6918896613281129,6.3678323160789807,5.9550027863729293e-05,0.00053636498402910072,0.00059591501189283007,0.00014565729806103014,0.00025969333168186147,0.00040535062974289158,0.30478341297511352,0.31819741346446145,0.62298082643957498,4.6646682953602121e-06,6.758501115758382e-05,7.2249679452944028e-05,0.023323341476801058,0.33792505578791909,0.18062419863236007
torch_v2,torch,torch_v2,10,5,5,1,1,0.10878906250000002,0.023730468750000004,0.023730468750000004,0.13251953125000002,0.035595703125000003,true,false,accepted,,,true,0.00020000000000000001,0.00020000000000000001,0.00040000000000000002,9.3411467575384109e-06,0.00015343104615800007,0.00016277219291553849,0.29524031316874383,0.34789003930634194,0.64313035247508576,0.29550068048000627,0.35010412573032973,0.645604806210336,0.30567999119845674,0.3575341973580371,0.66321418855649383,0.30567999119845674,0.3575341973580371,0.66321418855649383,0.00021810670384514084,0.00034005151704917703,0.00055815822089431782,6,6,6,0.35655649566364628,0.47816354968607261,0.83472004534971889,0.29524031316874383,0.34789003930634194,0.64313035247508576,0.29524031316874383,0.34789003930634194,0.64313035247508576,0.29524031316874383,0.34789003930634194,0.64313035247508576,1.5398149631608393,1.9383434258624415,0.14775034024000244,0.17505206286516389,6.768173923495687,5.7125862079686707,0.29550068048000627,0.35010412573032973,0.645604806210336,0.00020000000000000001,0.00020000000000000001,0.00040000000000000002,9.3411467575384109e-06,0.00015343104615800007,0.00016277219291553849,9.3411487575384131e-06,0.00015343104815800006,0.00016277219691553847,2.0000000000000008e-12,2.0000000000000008e-12,4.0000000000000015e-12,6,6,6.768173923495687,5.7125862079686707,8.1393796582249596e-05,0.00069037727477843269,0.00077177107136068232,0.00021810670384514084,0.00034005151704917703,0.00055815822089431782,0.30567999119845674,0.3575341973580371,0.66321418855649383,9.3411467575384109e-06,0.00015343104615800007,0.00016277219291553849,0.04670573378769205,0.76715523079000036,0.40693048228884621
torch_v2,torch,torch_v2,11,6,6,1,1,0.13251953125000002,0.035595703125000003,0.035595703125000003,0.16811523437500003,0.017797851562500001,false,true,rejected,Flowstar ctrunc tmp remainder not subset of target remainder,Flowstar ctrunc tmp remainder not subset of target remainder,false,0.00020000000000000001,0.00020000000000000001,0.00040000000000000002,2.2619923211812264e-05,0.00041554319805021955,0.00043816312126203181,,,,,,,0.30650855821881989,0.40832306923121414,0.71483162745003404,0.30650855821881989,0.40832306923121414,0.71483162745003404,,,,,,,0.38150356159478688,0.60954540880092878,0.99104897039571571,,,,,,,,,,,,,,,,,,,0.00020000000000000001,0.00020000000000000001,0.00040000000000000002,2.2619923211812264e-05,0.00041554319805021955,0.00043816312126203181,2.2619925211812266e-05,0.0004155432000502196,0.00043816312526203185,2.0000000000000008e-12,2.0000000000000008e-12,4.0000000000000015e-12,,,,,,,,,,,0.30650855821881989,0.40832306923121414,0.71483162745003404,2.2619923211812264e-05,0.00041554319805021955,0.00043816312126203181,0.11309961605906131,2.0777159902510975,1.0954078031550796
torch_v2,torch,torch_v2,12,6,6,2,2,0.13251953125000002,0.017797851562500001,0.017797851562500001,0.15031738281250001,0.026696777343750002,true,false,accepted,,,true,0.00020000000000000001,0.00020000000000000001,0.00040000000000000002,5.7860709959016093e-06,9.0703385054952105e-05,9.6489456050853715e-05,0.29200367289641166,0.37201722842924007,0.66402090132565172,0.29229958040390752,0.37377154418142206,0.66607112458532958,0.30136781392074302,0.38059552856279205,0.68196334248353507,0.30136781392074302,0.38059552856279205,0.68196334248353507,0.00030768752642185143,0.00046949562430289367,0.00077718315072474505,7,7,7,0.3373502307726684,0.47662149530889836,0.81397172608156676,0.29200367289641166,0.37201722842924007,0.66402090132565172,0.29200367289641166,0.37201722842924007,0.66402090132565172,0.29200367289641166,0.37201722842924007,0.66402090132565172,1.5736415584975865,1.8624829621786041,0.14614979020195298,0.18688577209071006,6.8422951453996488,5.3508621272390018,0.29229958040390752,0.37377154418142206,0.66607112458532958,0.00020000000000000001,0.00020000000000000001,0.00040000000000000002,5.7860709959016093e-06,9.0703385054952105e-05,9.6489456050853715e-05,5.7860729959016098e-06,9.070338705495211e-05,9.6489460050853726e-05,2.0000000000000008e-12,2.0000000000000008e-12,4.0000000000000015e-12,7,7,6.8422951453996488,5.3508621272390018,9.9288709524338441e-05,0.0007810253996883038,0.00088031410921264228,0.00030768752642185143,0.00046949562430289367,0.00077718315072474505,0.30136781392074302,0.38059552856279205,0.68196334248353507,5.7860709959016093e-06,9.0703385054952105e-05,9.6489456050853715e-05,0.028930354979508046,0.45351692527476051,0.24122364012713426
torch_v2,torch,torch_v2,13,7,7,1,1,0.15031738281250001,0.026696777343750002,0.026696777343750002,0.17701416015625002,0.013348388671875001,false,true,rejected,Flowstar ctrunc tmp remainder not subset of target remainder,Flowstar ctrunc tmp remainder not subset of target remainder,false,0.00020000000000000001,0.00020000000000000001,0.00040000000000000002,1.2356902596082107e-05,0.0002145220457339806,0.00022687894833006272,,,,,,,0.3014575607577637,0.41521164211476208,0.71666920287252578,0.3014575607577637,0.41521164211476208,0.71666920287252578,,,,,,,0.3545901957909337,0.56975224287865489,0.92434243866958865,,,,,,,,,,,,,,,,,,,0.00020000000000000001,0.00020000000000000001,0.00040000000000000002,1.2356902596082107e-05,0.0002145220457339806,0.00022687894833006272,1.2356904596082109e-05,0.00021452204773398062,0.00022687895233006273,2.0000000000000008e-12,2.0000000000000008e-12,4.0000000000000015e-12,,,,,,,,,,,0.3014575607577637,0.41521164211476208,0.71666920287252578,1.2356902596082107e-05,0.0002145220457339806,0.00022687894833006272,0.06178451298041053,1.0726102286699029,0.56719737082515675
torch_v2,torch,torch_v2,14,7,7,2,2,0.15031738281250001,0.013348388671875001,0.013348388671875001,0.163665771484375,0.020022583007812501,true,false,accepted,,,true,0.00020000000000000001,0.00020000000000000001,0.00040000000000000002,3.8046716504761317e-06,5.5370915210754418e-05,5.9175586861230552e-05,0.28922288598384988,0.38823812810342723,0.6774610140872771,0.28953934525258213,0.38955202656102023,0.67909137181360235,0.29708403058072413,0.39531350096196599,0.69239753154269013,0.29708403058072413,0.39531350096196599,0.69239753154269013,0.00040621143596016545,0.00061579679025550681,0.0010220082262156723,8,8,8,0.32279179719635526,0.47009883092283605,0.79289062811919131,0.28922288598384988,0.38823812810342723,0.6774610140872771,0.28922288598384988,0.38823812810342723,0.6774610140872771,0.28922288598384988,0.38823812810342723,0.6774610140872771,1.5981151078735458,1.8042342945299252,0.14476967262629023,0.19477601328050934,6.9075240819353736,5.1341024141398579,0.28953934525258213,0.38955202656102023,0.67909137181360235,0.00020000000000000001,0.00020000000000000001,0.00040000000000000002,3.8046716504761317e-06,5.5370915210754418e-05,5.9175586861230552e-05,3.8046736504761321e-06,5.5370917210754417e-05,5.917559086123055e-05,2.0000000000000008e-12,2.0000000000000008e-12,4.0000000000000015e-12,8,8,6.9075240819353736,5.1341024141398579,0.00011339686713107212,0.00083624136365279998,0.00094963823078387209,0.00040621143596016545,0.00061579679025550681,0.0010220082262156723,0.29708403058072413,0.39531350096196599,0.69239753154269013,3.8046716504761317e-06,5.5370915210754418e-05,5.9175586861230552e-05,0.019023358252380659,0.27685457605377206,0.14793896715307636
torch_v2,torch,torch_v2,15,8,8,1,1,0.163665771484375,0.020022583007812501,0.020022583007812501,0.18368835449218751,0.030033874511718753,true,false,accepted,,,true,0.00020000000000000001,0.00020000000000000001,0.00040000000000000002,7.3025533048564301e-06,0.00011793917070786936,0.00012524172401272578,0.28452258497686522,0.40951031756114431,0.69403290253800953,0.28485753911189754,0.4100260485620591,0.69488358767395664,0.29687784755910079,0.41931396672926896,0.71619181428836975,0.29687784755910079,0.41931396672926896,0.71619181428836975,0.00050204943797305145,0.00079858519959678884,0.0013006346375698404,9,9,9,0.33493203755339757,0.53697742309260932,0.87190946064600694,0.28452258497686522,0.40951031756114431,0.69403290253800953,0.28452258497686522,0.40951031756114431,0.69403290253800953,0.28452258497686522,0.40951031756114431,0.69403290253800953,1.6333515150901237,1.7151250664667168,0.14242876955594796,0.20501302428102874,7.021053422828218,4.8777388827219834,0.28485753911189754,0.4100260485620591,0.69488358767395664,0.00020000000000000001,0.00020000000000000001,0.00040000000000000002,7.3025533048564301e-06,0.00011793917070786936,0.00012524172401272578,7.3025553048564323e-06,0.00011793917270786938,0.00012524172801272582,2.0000000000000008e-12,2.0000000000000008e-12,4.0000000000000015e-12,9,9,7.021053422828218,4.8777388827219834,0.0001371288522658176,0.0009528937368765343,0.0010900225891423518,0.00050204943797305145,0.00079858519959678884,0.0013006346375698404,0.29687784755910079,0.41931396672926896,0.71619181428836975,7.3025533048564301e-06,0.00011793917070786936,0.00012524172401272578,0.036512766524282148,0.58969585353934673,0.31310431003181444
torch_v2,torch,torch_v2,16,9,9,1,1,0.18368835449218751,0.030033874511718753,0.030033874511718753,0.21372222900390625,0.015016937255859376,false,true,rejected,Flowstar ctrunc tmp remainder not subset of target remainder,Flowstar ctrunc tmp remainder not subset of target remainder,false,0.00020000000000000001,0.00020000000000000001,0.00040000000000000002,1.648961631395721e-05,0.00028946152066033215,0.00030595113697428939,,,,,,,0.29614173600848109,0.4486424185381615,0.7447841545466426,0.29614173600848109,0.4486424185381615,0.7447841545466426,,,,,,,0.35204864469033376,0.63644988479112408,0.98849852948145789,,,,,,,,,,,,,,,,,,,0.00020000000000000001,0.00020000000000000001,0.00040000000000000002,1.648961631395721e-05,0.00028946152066033215,0.00030595113697428939,1.6489618313957212e-05,0.00028946152266033219,0.00030595114097428942,2.0000000000000008e-12,2.0000000000000008e-12,4.0000000000000015e-12,,,,,,,,,,,0.29614173600848109,0.4486424185381615,0.7447841545466426,1.648961631395721e-05,0.00028946152066033215,0.00030595113697428939,0.082448081569786044,1.4473076033016608,0.76487784243572343
torch_v2,torch,torch_v2,17,9,9,2,2,0.18368835449218751,0.015016937255859376,0.015016937255859376,0.19870529174804688,0.022525405883789065,true,false,accepted,,,true,0.00020000000000000001,0.00020000000000000001,0.00040000000000000002,4.6323223773395999e-06,6.9236984460782004e-05,7.3869306838121609e-05,0.28061012445384254,0.42353502059640796,0.7041451450502505,0.28094770107049089,0.42370582166245768,0.70465352273294857,0.29075676201987483,0.4304271998069647,0.72118396182683953,0.29075676201987483,0.4304271998069647,0.72118396182683953,0.00060739719779440745,0.0010181724355971936,0.0016255696333916012,10,10,10,0.3176044435347552,0.52130116603139653,0.83890560956615179,0.28061012445384254,0.42353502059640796,0.7041451450502505,0.28061012445384254,0.42353502059640796,0.7041451450502505,0.28061012445384254,0.42353502059640796,0.7041451450502505,1.6585987346994966,1.6472515583356191,0.14047385053524475,0.21185291083122806,7.1187626464976912,4.7202561252351485,0.28094770107049089,0.42370582166245768,0.70465352273294857,0.00020000000000000001,0.00020000000000000001,0.00040000000000000002,4.6323223773395999e-06,6.9236984460782004e-05,7.3869306838121609e-05,4.6323243773396004e-06,6.923698646078201e-05,7.3869310838121607e-05,2.0000000000000008e-12,2.0000000000000008e-12,4.0000000000000015e-12,10,10,7.1187626464976912,4.7202561252351485,0.00015585693566880961,0.0010204613347510095,0.0011763182704198191,0.00060739719779440745,0.0010181724355971936,0.0016255696333916012,0.29075676201987483,0.4304271998069647,0.72118396182683953,4.6323223773395999e-06,6.9236984460782004e-05,7.3869306838121609e-05,0.023161611886697998,0.34618492230391001,0.18467326709530402
torch_v2,torch,torch_v2,18,10,10,1,1,0.19870529174804688,0.022525405883789065,0.022525405883789065,0.22123069763183595,0.033788108825683595,true,false,accepted,,,true,0.00020000000000000001,0.00020000000000000001,0.00040000000000000002,9.3020642078942149e-06,0.00015279637956358216,0.00016209844377147639,0.27418210606681986,0.44223893586931823,0.71642104193613809,0.27450294302506656,0.4435535398343467,0.71805648285941326,0.28991459096987243,0.45078574395718524,0.74070033492705767,0.28991459096987243,0.45078574395718524,0.74070033492705767,0.00070402595371312437,0.0012583057266063119,0.0019623316803194365,11,11,11,0.32949026598926029,0.59283824769277815,0.9223285136820385,0.27418210606681986,0.44223893586931823,0.71642104193613809,0.27418210606681986,0.44223893586931823,0.71642104193613809,0.27418210606681986,0.44223893586931823,0.71642104193613809,1.6945469071880228,1.5443795986749826,0.13725147151253253,0.22177676991717252,7.2858963840594546,4.5090385272247957,0.27450294302506656,0.4435535398343467,0.71805648285941326,0.00020000000000000001,0.00020000000000000001,0.00040000000000000002,9.3020642078942149e-06,0.00015279637956358216,0.00016209844377147639,9.3020662078942171e-06,0.00015279638156358215,0.00016209844777147637,2.0000000000000008e-12,2.0000000000000008e-12,4.0000000000000015e-12,11,11,7.2858963840594546,4.5090385272247957,0.00018759959191009471,0.0011686680647885769,0.0013562676566986715,0.00070402595371312437,0.0012583057266063119,0.0019623316803194365,0.28991459096987243,0.45078574395718524,0.74070033492705767,9.3020642078942149e-06,0.00015279637956358216,0.00016209844377147639,0.046510321039471073,0.76398189781791082,0.40524610942869094
torch_v2,torch,torch_v2,19,11,11,1,1,0.22123069763183595,0.033788108825683595,0.033788108825683595,0.25501880645751956,0.016894054412841798,false,true,rejected,Flowstar ctrunc tmp remainder not subset of target remainder,Flowstar ctrunc tmp remainder not subset of target remainder,false,0.00020000000000000001,0.00020000000000000001,0.00040000000000000002,2.2183271564875805e-05,0.00038765463757154398,0.00040983790913641977,,,,,,,0.28821255909213012,0.47601255214146648,0.7642251112335966,0.28821255909213012,0.47601255214146648,0.7642251112335966,,,,,,,0.34596868030117284,0.70060033995881665,1.0465690202599895,,,,,,,,,,,,,,,,,,,0.00020000000000000001,0.00020000000000000001,0.00040000000000000002,2.2183271564875805e-05,0.00038765463757154398,0.00040983790913641977,2.2183273564875804e-05,0.00038765463957154408,0.00040983791313641991,2.0000000000000008e-12,2.0000000000000008e-12,4.0000000000000015e-12,,,,,,,,,,,0.28821255909213012,0.47601255214146648,0.7642251112335966,2.2183271564875805e-05,0.00038765463757154398,0.00040983790913641977,0.11091635782437902,1.9382731878577197,1.0245947728410494
torch_v2,torch,torch_v2,20,11,11,2,2,0.22123069763183595,0.016894054412841798,0.016894054412841798,0.23812475204467776,0.025341081619262698,true,false,accepted,,,true,0.00020000000000000001,0.00020000000000000001,0.00040000000000000002,5.6776695319832159e-06,8.6061215772571971e-05,9.1738885304555191e-05,0.26896691177330589,0.45327778981060568,0.72224470158391152,0.26925772461229563,0.45550883802417946,0.7247665626364751,0.28167507793766139,0.46115564422731908,0.74283072216498047,0.28167507793766139,0.46115564422731908,0.74283072216498047,0.0008137285854958701,0.001525979560401907,0.0023397081458977772,12,12,12,0.30915227979292964,0.56994780314340054,0.87910008293633024,0.26896691177330589,0.45327778981060568,0.72224470158391152,0.26896691177330589,0.45327778981060568,0.72224470158391152,0.26896691177330589,0.45327778981060568,0.72224470158391152,1.7199828631208014,1.4668302082424396,0.13462886230614712,0.22775441901208898,7.4278277545419042,4.3906941711059444,0.26925772461229563,0.45550883802417946,0.7247665626364751,0.00020000000000000001,0.00020000000000000001,0.00040000000000000002,5.6776695319832159e-06,8.6061215772571971e-05,9.1738885304555191e-05,5.6776715319832164e-06,8.6061217772571977e-05,9.1738889304555189e-05,2.0000000000000008e-12,2.0000000000000008e-12,4.0000000000000015e-12,12,12,7.4278277545419042,4.3906941711059444,0.00021265111274007697,0.001249446369118607,0.0014620974818586839,0.0008137285854958701,0.001525979560401907,0.0023397081458977772,0.28167507793766139,0.46115564422731908,0.74283072216498047,5.6776695319832159e-06,8.6061215772571971e-05,9.1738885304555191e-05,0.028388347659916078,0.43030607886285982,0.22934721326138796
torch_v2,torch,torch_v2,21,12,12,1,1,0.23812475204467776,0.025341081619262698,0.025341081619262698,0.26346583366394044,0.038011622428894047,true,false,accepted,,,true,0.00020000000000000001,0.00020000000000000001,0.00040000000000000002,1.1931331433714298e-05,0.00019478340623206431,0.0002067147376657786,0.26060707102070374,0.4652419864142468,0.72584905743495054,0.26082281334842611,0.46890294580726716,0.72972575915569327,0.28008797644665046,0.47727603345190511,0.75736400989855557,0.28008797644665046,0.47727603345190511,0.75736400989855557,0.00090754262400932534,0.0018082759016310272,0.0027158185256403525,13,13,13,0.32037129339664211,0.64601413745828495,0.96638543085492712,0.26060707102070374,0.4652419864142468,0.72584905743495054,0.26060707102070374,0.4652419864142468,0.72584905743495054,0.26060707102070374,0.4652419864142468,0.72584905743495054,1.7556808327623505,1.3506698661168932,0.13041140667421236,0.2344514729036328,7.6680408984327038,4.2652749740285598,0.26082281334842611,0.46890294580726716,0.72972575915569327,0.00020000000000000001,0.00020000000000000001,0.00040000000000000002,1.1931331433714298e-05,0.00019478340623206431,0.0002067147376657786,1.1931333433714297e-05,0.0001947834082320643,0.00020671474166577861,2.0000000000000008e-12,2.0000000000000008e-12,4.0000000000000015e-12,13,13,7.6680408984327038,4.2652749740285598,0.00025531123534810638,0.0014326148613996554,0.0016879260967477619,0.00090754262400932534,0.0018082759016310272,0.0027158185256403525,0.28008797644665046,0.47727603345190511,0.75736400989855557,1.1931331433714298e-05,0.00019478340623206431,0.0002067147376657786,0.059656657168571485,0.97391703116032147,0.51678684416444642
torch_v2,torch,torch_v2,22,13,13,1,1,0.26346583366394044,0.038011622428894047,0.038011622428894047,0.30147745609283449,0.019005811214447024,false,true,rejected,Flowstar ctrunc tmp remainder not subset of target remainder,Flowstar ctrunc tmp remainder not subset of target remainder,false,0.00020000000000000001,0.00020000000000000001,0.00040000000000000002,2.9632566343189553e-05,0.00050460735140975689,0.00053423991775294649,,,,,,,0.2770921523003525,0.49147543566321999,0.7685675879635725,0.2770921523003525,0.49147543566321999,0.7685675879635725,,,,,,,0.33538287116932969,0.75636739924267027,1.0917502704119999,,,,,,,,,,,,,,,,,,,0.00020000000000000001,0.00020000000000000001,0.00040000000000000002,2.9632566343189553e-05,0.00050460735140975689,0.00053423991775294649,2.9632568343189555e-05,0.0005046073534097571,0.00053423992175294669,2.0000000000000008e-12,2.0000000000000008e-12,4.0000000000000015e-12,,,,,,,,,,,0.2770921523003525,0.49147543566321999,0.7685675879635725,2.9632566343189553e-05,0.00050460735140975689,0.00053423991775294649,0.14816283171594777,2.5230367570487844,1.3355997943823661
torch_v2,torch,torch_v2,23,13,13,2,2,0.26346583366394044,0.019005811214447024,0.019005811214447024,0.28247164487838744,0.028508716821670534,true,false,accepted,,,true,0.00020000000000000001,0.00020000000000000001,0.00040000000000000002,6.9535151377282694e-06,0.00010426062927596216,0.00011121414441369042,0.25398218484175689,0.47062385466002016,0.72460603950177704,0.25411785923528024,0.47535950766531304,0.72947736690059328,0.26934166566270995,0.48178963332131747,0.75113129898402742,0.26934166566270995,0.48178963332131747,0.75113129898402742,0.0010213890316857815,0.0021241452399460617,0.0031455342716318431,14,14,14,0.29674003086595852,0.60986861025398331,0.90660864111994188,0.25398218484175689,0.47062385466002016,0.72460603950177704,0.25398218484175689,0.47062385466002016,0.72460603950177704,0.25398218484175689,0.47062385466002016,0.72460603950177704,1.7805286616424298,1.2642304490521257,0.12705892961763937,0.23767975383265583,7.870363798981443,4.2073419543512074,0.25411785923528024,0.47535950766531304,0.72947736690059328,0.00020000000000000001,0.00020000000000000001,0.00040000000000000002,6.9535151377282694e-06,0.00010426062927596216,0.00011121414441369042,6.953517137728269e-06,0.00010426063127596216,0.00011121414841369043,2.0000000000000008e-12,2.0000000000000008e-12,4.0000000000000015e-12,14,14,7.870363798981443,4.2073419543512074,0.00028886445126782574,0.0015245183451197142,0.0018133827963875398,0.0010213890316857815,0.0021241452399460617,0.0031455342716318431,0.26934166566270995,0.48178963332131747,0.75113129898402742,6.9535151377282694e-06,0.00010426062927596216,0.00011121414441369042,0.034767575688641347,0.52130314637981079,0.27803536103422605
torch_v2,torch,torch_v2,24,14,14,1,1,0.28247164487838744,0.028508716821670534,0.028508716821670534,0.31098036170005799,0.014254358410835267,false,true,rejected,Flowstar ctrunc tmp remainder not subset of target remainder,Flowstar ctrunc tmp remainder not subset of target remainder,false,0.00020000000000000001,0.00020000000000000001,0.00040000000000000002,1.5164410552758181e-05,0.00024125809584537837,0.00025642250639813655,,,,,,,0.26680787042233051,0.4891431759218165,0.755951046344147,0.26680787042233051,0.4891431759218165,0.755951046344147,,,,,,,0.30669484536960151,0.68647266487526437,0.99316751024486583,,,,,,,,,,,,,,,,,,,0.00020000000000000001,0.00020000000000000001,0.00040000000000000002,1.5164410552758181e-05,0.00024125809584537837,0.00025642250639813655,1.5164412552758183e-05,0.00024125809784537837,0.00025642251039813653,2.0000000000000008e-12,2.0000000000000008e-12,4.0000000000000015e-12,,,,,,,,,,,0.26680787042233051,0.4891431759218165,0.755951046344147,1.5164410552758181e-05,0.00024125809584537837,0.00025642250639813655,0.075822052763790906,1.2062904792268918,0.64105626599534138
torch_v2,torch,torch_v2,25,14,14,2,2,0.28247164487838744,0.014254358410835267,0.014254358410835267,0.29672600328922272,0.021381537616252902,true,false,accepted,,,true,0.00020000000000000001,0.00020000000000000001,0.00040000000000000002,4.3303485635126853e-06,5.9439094111537165e-05,6.3769442675049847e-05,0.2488508612842398,0.47274436827774741,0.72159522956198718,0.24891324579106258,0.47827140663534923,0.72718465242641184,0.26067703948423532,0.4831370756142746,0.74381411509850992,0.26067703948423532,0.4831370756142746,0.74381411509850992,0.0011411787551474861,0.0024468597235795374,0.0035880384787270233,15,15,15,0.27965508283953461,0.57937983696896023,0.85903491980849478,0.2488508612842398,0.47274436827774741,0.72159522956198718,0.2488508612842398,0.47274436827774741,0.72159522956198718,0.2488508612842398,0.47274436827774741,0.72159522956198718,1.7980912975362964,1.2000570238035597,0.12445662289553051,0.23913570331767403,8.0349279671472758,4.1817260497968141,0.24891324579106258,0.47827140663534923,0.72718465242641184,0.00020000000000000001,0.00020000000000000001,0.00040000000000000002,4.3303485635126853e-06,5.9439094111537165e-05,6.3769442675049847e-05,4.3303505635126857e-06,5.9439096111537164e-05,6.3769446675049845e-05,2.0000000000000008e-12,2.0000000000000008e-12,4.0000000000000015e-12,15,15,8.0349279671472758,4.1817260497968141,0.00031453544930620157,0.0015733138667677268,0.0018878493160739284,0.0011411787551474861,0.0024468597235795374,0.0035880384787270233,0.26067703948423532,0.4831370756142746,0.74381411509850992,4.3303485635126853e-06,5.9439094111537165e-05,6.3769442675049847e-05,0.021651742817563425,0.2971954705576858,0.15942360668762462
torch_v2,torch,torch_v2,26,15,15,1,1,0.29672600328922272,0.021381537616252902,0.021381537616252902,0.31810754090547561,0.032072306424379353,true,false,accepted,,,true,0.00020000000000000001,0.00020000000000000001,0.00040000000000000002,8.4907334877891051e-06,0.00012507687675261217,0.00013356761024040128,0.24112072092002398,0.47310895002845887,0.71422967094848289,0.24118931376039357,0.47978295345979333,0.72097226722018692,0.25866106525595606,0.48689672180628057,0.74555778706223663,0.25866106525595606,0.48689672180628057,0.74555778706223663,0.001230070387961877,0.0027538105870297358,0.003983880974991613,16,16,16,0.28645048118522759,0.63362281584719604,0.92007329703242369,0.24112072092002398,0.47310895002845887,0.71422967094848289,0.24112072092002398,0.47310895002845887,0.71422967094848289,0.24112072092002398,0.47310895002845887,0.71422967094848289,1.8227331054815148,1.1052188238982219,0.12059465688019608,0.23989147672989608,8.2922413469233796,4.1685516035483916,0.24118931376039357,0.47978295345979333,0.72097226722018692,0.00020000000000000001,0.00020000000000000001,0.00040000000000000002,8.4907334877891051e-06,0.00012507687675261217,0.00013356761024040128,8.4907354877891073e-06,0.00012507687875261221,0.00013356761424040132,2.0000000000000008e-12,2.0000000000000008e-12,4.0000000000000015e-12,16,16,8.2922413469233796,4.1685516035483916,0.00035573351824668326,0.0016794557354337292,0.0020351892536804124,0.001230070387961877,0.0027538105870297358,0.003983880974991613,0.25866106525595606,0.48689672180628057,0.74555778706223663,8.4907334877891051e-06,0.00012507687675261217,0.00013356761024040128,0.042453667438945526,0.62538438376306082,0.33391902560100317
torch_v2,torch,torch_v2,27,16,16,1,1,0.31810754090547561,0.032072306424379353,0.032072306424379353,0.35017984732985497,0.016036153212189676,false,true,rejected,Flowstar ctrunc tmp remainder not subset of target remainder,Flowstar ctrunc tmp remainder not subset of target remainder,false,0.00020000000000000001,0.00020000000000000001,0.00040000000000000002,1.9141562385281426e-05,0.00029490783921544937,0.00031404940160073081,,,,,,,0.25553984594414986,0.48644388175275449,0.74198372769690435,0.25553984594414986,0.48644388175275449,0.74198372769690435,,,,,,,0.29568490028473288,0.7105800335213559,1.0062649338060887,,,,,,,,,,,,,,,,,,,0.00020000000000000001,0.00020000000000000001,0.00040000000000000002,1.9141562385281426e-05,0.00029490783921544937,0.00031404940160073081,1.9141564385281425e-05,0.00029490784121544942,0.00031404940560073085,2.0000000000000008e-12,2.0000000000000008e-12,4.0000000000000015e-12,,,,,,,,,,,0.25553984594414986,0.48644388175275449,0.74198372769690435,1.9141562385281426e-05,0.00029490783921544937,0.00031404940160073081,0.095707811926407121,1.4745391960772467,0.78512350400182696
torch_v2,torch,torch_v2,28,16,16,2,2,0.31810754090547561,0.016036153212189676,0.016036153212189676,0.33414369411766526,0.024054229818284513,true,false,accepted,,,true,0.00020000000000000001,0.00020000000000000001,0.00040000000000000002,5.1199032010614073e-06,6.8477677398004919e-05,7.3597580599066322e-05,0.23531219133938494,0.47125842434716586,0.70657061568655077,0.23549457522404407,0.47874340931147724,0.71423798453552134,0.24862124258970145,0.48408751182908599,0.73270875441878747,0.24862124258970145,0.48408751182908599,0.73270875441878747,0.0013304586150530092,0.0030696891289648627,0.0044001477440178717,17,17,17,0.26751326876247911,0.59314499133809628,0.86065826010057545,0.23531219133938494,0.47125842434716586,0.70657061568655077,0.23531219133938494,0.47125842434716586,0.70657061568655077,0.23531219133938494,0.47125842434716586,0.70657061568655077,1.8398954803084377,1.0354543907092288,0.11774728761202136,0.23937170465573807,8.4927646341630503,4.1776032026767318,0.23549457522404407,0.47874340931147724,0.71423798453552134,0.00020000000000000001,0.00020000000000000001,0.00040000000000000002,5.1199032010614073e-06,6.8477677398004919e-05,7.3597580599066322e-05,5.1199052010614078e-06,6.8477679398004938e-05,7.3597584599066347e-05,2.0000000000000008e-12,2.0000000000000008e-12,4.0000000000000015e-12,17,17,8.4927646341630503,4.1776032026767318,0.00038720725196954943,0.0017313465386110578,0.0021185537905806071,0.0013304586150530092,0.0030696891289648627,0.0044001477440178717,0.24862124258970145,0.48408751182908599,0.73270875441878747,5.1199032010614073e-06,6.8477677398004919e-05,7.3597580599066322e-05,0.025599516005307035,0.34238838699002455,0.18399395149766579
torch_v2,torch,torch_v2,29,17,17,1,1,0.33414369411766526,0.024054229818284513,0.024054229818284513,0.35819792393594979,0.036081344727426773,true,false,accepted,,,true,0.00020000000000000001,0.00020000000000000001,0.00040000000000000002,1.0325743359807066e-05,0.00014635736202133103,0.00015668310538113808,0.22652174938093009,0.46550039903821988,0.69202214841915,0.22689859775357271,0.47410732703876329,0.70100592479233603,0.246437296963294,0.48186969649524952,0.72830699345854355,0.246437296963294,0.48186969649524952,0.72830699345854355,0.0013914940142264437,0.0033423523723128692,0.0047338463865393126,18,18,18,0.2739266512322765,0.64698383692467509,0.92091048815695165,0.22652174938093009,0.46550039903821988,0.69202214841915,0.22652174938093009,0.46550039903821988,0.69202214841915,0.22652174938093009,0.46550039903821988,0.69202214841915,1.8635685668990132,0.93340658364863527,0.11344929887678558,0.23705366351938115,8.8145101812050406,4.2184541050901814,0.22689859775357271,0.47410732703876329,0.70100592479233603,0.00020000000000000001,0.00020000000000000001,0.00040000000000000002,1.0325743359807066e-05,0.00014635736202133103,0.00015668310538113808,1.0325745359807067e-05,0.00014635736402133107,0.00015668310938113814,2.0000000000000008e-12,2.0000000000000008e-12,4.0000000000000015e-12,18,18,8.8145101812050406,4.2184541050901814,0.00043780901043429952,0.001848506324895865,0.0022863153353301644,0.0013914940142264437,0.0033423523723128692,0.0047338463865393126,0.246437296963294,0.48186969649524952,0.72830699345854355,1.0325743359807066e-05,0.00014635736202133103,0.00015668310538113808,0.051628716799035329,0.73178681010665514,0.39170776345284519
torch_v2,torch,torch_v2,30,18,18,1,1,0.35819792393594979,0.036081344727426773,0.036081344727426773,0.39427926866337659,0.018040672363713386,false,true,rejected,Flowstar ctrunc tmp remainder not subset of target remainder,Flowstar ctrunc tmp remainder not subset of target remainder,false,0.00020000000000000001,0.00020000000000000001,0.00040000000000000002,2.415902762422788e-05,0.00034928249682804601,0.00037344152445227389,,,,,,,0.24278018030603613,0.4721863384874409,0.71496651879347706,0.24278018030603613,0.4721863384874409,0.71496651879347706,,,,,,,0.28208754513800344,0.72147767871452639,1.0035652238525299,,,,,,,,,,,,,,,,,,,0.00020000000000000001,0.00020000000000000001,0.00040000000000000002,2.415902762422788e-05,0.00034928249682804601,0.00037344152445227389,2.4159029624227879e-05,0.00034928249882804606,0.00037344152845227393,2.0000000000000008e-12,2.0000000000000008e-12,4.0000000000000015e-12,,,,,,,,,,,0.24278018030603613,0.4721863384874409,0.71496651879347706,2.415902762422788e-05,0.00034928249682804601,0.00037344152445227389,0.1207951381211394,1.74641248414023,0.93360381113068469
torch_v2,torch,torch_v2,31,18,18,2,2,0.35819792393594979,0.018040672363713386,0.018040672363713386,0.37623859629966316,0.02706100854557008,true,false,accepted,,,true,0.00020000000000000001,0.00020000000000000001,0.00040000000000000002,6.0420377898935915e-06,7.6737056452399363e-05,8.2779094242292953e-05,0.21991122668604829,0.45901201602534009,0.67892324271138837,0.22045054808013911,0.46836977240831495,0.6888203204884541,0.23514093315450937,0.47414307238736481,0.70928400554187421,0.23514093315450937,0.47414307238736481,0.70928400554187421,0.0014720831884777405,0.0036305437166280173,0.0051026269051057576,19,19,19,0.25337929195050851,0.59521341708878162,0.84859270903929018,0.21991122668604829,0.45901201602534009,0.67892324271138837,0.21991122668604829,0.45901201602534009,0.67892324271138837,0.21991122668604829,0.45901201602534009,0.67892324271138837,1.8797351043788462,0.85917221717307357,0.11022527404006885,0.23418488620415698,9.0723294517415507,4.2701303923098735,0.22045054808013911,0.46836977240831495,0.6888203204884541,0.00020000000000000001,0.00020000000000000001,0.00040000000000000002,6.0420377898935915e-06,7.6737056452399363e-05,8.2779094242292953e-05,6.0420397898935911e-06,7.6737058452399382e-05,8.2779098242292978e-05,2.0000000000000008e-12,2.0000000000000008e-12,4.0000000000000015e-12,19,19,9.0723294517415507,4.2701303923098735,0.00047635386953249841,0.00189942480372492,0.0023757786732574184,0.0014720831884777405,0.0036305437166280173,0.0051026269051057576,0.23514093315450937,0.47414307238736481,0.70928400554187421,6.0420377898935915e-06,7.6737056452399363e-05,8.2779094242292953e-05,0.030210188949467955,0.38368528226199677,0.20694773560573237
torch_v2,torch,torch_v2,32,19,19,1,1,0.37623859629966316,0.02706100854557008,0.02706100854557008,0.40329960484523325,0.040591512818355116,true,false,accepted,,,true,0.00020000000000000001,0.00020000000000000001,0.00040000000000000002,1.26103401161846e-05,0.00016550203365027795,0.00017811237376646254,0.21004928461222322,0.44641434987745493,0.65646363448967815,0.21085641536290381,0.45674397972188313,0.66760039508478697,0.23245292276695786,0.46500046798462386,0.69745339075158175,0.23245292276695786,0.46500046798462386,0.69745339075158175,0.0015059732897920535,0.0038504487217402819,0.0053564220115323354,20,20,20,0.25876575008457264,0.64660970588450262,0.9053754559690752,0.21004928461222322,0.44641434987745493,0.65646363448967815,0.21004928461222322,0.44641434987745493,0.65646363448967815,0.21004928461222322,0.44641434987745493,0.65646363448967815,1.9015224385328697,0.75191148292894017,0.10542820768145103,0.22837198986094123,9.4851275763074483,4.3788207153115115,0.21085641536290381,0.45674397972188313,0.66760039508478697,0.00020000000000000001,0.00020000000000000001,0.00040000000000000002,1.26103401161846e-05,0.00016550203365027795,0.00017811237376646254,1.2610342116184602e-05,0.00016550203565027794,0.00017811237776646255,2.0000000000000008e-12,2.0000000000000008e-12,4.0000000000000015e-12,20,20,9.4851275763074483,4.3788207153115115,0.00053838159172554811,0.0020202189037568357,0.0025586004954823837,0.0015059732897920535,0.0038504487217402819,0.0053564220115323354,0.23245292276695786,0.46500046798462386,0.69745339075158175,1.26103401161846e-05,0.00016550203365027795,0.00017811237376646254,0.063051700580922992,0.82751016825138968,0.44528093441615635
torch_v2,torch,torch_v2,33,20,20,1,1,0.40329960484523325,0.040591512818355116,0.040591512818355116,0.44389111766358835,0.020295756409177558,false,true,rejected,Flowstar ctrunc tmp remainder not subset of target remainder,Flowstar ctrunc tmp remainder not subset of target remainder,false,0.00020000000000000001,0.00020000000000000001,0.00040000000000000002,3.0591610730438931e-05,0.00039883023036020674,0.00042942184109064568,,,,,,,0.22798624744850263,0.44531360643949069,0.67329985388799329,0.22798624744850263,0.44531360643949069,0.67329985388799329,,,,,,,0.26508621192955456,0.71544092893442435,0.98052714086397885,,,,,,,,,,,,,,,,,,,0.00020000000000000001,0.00020000000000000001,0.00040000000000000002,3.0591610730438931e-05,0.00039883023036020674,0.00042942184109064568,3.0591612730438936e-05,0.00039883023236020673,0.00042942184509064566,2.0000000000000008e-12,2.0000000000000008e-12,4.0000000000000015e-12,,,,,,,,,,,0.22798624744850263,0.44531360643949069,0.67329985388799329,3.0591610730438931e-05,0.00039883023036020674,0.00042942184109064568,0.15295805365219464,1.9941511518010335,1.0735546027266141
torch_v2,torch,torch_v2,34,20,20,2,2,0.40329960484523325,0.020295756409177558,0.020295756409177558,0.42359536125441083,0.030443634613766337,true,false,accepted,,,true,0.00020000000000000001,0.00020000000000000001,0.00040000000000000002,7.1035092847691466e-06,8.3230615438655673e-05,9.0334124723424818e-05,0.20274292102549835,0.43498668746820623,0.63772960849370453,0.2037663854179064,0.44591391622015764,0.64968030163806401,0.21976627666545426,0.45194701857672437,0.6717132952421786,0.21976627666545426,0.45194701857672437,0.6717132952421786,0.0015701969481972981,0.0041041950645106058,0.0056743920127079036,21,21,21,0.2366611508689889,0.58295271468537735,0.81961386555436622,0.20274292102549835,0.43498668746820623,0.63772960849370453,0.20274292102549835,0.43498668746820623,0.63772960849370453,0.20274292102549835,0.43498668746820623,0.63772960849370453,1.9159965052316672,0.67490864997443578,0.10188319270895224,0.22295695811007846,9.8151615925178231,4.4851706287914075,0.2037663854179064,0.44591391622015764,0.64968030163806401,0.00020000000000000001,0.00020000000000000001,0.00040000000000000002,7.1035092847691466e-06,8.3230615438655673e-05,9.0334124723424818e-05,7.1035112847691463e-06,8.3230617438655692e-05,9.0334128723424843e-05,2.0000000000000008e-12,2.0000000000000008e-12,4.0000000000000015e-12,21,21,9.8151615925178231,4.4851706287914075,0.00058527378956856502,0.0020641026933038479,0.0026493764828724128,0.0015701969481972981,0.0041041950645106058,0.0056743920127079036,0.21976627666545426,0.45194701857672437,0.6717132952421786,7.1035092847691466e-06,8.3230615438655673e-05,9.0334124723424818e-05,0.035517546423845733,0.41615307719327832,0.22583531180856203
torch_v2,torch,torch_v2,35,21,21,1,1,0.42359536125441083,0.030443634613766337,0.030443634613766337,0.45403899586817714,0.045665451920649504,true,false,accepted,,,true,0.00020000000000000001,0.00020000000000000001,0.00040000000000000002,1.521076939654868e-05,0.00018012082149315551,0.00019533159088970419,0.19201739140569582,0.41549579371821149,0.60751318512390728,0.19338602576324074,0.42711330499220573,0.6204993307554465,0.21657415483150169,0.43556051666588103,0.65213467149738269,0.21657415483150169,0.43556051666588103,0.65213467149738269,0.0015785873950738725,0.0042582188305299523,0.0058368062256038246,22,22,22,0.24066102021897076,0.63009969434386515,0.87076071456283588,0.19201739140569582,0.41549579371821149,0.60751318512390728,0.19201739140569582,0.41549579371821149,0.60751318512390728,0.19201739140569582,0.41549579371821149,0.60751318512390728,1.9348556549627032,0.56522579924427974,0.096693012881619508,0.21355665249610253,10.342008902176749,4.6825982160319271,0.19338602576324074,0.42711330499220573,0.6204993307554465,0.00020000000000000001,0.00020000000000000001,0.00040000000000000002,1.521076939654868e-05,0.00018012082149315551,0.00019533159088970419,1.521077139654868e-05,0.00018012082349315551,0.00019533159488970418,2.0000000000000008e-12,2.0000000000000008e-12,4.0000000000000015e-12,22,22,10.342008902176749,4.6825982160319271,0.00066051816717925007,0.0021775330817222108,0.0028380512489014609,0.0015785873950738725,0.0042582188305299523,0.0058368062256038246,0.21657415483150169,0.43556051666588103,0.65213467149738269,1.521076939654868e-05,0.00018012082149315551,0.00019533159088970419,0.076053846982743395,0.90060410746577757,0.48832897722426044
torch_v2,torch,torch_v2,36,22,22,1,1,0.45403899586817714,0.045665451920649504,0.045665451920649504,0.49970444778882667,0.022832725960324752,false,true,rejected,Flowstar ctrunc tmp remainder not subset of target remainder,Flowstar ctrunc tmp remainder not subset of target remainder,false,0.00020000000000000001,0.00020000000000000001,0.00040000000000000002,3.7471162021733968e-05,0.00042991575137070703,0.00046738691339244097,,,,,,,0.21131631162851974,0.40622648816671619,0.61754279979523596,0.21131631162851974,0.40622648816671619,0.61754279979523596,,,,,,,0.24461506651364243,0.69131482960733104,0.93592989612097344,,,,,,,,,,,,,,,,,,,0.00020000000000000001,0.00020000000000000001,0.00040000000000000002,3.7471162021733968e-05,0.00042991575137070703,0.00046738691339244097,3.7471164021733981e-05,0.00042991575337070702,0.00046738691739244101,2.0000000000000008e-12,2.0000000000000008e-12,4.0000000000000015e-12,,,,,,,,,,,0.21131631162851974,0.40622648816671619,0.61754279979523596,3.7471162021733968e-05,0.00042991575137070703,0.00046738691339244097,0.18735581010866983,2.1495787568535349,1.1684672834811023
torch_v2,torch,torch_v2,37,22,22,2,2,0.45403899586817714,0.022832725960324752,0.022832725960324752,0.4768717218285019,0.03424908894048713,true,false,accepted,,,true,0.00020000000000000001,0.00020000000000000001,0.00040000000000000002,8.2206268792023404e-06,8.6221268114761363e-05,9.4441894993963705e-05,0.18420338688558521,0.39939279157072943,0.58359617845631462,0.18584218892952412,0.41136821580785349,0.59721040473737763,0.20273342121300056,0.41739343923224087,0.62012686044524146,0.20273342121300056,0.41739343923224087,0.62012686044524146,0.0016282798836705192,0.004469775189877157,0.0060980550735476764,23,23,23,0.21749537416218215,0.55519893706057877,0.77269431122276089,0.18420338688558521,0.39939279157072943,0.58359617845631462,0.18420338688558521,0.39939279157072943,0.58359617845631462,0.18420338688558521,0.39939279157072943,0.58359617845631462,1.9468681609684988,0.48766913626725927,0.092921094464761253,0.20568410790392647,10.761819000950672,4.8618243295057715,0.18584218892952412,0.41136821580785349,0.59721040473737763,0.00020000000000000001,0.00020000000000000001,0.00040000000000000002,8.2206268792023404e-06,8.6221268114761363e-05,9.4441894993963705e-05,8.2206288792023426e-06,8.6221270114761369e-05,9.4441898993963716e-05,2.0000000000000008e-12,2.0000000000000008e-12,4.0000000000000015e-12,23,23,10.761819000950672,4.8618243295057715,0.0007167660213369219,0.0022059686934619866,0.0029227347147989086,0.0016282798836705192,0.004469775189877157,0.0060980550735476764,0.20273342121300056,0.41739343923224087,0.62012686044524146,8.2206268792023404e-06,8.6221268114761363e-05,9.4441894993963705e-05,0.041103134396011702,0.43110634057380681,0.23610473748490926
torch_v2,torch,torch_v2,38,23,23,1,1,0.4768717218285019,0.023128278171498096,0.023128278171498096,0.5,0.034692417257247143,true,false,accepted,,,true,0.00020000000000000001,0.00020000000000000001,0.00040000000000000002,8.1314372542806809e-06,8.0314696020139504e-05,8.8446133274420186e-05,0.17652788876635986,0.38222291241225054,0.55875080117861042,0.17844717202562624,0.39443215139123994,0.5728793234168662,0.19496479259083246,0.40016073089549858,0.59512552348633108,0.19496479259083246,0.40016073089549858,0.59512552348633108,0.0016607027805478254,0.0046500712015774964,0.0063107739821253216,24,24,24,0.20804667978790284,0.53436310778039597,0.74240978756829878,0.17652788876635986,0.38222291241225054,0.55875080117861042,0.17652788876635986,0.38222291241225054,0.55875080117861042,0.17652788876635986,0.38222291241225054,0.55875080117861042,1.9572785763448981,0.41325817098367579,0.089223586012812162,0.19721607569561969,11.207798797241839,5.0705805623238591,0.17844717202562624,0.39443215139123994,0.5728793234168662,0.00020000000000000001,0.00020000000000000001,0.00040000000000000002,8.1314372542806809e-06,8.0314696020139504e-05,8.8446133274420186e-05,8.1314392542806831e-06,8.0314698020139523e-05,8.8446137274420211e-05,2.0000000000000008e-12,2.0000000000000008e-12,4.0000000000000015e-12,24,24,11.207798797241839,5.0705805623238591,0.00077414760208704525,0.0022233150284841374,0.0029974626305711827,0.0016607027805478254,0.0046500712015774964,0.0063107739821253216,0.19496479259083246,0.40016073089549858,0.59512552348633108,8.1314372542806809e-06,8.0314696020139504e-05,8.8446133274420186e-05,0.040657186271403405,0.40157348010069749,0.22111533318605045
