t_start,h_try,expression,kept_poly_range_width,dropped_trunc_width,polynomial_range_times_remainder_width,remainder_times_remainder_width,cutoff_uncertainty_width,total_remainder_width,finite
2.0156259248619017,0.032509877392728016,x*x,5.5953677108400681,4.5844611424873015e-05,0.00085253084598316308,2.0000000000000007e-08,0,0.00089839545740803644,True
2.0156259248619017,0.032509877392728016,(x*x)*y,19.780833492120085,0.0045533453385413385,0.0032063864507300452,8.986538922884256e-08,0,0.0077598216546606149,True
2.0156259248619017,0.032509877392728016,y - x - x*x*y,14.71407167990596,,,,0,0.0081598216546606168,True
2.0156259248619017,0.016254938696364008,x*x,5.2917922067801593,3.7606783869371776e-06,0.00084243311329841781,2.0000000000000007e-08,0,0.00084621379168535536,True
2.0156259248619017,0.016254938696364008,(x*x)*y,18.125107736250584,0.00054334307288868787,0.0029431413986081081,8.4622851734549465e-08,0,0.0034865690943485313,True
2.0156259248619017,0.016254938696364008,y - x - x*x*y,13.338118781128518,,,,0,0.0038865690943485323,True
2.0562632716028117,0.036573612066819021,x*x,6.0191425970322312,0.00010993679426563959,0.00086748138235250222,2.0000000000000007e-08,0,0.00097743817661814238,True
2.0562632716028117,0.036573612066819021,(x*x)*y,23.44389223564783,0.010705691498266156,0.0037348870007299392,9.7795490474142826e-08,0,0.014440676294486572,True
2.0562632716028117,0.036573612066819021,y - x - x*x*y,17.670334208996781,,,,0,0.014840676294486576,True
2.0562632716028117,0.01828680603340951,x*x,5.6278458992793388,8.8574363571502456e-06,0.00085421558649566396,2.0000000000000007e-08,0,0.00086309302285281447,True
2.0562632716028117,0.01828680603340951,(x*x)*y,21.113877879564232,0.0012431125064513188,0.0032344433956937434,8.6313977268662953e-08,0,0.0044776422161223323,True
2.0562632716028117,0.01828680603340951,y - x - x*x*y,15.712482306418392,,,,0,0.0048776422161223333,True
2.0745500776362213,0.027430209050114264,x*x,5.9840441504351887,4.6524363803192253e-05,0.00086709171735289091,2.0000000000000007e-08,0,0.00091363608115608349,True
2.0745500776362213,0.027430209050114264,(x*x)*y,23.865890977645332,0.0053181872887797582,0.0035945856809278705,9.137465483515037e-08,0,0.0089128643443624669,True
2.0745500776362213,0.027430209050114264,y - x - x*x*y,17.967973260133004,,,,0,0.0093128643443624679,True
2.0745500776362213,0.013715104525057132,x*x,5.6812947254188133,4.0557557041211948e-06,0.00085679912772417758,2.0000000000000007e-08,0,0.00086087488342829913,True
2.0745500776362213,0.013715104525057132,(x*x)*y,22.044118925824311,0.00069480424271671731,0.0033071436161390432,8.6090443563414478e-08,0,0.0040020339492993261,True
2.0745500776362213,0.013715104525057132,y - x - x*x*y,16.434251269874093,,,,0,0.0044020339492993272,True
2.108837838948864,0.03085898518137855,x*x,6.4213795408500518,0.00010795899243577936,0.0008846546492420976,2.0000000000000007e-08,0,0.00099263364167787743,True
2.108837838948864,0.03085898518137855,(x*x)*y,28.140190561299946,0.012089100921286573,0.0041847493675561277,9.9302228596725068e-08,0,0.016273949591071306,True
2.108837838948864,0.03085898518137855,y - x - x*x*y,21.475293774739104,,,,0,0.016673949591071307,True
2.108837838948864,0.015429492590689275,x*x,6.0329558767690337,9.2397877484783585e-06,0.00087129251298805022,2.0000000000000007e-08,0,0.00088055230073652883,True
2.108837838948864,0.015429492590689275,(x*x)*y,25.5860549979942,0.0015343963390867309,0.0036434105480196732,8.8063376026878473e-08,0,0.0051778949504824321,True
2.108837838948864,0.015429492590689275,y - x - x*x*y,19.302598716191781,,,,0,0.0055778949504824331,True
2.1242673315395533,0.02314423888603391,x*x,6.3944775976208632,4.6381493898842406e-05,0.00088537305954051635,2.0000000000000007e-08,0,0.00093177455343935903,True
2.1242673315395533,0.02314423888603391,(x*x)*y,28.736095777020243,0.0061746222824394922,0.0040427843784430701,9.3215370702727699e-08,0,0.010217499876253269,True
2.1242673315395533,0.02314423888603391,y - x - x*x*y,21.923944127700366,,,,0,0.01061749987625327,True
2.1242673315395533,0.011572119443016955,x*x,6.093717329899742,4.2634609405999857e-06,0.00087501094545063484,2.0000000000000007e-08,0,0.00087929440639123509,True
2.1242673315395533,0.011572119443016955,(x*x)*y,26.730663270741832,0.00087601910039639618,0.0037313587005762977,8.793343175301896e-08,0,0.0046074657344044494,True
2.1242673315395533,0.011572119443016955,y - x - x*x*y,20.214363680234548,,,,0,0.0050074657344044505,True
2.1531976301470959,0.026037268746788148,x*x,6.841258845684667,0.00010391989163726537,0.00090490861645393667,2.0000000000000007e-08,0,0.0010088485080912027,True
2.1531976301470959,0.026037268746788148,(x*x)*y,33.671660570437844,0.013518928124900265,0.0046892526856014182,1.0098557695344732e-07,0,0.018208281796078644,True
2.1531976301470959,0.026037268746788148,y - x - x*x*y,26.0390901464656,,,,0,0.018608281796078648,True
2.1531976301470959,0.013018634373394074,x*x,6.4575563467173334,9.3797368208146088e-06,0.00089161062847776737,2.0000000000000007e-08,0,0.00090101036529858234,True
2.1531976301470959,0.013018634373394074,(x*x)*y,30.877728234837026,0.0018613875339535963,0.0041122075464299765,9.0111357403159271e-08,0,0.0059736851917409775,True
2.1531976301470959,0.013018634373394074,y - x - x*x*y,23.634651409192681,,,,0,0.0063736851917409786,True
2.1662162645204899,0.019527951560091111,x*x,6.821483645710571,4.5131881267345257e-05,0.00090651599162410888,2.0000000000000007e-08,0,0.00095166787289145444,True
2.1662162645204899,0.019527951560091111,(x*x)*y,34.451963231207394,0.0070650112161491736,0.0045477368355100085,9.5221561934998483e-08,0,0.011612843273221121,True
2.1662162645204899,0.019527951560091111,y - x - x*x*y,26.652385014380773,,,,0,0.012012843273221122,True
2.1662162645204899,0.0097639757800455553,x*x,6.5243929373470779,4.3434804212806331e-06,0.00089621669953056328,2.0000000000000007e-08,0,0.00090058017995184422,True
2.1662162645204899,0.0097639757800455553,(x*x)*y,32.253137898280649,0.0010791316674297648,0.0042150328533965952,9.0062570894793753e-08,0,0.0052942545833972576,True
2.1662162645204899,0.0097639757800455553,y - x - x*x*y,24.755953343540977,,,,0,0.0056942545833972586,True
2.1906262039706039,0.021968945505102498,x*x,7.2727906568719334,9.7536847590388632e-05,0.00092738426993536937,2.0000000000000007e-08,0,0.0010249411175257586,True
2.1906262039706039,0.021968945505102498,(x*x)*y,40.073226016404654,0.014861466376046817,0.0052408185724578428,1.0262975518276852e-07,0,0.020102387578259849,True
2.1906262039706039,0.021968945505102498,y - x - x*x*y,31.409208450485178,,,,0,0.020502387578259854,True
2.1906262039706039,0.010984472752551249,x*x,6.8962265449092159,9.2227992718115902e-06,0.00091431350898727489,2.0000000000000007e-08,0,0.00092355630825908684,True
2.1906262039706039,0.010984472752551249,(x*x)*y,37.036163100338925,0.0022023259678452521,0.0046380067647154568,9.2366861552722808e-08,0,0.0068404250994222636,True
2.1906262039706039,0.010984472752551249,y - x - x*x*y,28.767433074810249,,,,0,0.0072404250994222647,True
2.2016106767231554,0.016476709128826872,x*x,7.2590835595662746,4.2671824404787314e-05,0.00092967025531815687,2.0000000000000007e-08,0,0.00097236207972294455,True
2.2016106767231554,0.016476709128826872,(x*x)*y,41.041973315417984,0.0079114419877778907,0.0051036916670085071,9.7298603028170376e-08,0,0.013015230953389429,True
2.2016106767231554,0.016476709128826872,y - x - x*x*y,32.194917624690163,,,,0,0.01341523095338943,True
2.2016106767231554,0.0082383545644134359,x*x,6.9677242222576501,4.2721778968291222e-06,0.00091956480963205833,2.0000000000000007e-08,0,0.00092385698752888779,True
2.2016106767231554,0.0082383545644134359,(x*x)*y,38.650045085129811,0.0012899873594211491,0.0047549142583950344,9.2390362378836808e-08,0,0.0060449940081785643,True
2.2016106767231554,0.0082383545644134359,y - x - x*x*y,30.109888722330549,,,,0,0.0064449940081785654,True
2.222206563134189,0.018536297769930231,x*x,7.7094551075135556,8.8944835046795052e-05,0.00095126137927124994,2.0000000000000007e-08,0,0.0010402262143180455,True
2.222206563134189,0.018536297769930231,(x*x)*y,47.339986375969666,0.015968765426345222,0.0058301681382092133,1.0417008385118796e-07,0,0.021799037734638291,True
2.222206563134189,0.018536297769930231,y - x - x*x*y,37.596189914744677,,,,0,0.022199037734638296,True
2.222206563134189,0.0092681488849651154,x*x,7.3428038961391557,8.7576585029051678e-06,0.00093857344045570777,2.0000000000000007e-08,0,0.00094735109895861325,True
2.222206563134189,0.0092681488849651154,(x*x)*y,44.070898145798616,0.0025272491233520088,0.0052153645940302704,9.4746152154806113e-08,0,0.0077427084635344366,True
2.222206563134189,0.0092681488849651154,y - x - x*x*y,34.724989428202477,,,,0,0.0081427084635344385,True
2.2314747120191543,0.013902223327447673,x*x,7.7007743758156666,3.908869718417245e-05,0.0009540349334609087,2.0000000000000007e-08,0,0.00099314363064508166,True
2.2314747120191543,0.013902223327447673,(x*x)*y,48.492670873440581,0.0086256609281378516,0.0057039397222803968,9.9376733142210573e-08,0,0.014329700027151391,True
2.2314747120191543,0.013902223327447673,y - x - x*x*y,38.732326077907942,,,,0,0.014729700027151396,True
2.2314747120191543,0.0069511116637238366,x*x,7.4174254121359509,4.0479882181907674e-06,0.00094424315896381216,2.0000000000000007e-08,0,0.00094831114718200331,True
2.2314747120191543,0.0069511116637238366,(x*x)*y,45.919466683698019,0.0014894496941504527,0.0053456905550965557,9.4835513842671624e-08,0,0.0068352350847608523,True
2.2314747120191543,0.0069511116637238366,y - x - x*x*y,36.467799208680482,,,,0,0.0072352350847608533,True
2.248852491178464,0.015640001243378634,x*x,8.1446072359829333,7.8633484796597822e-05,0.00097580692414686566,2.0000000000000007e-08,0,0.0010544604089434641,True
2.248852491178464,0.015640001243378634,(x*x)*y,55.420256085377424,0.016703057916011028,0.0064530499601455193,1.0558777530421987e-07,0,0.023156213463931857,True
2.248852491178464,0.015640001243378634,y - x - x*x*y,45.26451491997738,,,,0,0.023556213463931861,True
2.248852491178464,0.0078200006216893169,x*x,7.7907139452551641,8.0182423344866299e-06,0.00096362875946470414,2.0000000000000007e-08,0,0.00097166700179919106,True
2.248852491178464,0.0078200006216893169,(x*x)*y,51.945575888079269,0.0028024933909282014,0.0058390004633010447,9.7176731945971518e-08,0,0.008641591030961196,True
2.248852491178464,0.0078200006216893169,y - x - x*x*y,42.186012371827701,,,,0,0.009041591030961197,True
2.2566724918001535,0.011730000932533974,x*x,8.1399060336279039,3.4634414284097317e-05,0.00097888388619050775,2.0000000000000007e-08,0,0.0010135383004746057,True
2.2566724918001535,0.011730000932533974,(x*x)*y,56.742720531949779,0.0091244167972241389,0.006340899754855904,1.0141069158111266e-07,0,0.015465417962771628,True
2.2566724918001535,0.011730000932533974,y - x - x*x*y,46.648443475787218,,,,0,0.015865417962771633,True
2.2566724918001535,0.0058650004662669872,x*x,7.8668639902558644,3.6915274766368729e-06,0.00096950891432745945,2.0000000000000007e-08,0,0.00097322044180409668,True
2.2566724918001535,0.0058650004662669872,(x*x)*y,54.012049710058086,0.0016565059036163586,0.0059799163483769766,9.7325916380368106e-08,0,0.0076365195779097171,True
2.2566724918001535,0.0058650004662669872,y - x - x*x*y,44.224355303311391,,,,0,0.0080365195779097207,True
2.2713349929658211,0.013196251049100723,x*x,8.5715308630368465,6.7323945768031117e-05,0.0010003389551959867,2.0000000000000007e-08,0,0.0010676829009640186,True
2.2713349929658211,0.013196251049100723,(x*x)*y,64.213958185770565,0.016963271933106292,0.0070926099049568748,1.0689300700935384e-07,0,0.02405598873107018,True
2.2713349929658211,0.013196251049100723,y - x - x*x*y,53.752521730948651,,,,0,0.024455988731070185,True
2.2713349929658211,0.0065981255245503613,x*x,8.233269159519482,7.0751580835771142e-06,0.00098879406602557117,2.0000000000000007e-08,0,0.00099588922410914901,True
2.2713349929658211,0.0065981255245503613,(x*x)*y,60.574697805527947,0.0029970764611324968,0.0064958098090451676,9.9597447661207347e-08,0,0.0094929858676253299,True
2.2713349929658211,0.0065981255245503613,y - x - x*x*y,50.502366258640443,,,,0,0.0098929858676253309,True
2.2779331184903713,0.009897188286825542,x*x,8.56987605334146,2.9666330641372023e-05,0.0010035725576947026,2.0000000000000007e-08,0,0.0010332588883360755,True
2.2779331184903713,0.009897188286825542,(x*x)*y,65.682592483210342,0.0093459409925840901,0.006999526649649996,1.0337406613042306e-07,0,0.016345571016300221,True
2.2779331184903713,0.009897188286825542,y - x - x*x*y,55.290751404689054,,,,0,0.016745571016300226,True
2.2779331184903713,0.004948594143412771,x*x,8.3094008314925905,3.2403442278215599e-06,0.00099470758823429206,2.0000000000000007e-08,0,0.00099796793246211446,True
2.2779331184903713,0.004948594143412771,(x*x)*y,62.829340975680701,0.0017723968104905927,0.0066449730088612227,9.9800000310960837e-08,0,0.008417469619352129,True
2.2779331184903713,0.004948594143412771,y - x - x*x*y,52.738198570086325,,,,0,0.00881746961935213,True
2.2903046038489032,0.011134336822678734,x*x,8.9841930453365908,5.5814177089476328e-05,0.0010243090555706609,2.0000000000000007e-08,0,0.0010801432326601379,True
2.2903046038489032,0.011134336822678734,(x*x)*y,73.577212724617411,0.016705231423730309,0.007738704997083303,1.0811658403815939e-07,0,0.024444044537397652,True
2.2903046038489032,0.011134336822678734,y - x - x*x*y,62.846119220063201,,,,0,0.024844044537397657,True
2.2903046038489032,0.005567168411339367,x*x,8.6641513885969328,6.0193291878912186e-06,0.001013493774615512,2.0000000000000007e-08,0,0.001019533103803404,True
2.2903046038489032,0.005567168411339367,(x*x)*y,69.82646305493266,0.0030890541869572348,0.0071739103065511243,1.0196014223639074e-07,0,0.010263066453650599,True
2.2903046038489032,0.005567168411339367,y - x - x*x*y,59.473332579030178,,,,0,0.0106630664536506,True
2.2958717722602424,0.008350752617009051,x*x,8.9847798377587029,2.457216362012761e-05,0.0010275790144192965,2.0000000000000007e-08,0,0.0010521711780394247,True
2.2958717722602424,0.008350752617009051,(x*x)*y,75.160449470995403,0.0092623695142803712,0.0076688092920063552,1.052554796098462e-07,0,0.01693128406176634,True
2.2958717722602424,0.008350752617009051,y - x - x*x*y,64.504999739543408,,,,0,0.017331284061766344,True
2.2958717722602424,0.0041753763085045255,x*x,8.7388459269558894,2.7402083357116816e-06,0.0010192943393943672,2.0000000000000007e-08,0,0.0010220545477300795,True
2.2958717722602424,0.0041753763085045255,(x*x)*y,72.228314202032308,0.0018244942821956068,0.0073288741620851075,1.022079693049485e-07,0,0.0091534706522500234,True
2.2958717722602424,0.0041753763085045255,y - x - x*x*y,61.864432285562806,,,,0,0.0095534706522500245,True
2.3063102130315034,0.0093945966941351815,x*x,9.3774401194559331,4.4832185689296161e-05,0.0010472831498017602,2.0000000000000007e-08,0,0.0010921353354910572,True
2.3063102130315034,0.0093945966941351815,(x*x)*y,83.332632739640829,0.01594908779565889,0.0083826216497980728,1.0929251522685087e-07,0,0.024331818737972195,True
2.3063102130315034,0.0093945966941351815,y - x - x*x*y,72.366360575442243,,,,0,0.0247318187379722,True
2.3063102130315034,0.0046972983470675907,x*x,9.0777344206690085,4.9432143566746951e-06,0.001037264000193542,2.0000000000000007e-08,0,0.0010422272145502174,True
2.3063102130315034,0.0046972983470675907,(x*x)*y,79.531591530136993,0.0030698254445985632,0.0078609583369855587,1.0422791539982608e-07,0,0.010930888009499528,True
2.3063102130315034,0.0046972983470675907,y - x - x*x*y,68.928261223036955,,,,0,0.011330888009499529,True
2.3180534588991724,0.01056892128090208,x*x,9.8704197129080491,8.5098960375361096e-05,0.0010717268474184551,2.0000000000000007e-08,0,0.001156845807793817,True
2.3180534588991724,0.01056892128090208,(x*x)*y,94.257477242531223,0.028811048657330474,0.0094312204177772613,1.1585441093337064e-07,0,0.038242384929518682,True
2.3180534588991724,0.01056892128090208,y - x - x*x*y,82.899911437645287,,,,0,0.038642384929518686,True
2.3180534588991724,0.0052844606404510398,x*x,9.4996509652270777,9.2686689149591543e-06,0.0010594571579095528,2.0000000000000007e-08,0,0.0010687458268245128,True
2.3180534588991724,0.0052844606404510398,(x*x)*y,89.195647955866704,0.0054078979623209469,0.0085600207790904447,1.0688578577078849e-07,0,0.013968025627197168,True
2.3180534588991724,0.0052844606404510398,y - x - x*x*y,78.298851911953832,,,,0,0.014368025627197169,True
2.3233379195396235,0.0079266909606765593,x*x,9.8777935264484888,3.7836712162110874e-05,0.0010758765953788002,2.0000000000000007e-08,0,0.0011137333075409118,True
2.3233379195396235,0.0079266909606765593,(x*x)*y,96.56108522823483,0.016188332079365327,0.0092623075588127105,1.1143695339764222e-07,0,0.02545075107513144,True
2.3233379195396235,0.0079266909606765593,y - x - x*x*y,85.305960424804979,,,,0,0.025850751075131444,True
2.3233379195396235,0.0039633454803382796,x*x,9.5922168978197231,4.2529639484146386e-06,0.0010664670887138952,2.0000000000000007e-08,0,0.0010707400526623106,True
2.3233379195396235,0.0039633454803382796,(x*x)*y,92.584348551683576,0.0032281405347407001,0.0087567995831124932,1.0707813925714326e-07,0,0.011985047195992455,True
2.3233379195396235,0.0039633454803382796,y - x - x*x*y,81.685953854057445,,,,0,0.012385047195992456,True
2.3332462832404692,0.0089175273307611283,x*x,10.34873097640965,6.9638018134241802e-05,0.0010991452038144986,2.0000000000000007e-08,0,0.0011688032219487412,True
2.3332462832404692,0.0089175273307611283,(x*x)*y,108.04780478416457,0.028163462784413517,0.010279919640838906,1.1701297687395528e-07,0,0.038443499438229306,True
2.3332462832404692,0.0089175273307611283,y - x - x*x*y,96.430023784870144,,,,0,0.038843499438229311,True
2.3332462832404692,0.0044587636653805642,x*x,9.9984348038860222,7.7427036590555343e-06,0.0010877230454728925,2.0000000000000007e-08,0,0.0010954857491319487,True
2.3332462832404692,0.0044587636653805642,(x*x)*y,102.82904260010075,0.0054887269094124327,0.009467659393598768,1.0955721872831911e-07,0,0.014956495860229933,True
2.3332462832404692,0.0044587636653805642,y - x - x*x*y,91.659470546693882,,,,0,0.015356495860229935,True
2.33770504690585,0.0066881454980708462,x*x,10.357357992489922,3.0875229991253044e-05,0.0011031914325566989,2.0000000000000007e-08,0,0.0011340866625479528,True
2.33770504690585,0.0066881454980708462,(x*x)*y,110.49113118935053,0.015874659642446099,0.010148936846753267,1.1345728292775496e-07,0,0.026023709946482298,True
2.33770504690585,0.0066881454980708462,y - x - x*x*y,98.981334382614691,,,,0,0.026423709946482302,True
2.33770504690585,0.0033440727490354231,x*x,10.088162570672001,3.5274544121042667e-06,0.0010944521354836166,2.0000000000000007e-08,0,0.0010979995898957216,True
2.33770504690585,0.0033440727490354231,(x*x)*y,106.40589019608396,0.0032645822181339751,0.0096712720146959631,1.0980309098119496e-07,0,0.012935964035920922,True
2.33770504690585,0.0033440727490354231,y - x - x*x*y,95.242225970957705,,,,0,0.013335964035920923,True
2.3410491196548855,0.0050161091235531342,x*x,10.36236927091222,1.3523002408847269e-05,0.0011062951140079207,2.0000000000000007e-08,0,0.0011198381164167685,True
2.3410491196548855,0.0050161091235531342,(x*x)*y,112.39159941690654,0.0089150120061175907,0.010139110508313051,1.1200099980649498e-07,0,0.019054234515430455,True
2.3410491196548855,0.0050161091235531342,y - x - x*x*y,100.97048346372954,,,,0,0.01945423451543046,True
2.3460652287784387,0.0075241636853297014,x*x,10.801542918557947,5.5211170862955936e-05,0.0011250219222566887,2.0000000000000007e-08,0,0.0011802530931196455,True
2.3460652287784387,0.0075241636853297014,(x*x)*y,122.3156144178138,0.026658072625582955,0.01111926814341798,1.1812380028083771e-07,0,0.037777458892801229,True
2.3460652287784387,0.0075241636853297014,y - x - x*x*y,110.47432914411287,,,,0,0.038177458892801233,True
2.3460652287784387,0.0037620818426648507,x*x,10.474093414518638,6.2475744286214241e-06,0.0011145006022893367,2.0000000000000007e-08,0,0.0011207681767179589,True
2.3460652287784387,0.0037620818426648507,(x*x)*y,117.03217323984197,0.0053697773095891686,0.010380723631489081,1.1208317851085915e-07,0,0.015750613024256767,True
2.3460652287784387,0.0037620818426648507,y - x - x*x*y,105.62061852174224,,,,0,0.016150613024256771,True
2.3498273106211034,0.0056431227639972756,x*x,10.810755252692735,2.4394657891343461e-05,0.0011288856629750666,2.0000000000000007e-08,0,0.0011533003208664108,True
2.3498273106211034,0.0056431227639972756,(x*x)*y,124.84239884227541,0.015055732030896676,0.011029089493142293,1.1536545166845865e-07,0,0.026084936889490647,True
2.3498273106211034,0.0056431227639972756,y - x - x*x*y,113.11296717914855,,,,0,0.026484936889490652,True
2.3498273106211034,0.0028215613819986378,x*x,10.559691803410105,2.8257364183875456e-06,0.0011208531434760943,2.0000000000000007e-08,0,0.0011236988798944826,True
2.3498273106211034,0.0028215613819986378,(x*x)*y,120.72212946242702,0.0031802581952804841,0.010587632763362317,1.1237215547376712e-07,0,0.013768003330798279,True
2.3498273106211034,0.0028215613819986378,y - x - x*x*y,109.32299928832026,,,,0,0.01416800333079828,True
2.352648872003102,0.0042323420729979567,x*x,10.816403988727206,1.065731373148451e-05,0.0011318397796346959,2.0000000000000007e-08,0,0.0011425170933661813,True
2.352648872003102,0.0042323420729979567,(x*x)*y,126.79917889625095,0.0084738901932150685,0.011037993907397764,1.1426405517372054e-07,0,0.01951199836466801,True
2.352648872003102,0.0042323420729979567,y - x - x*x*y,115.1599308031504,,,,0,0.019911998364668015,True
2.3568812140761,0.006348513109496935,x*x,11.224652922414911,4.2475409919433015e-05,0.001149101711638846,2.0000000000000007e-08,0,0.0011915971215582797,True
2.3568812140761,0.006348513109496935,(x*x)*y,136.76740561755679,0.024465617335469952,0.011940597351877781,1.1922957597607586e-07,0,0.036406333916923724,True
2.3568812140761,0.006348513109496935,y - x - x*x*y,124.73904601023322,,,,0,0.036806333916923728,True
2.3568812140761,0.0031742565547484675,x*x,10.921719830903051,4.8790217763957935e-06,0.0011395053635798952,2.0000000000000007e-08,0,0.0011444043853562917,True
2.3568812140761,0.0031742565547484675,(x*x)*y,131.51395941049236,0.0050731494258767921,0.011283286632705421,1.1444492078458436e-07,0,0.016356550503503004,True
2.3568812140761,0.0031742565547484675,y - x - x*x*y,119.89066052023303,,,,0,0.016756550503503009,True
2.3600554706308485,0.0047613848321227011,x*x,11.233935486513197,1.869619239575624e-05,0.001152726877895779,2.0000000000000007e-08,0,0.0011714430702915361,True
2.3600554706308485,0.0047613848321227011,(x*x)*y,139.31999145420386,0.013832684364482175,0.011890207251582012,1.1716901974925635e-07,0,0.025723008785083941,True
2.3600554706308485,0.0047613848321227011,y - x - x*x*y,127.40227502979749,,,,0,0.026123008785083945,True
2.3648168554629714,0.0071420772481840516,x*x,11.73547667760619,7.6329428847324006e-05,0.0011736550876576665,2.0000000000000007e-08,0,0.0012500045165049912,True
2.3648168554629714,0.0071420772481840516,(x*x)*y,152.3252386051835,0.041321400694437974,0.013225623189367618,1.2514305928517368e-07,0,0.054547149026864881,True
2.3648168554629714,0.0071420772481840516,y - x - x*x*y,139.9232066161311,,,,0,0.054947149026864893,True
2.3648168554629714,0.0035710386240920258,x*x,11.365386217973031,8.6869626100960812e-06,0.0011620739986199951,2.0000000000000007e-08,0,0.001170780961230092,True
2.3648168554629714,0.0035710386240920258,(x*x)*y,145.47633281923459,0.0083944316103597965,0.012177061127053253,1.1708726630145948e-07,0,0.020571609824679357,True
2.3648168554629714,0.0035710386240920258,y - x - x*x*y,133.57908096692199,,,,0,0.020971609824679362,True
2.3683878940870633,0.0053565579361380383,x*x,11.750347860018735,3.3917749992909235e-05,0.0011781588510906347,2.0000000000000007e-08,0,0.0012120966010835447,True
2.3683878940870633,0.0053565579361380383,(x*x)*y,155.74124632787894,0.023513439719927583,0.013038362628887077,1.2126099866916686e-07,0,0.036551923609813346,True
2.3683878940870633,0.0053565579361380383,y - x - x*x*y,143.4767240472458,,,,0,0.03695192360981335,True
2.3683878940870633,0.0026782789680690191,x*x,11.466176351455013,3.9465039161780815e-06,0.0011693108933327331,2.0000000000000007e-08,0,0.0011732773972489118,True
2.3683878940870633,0.0026782789680690191,(x*x)*y,150.38398762019321,0.0050005312774482535,0.012429143989939212,1.1733101619989013e-07,0,0.017429792598403673,True
2.3683878940870633,0.0026782789680690191,y - x - x*x*y,138.50832327590132,,,,0,0.017829792598403678,True
2.3710661730551323,0.0040174184521035283,x*x,11.760000211824861,1.4883405362925558e-05,0.0011816010045351767,2.0000000000000007e-08,0,0.001196504409898103,True
2.3710661730551323,0.0040174184521035283,(x*x)*y,158.38870594655216,0.01331251163981842,0.013015609483173138,1.1966835384763359e-07,0,0.026328240791345412,True
2.3710661730551323,0.0040174184521035283,y - x - x*x*y,146.23549020401657,,,,0,0.026728240791345417,True
2.3750835915072357,0.0060261276781552924,x*x,12.228582578527543,5.93418176020537e-05,0.0012009320436886697,2.0000000000000007e-08,0,0.0012602938612907243,True
2.3750835915072357,0.0060261276781552924,(x*x)*y,171.57897851331907,0.038423311140984719,0.01424593454560465,1.2613138703145659e-07,0,0.052669371817976408,True
2.3750835915072357,0.0060261276781552924,y - x - x*x*y,158.97272619952363,,,,0,0.053069371817976413,True
2.3750835915072357,0.0030130638390776462,x*x,11.884307898085519,6.849182171786666e-06,0.0011903368107753073,2.0000000000000007e-08,0,0.0011972059929470948,True
2.3750835915072357,0.0030130638390776462,(x*x)*y,164.69744048104818,0.0080231864900764099,0.013311048976998804,1.1972712207132927e-07,0,0.021334355194197293,True
2.3750835915072357,0.0030130638390776462,y - x - x*x*y,152.57110087036679,,,,0,0.021734355194197297,True
2.3780966553463134,0.0045195957586164695,x*x,12.243081850310853,2.6253327482625135e-05,0.0012051513544730284,2.0000000000000007e-08,0,0.0012314246819556543,True
2.3780966553463134,0.0045195957586164695,(x*x)*y,175.05411167570699,0.021868275647376662,0.014118354371630117,1.2317860357128649e-07,0,0.035986753197610362,True
2.3780966553463134,0.0045195957586164695,y - x - x*x*y,162.58477683422504,,,,0,0.036386753197610359,True
2.3780966553463134,0.0022597978793082348,x*x,11.979355540808008,3.0882093073239705e-06,0.0011970733201989638,2.0000000000000007e-08,0,0.0012001815295062887,True
2.3780966553463134,0.0022597978793082348,(x*x)*y,169.69324273312967,0.0047543829465896909,0.01356544862065907,1.2002044995908892e-07,0,0.018319951587698727,True
2.3780966553463134,0.0022597978793082348,y - x - x*x*y,157.59269206815827,,,,0,0.018719951587698732,True
2.3803564532256218,0.0033896968189623521,x*x,12.252671717290459,1.1481703792401645e-05,0.0012083677643532479,2.0000000000000007e-08,0,0.0012198694681456502,True
2.3803564532256218,0.0033896968189623521,(x*x)*y,177.73669484002318,0.012389040459413424,0.014122467022950466,1.2199940232408106e-07,0,0.026511629481766222,True
2.3803564532256218,0.0033896968189623521,y - x - x*x*y,165.37722873321792,,,,0,0.026911629481766227,True
2.3837461500445842,0.0050845452284435282,x*x,12.685578269910904,4.4816051032609636e-05,0.0012260307269044274,2.0000000000000007e-08,0,0.0012708667779370378,True
2.3837461500445842,0.0050845452284435282,(x*x)*y,190.85357399652329,0.034663435160823632,0.015238103334103994,1.2715670029077246e-07,0,0.049901665651627923,True
2.3837461500445842,0.0050845452284435282,y - x - x*x*y,178.07481447096708,,,,0,0.050301665651627921,True
2.3837461500445842,0.0025422726142217641,x*x,12.368617709227713,5.2349555354404656e-06,0.0012164270023403687,2.0000000000000007e-08,0,0.00122168195787581,True
2.3837461500445842,0.0025422726142217641,(x*x)*y,184.06458608137032,0.0074150994273245946,0.014421042187013951,1.2217265456719037e-07,0,0.021836263786993122,True
2.3837461500445842,0.0025422726142217641,y - x - x*x*y,171.73665739192924,,,,0,0.022236263786993126,True
2.3862884226588061,0.0038134089213326464,x*x,12.699299882008232,1.9737824625582819e-05,0.0012299277051357061,2.0000000000000007e-08,0,0.0012496855297612897,True
2.3862884226588061,0.0038134089213326464,(x*x)*y,194.31221419522726,0.019721673564765809,0.015166439121059083,1.2499300752664465e-07,0,0.03488823767883243,True
2.3862884226588061,0.0038134089213326464,y - x - x*x*y,181.66730120519978,,,,0,0.035288237678832435,True
2.390101831580139,0.0057201133819989695,x*x,13.227907054341243,7.8700732227880761e-05,0.001251182450333599,2.0000000000000007e-08,0,0.0013299031825614804,True
2.390101831580139,0.0057201133819989695,(x*x)*y,211.2629826178547,0.056887300535071746,0.016797324856831681,1.3313024776322218e-07,0,0.073684758522151214,True
2.390101831580139,0.0057201133819989695,y - x - x*x*y,198.09745022278108,,,,0,0.074084758522151226,True
2.390101831580139,0.0028600566909994848,x*x,12.842582906332362,9.1215452438827377e-06,0.0012396596763822897,2.0000000000000007e-08,0,0.0012488012216261733,True
2.390101831580139,0.0028600566909994848,(x*x)*y,202.48778459796441,0.01195070917087356,0.015511379315508219,1.2488904906056526e-07,0,0.027462213375430842,True
2.390101831580139,0.0028600566909994848,y - x - x*x*y,189.88163568219852,,,,0,0.027862213375430846,True
2.3929618882711385,0.0042900850364992272,x*x,13.24770852799017,3.4964850941050959e-05,0.0012559560480841963,2.0000000000000007e-08,0,0.0012909408990252481,True
2.3929618882711385,0.0042900850364992272,(x*x)*y,215.82671653339986,0.032555084824548851,0.016557856402267462,1.2914372923544374e-07,0,0.049113070370545554,True
2.3929618882711385,0.0042900850364992272,y - x - x*x*y,202.8261865631994,,,,0,0.049513070370545566,True
2.3929618882711385,0.0021450425182496136,x*x,12.952198513109186,4.1262601759046302e-06,0.0012471657658235783,2.0000000000000007e-08,0,0.0012513120259994837,True
2.3929618882711385,0.0021450425182496136,(x*x)*y,208.97467989948478,0.0071115578840017842,0.01581586389942673,1.2513435261857833e-07,0,0.022927546917781146,True
2.3929618882711385,0.0021450425182496136,y - x - x*x*y,196.40474870047248,,,,0,0.023327546917781151,True
2.395106930789388,0.0032175637773744206,x*x,13.261051173222693,1.5341598242016131e-05,0.0012595944386705942,2.0000000000000007e-08,0,0.001274956036912611,True
2.395106930789388,0.0032175637773744206,(x*x)*y,219.35183397166506,0.018522384587446605,0.016525195013609547,1.2751273367471799e-07,0,0.035047707113789843,True
2.395106930789388,0.0032175637773744206,y - x - x*x*y,206.484103643049,,,,0,0.035447707113789848,True
2.3983244945667623,0.0048263456660616304,x*x,13.751323850946498,5.9903761055460858e-05,0.0012790494167062736,2.0000000000000007e-08,0,0.0013389731777617353,True
2.3983244945667623,0.0048263456660616304,(x*x)*y,236.3346304508249,0.051818961727253983,0.018002294356771462,1.3399404117192174e-07,0,0.069821390078066634,True
2.3983244945667623,0.0048263456660616304,y - x - x*x*y,222.98187647214277,,,,0,0.070221390078066645,True
2.3983244945667623,0.0024131728330308152,x*x,13.395028891188906,7.021682939351855e-06,0.001268579396116358,2.0000000000000007e-08,0,0.0012756210790557105,True
2.3983244945667623,0.0024131728330308152,(x*x)*y,227.60724450013083,0.011139797559653533,0.016878650986989478,1.2756825575287289e-07,0,0.028018576114898778,True
2.3983244945667623,0.0024131728330308152,y - x - x*x*y,214.78348883527607,,,,0,0.028418576114898782,True
2.4007376673997931,0.0036197592495462228,x*x,13.769861201462648,2.6482047477432255e-05,0.001283456687253169,2.0000000000000007e-08,0,0.0013099587347306021,True
2.4007376673997931,0.0036197592495462228,(x*x)*y,240.90200113676138,0.029624197963458238,0.017844600347273771,1.3102970553336835e-07,0,0.04746892934043756,True
2.4007376673997931,0.0036197592495462228,y - x - x*x*y,227.7114179387425,,,,0,0.047868929340437565,True
