backend_lane,basis_hash,boundary_scalar_loop_count,carry_actual_centered_scale_sum,carry_actual_centered_scale_x,carry_actual_centered_scale_y,carry_baseline_reset_width_sum,carry_baseline_reset_width_x,carry_baseline_reset_width_y,carry_baseline_scale_sum,carry_baseline_scale_x,carry_baseline_scale_y,carry_center_x,carry_center_y,carry_centered_inserted_range_hi_x,carry_centered_inserted_range_hi_y,carry_centered_inserted_range_lo_x,carry_centered_inserted_range_lo_y,carry_centered_inserted_range_width_sum,carry_centered_inserted_range_width_x,carry_centered_inserted_range_width_y,carry_centered_reset_width_sum,carry_centered_reset_width_x,carry_centered_reset_width_y,carry_centered_scale_sum,carry_centered_scale_x,carry_centered_scale_y,carry_composed_poly_range_width,carry_composed_poly_range_width_sum,carry_composed_poly_range_width_x,carry_composed_poly_range_width_y,carry_constant_scale_sum,carry_constant_scale_x,carry_constant_scale_y,carry_endpoint_box_width_sum,carry_endpoint_box_width_x,carry_endpoint_box_width_y,carry_endpoint_tm_width_sum,carry_endpoint_tm_width_x,carry_endpoint_tm_width_y,carry_hypothetical_centered_inserted_range_hi_x,carry_hypothetical_centered_inserted_range_hi_y,carry_hypothetical_centered_inserted_range_lo_x,carry_hypothetical_centered_inserted_range_lo_y,carry_hypothetical_centered_inserted_range_width_sum,carry_hypothetical_centered_inserted_range_width_x,carry_hypothetical_centered_inserted_range_width_y,carry_hypothetical_centered_reset_width_sum,carry_hypothetical_centered_reset_width_x,carry_hypothetical_centered_reset_width_y,carry_hypothetical_centered_scale_sum,carry_hypothetical_centered_scale_x,carry_hypothetical_centered_scale_y,carry_immediate_reset_reduction_absolute_sum,carry_immediate_reset_reduction_absolute_x,carry_immediate_reset_reduction_absolute_y,carry_immediate_reset_reduction_relative_sum,carry_immediate_reset_reduction_relative_x,carry_immediate_reset_reduction_relative_y,carry_immediate_saving_source,carry_inserted_endpoint_width_sum,carry_inserted_endpoint_width_x,carry_inserted_endpoint_width_y,carry_inserted_range_asymmetry_sum,carry_inserted_range_asymmetry_x,carry_inserted_range_asymmetry_y,carry_inserted_range_hi_x,carry_inserted_range_hi_y,carry_inserted_range_lo_x,carry_inserted_range_lo_y,carry_inserted_range_midpoint_shift_abs_sum,carry_inserted_range_midpoint_shift_x,carry_inserted_range_midpoint_shift_y,carry_inserted_range_width_sum,carry_inserted_range_width_x,carry_inserted_range_width_y,carry_insertion_components,carry_insertion_cutoff_width,carry_insertion_cutoff_width_sum,carry_insertion_cutoff_width_x,carry_insertion_cutoff_width_y,carry_insertion_truncation_width,carry_insertion_truncation_width_sum,carry_insertion_truncation_width_x,carry_insertion_truncation_width_y,carry_normal_right_map_range_width_sum,carry_normal_right_map_range_width_x,carry_normal_right_map_range_width_y,carry_normal_state_right_width_sum,carry_normal_state_right_width_x,carry_normal_state_right_width_y,carry_normal_state_scale_sum,carry_normal_state_width_sum,carry_normalized_reset_width_sum,carry_normalized_reset_width_x,carry_normalized_reset_width_y,carry_old_right_map_range_width_sum,carry_old_right_map_range_width_x,carry_old_right_map_range_width_y,carry_output_remainder_width,carry_output_remainder_width_sum,carry_output_remainder_width_x,carry_output_remainder_width_y,carry_reconstruction_polynomial_max_abs_diff,carry_reconstruction_polynomial_max_abs_diff_x,carry_reconstruction_polynomial_max_abs_diff_y,carry_reconstruction_remainder_hi_diff,carry_reconstruction_remainder_hi_diff_x,carry_reconstruction_remainder_hi_diff_y,carry_reconstruction_remainder_lo_diff,carry_reconstruction_remainder_lo_diff_x,carry_reconstruction_remainder_lo_diff_y,carry_reset_box_width_sum,carry_reset_mode,carry_right_map_center_mode,carry_right_map_range_mode,carry_scale_reduction_absolute_sum,carry_scale_reduction_absolute_x,carry_scale_reduction_absolute_y,carry_scale_reduction_relative_sum,carry_scale_reduction_relative_x,carry_scale_reduction_relative_y,carry_scale_x,carry_scale_y,carry_step_index,carry_terms_after_insertion,carry_terms_before_insertion_truncation,carry_tmv_pre_degree,carry_tmv_pre_term_count,carry_tmv_right_degree,carry_tmv_right_term_count,dense_to_sparse_conversions,device_transfer_count,effective_degree,endpoint_tightening_applied,endpoint_width_sum,endpoint_x_hi,endpoint_x_lo,endpoint_x_width,endpoint_y_hi,endpoint_y_lo,endpoint_y_width,h_accepted,h_attempted,inner_loop_conversions,inner_loop_scalar_count,message,next_h,range_leaf_evaluations,range_subdivision_invocations,raw_endpoint_published,requested_order,segment_boundary_conversions,segment_index,segment_width_sum,segment_x_hi,segment_x_lo,segment_x_width,segment_y_hi,segment_y_lo,segment_y_width,sparse_fallback_count,sparse_to_dense_conversions,status,step_rejections,t_hi,t_lo,tau_index,validation_attempts
hybrid_dense_core,8835901234c525e7d67983af797266b78cb12999d9290c10ad7878765f386634,2,0.2141870285255885,0.15054744578597942,0.06363958273960907,0.428374057051177,0.30109489157195884,0.12727916547921814,0.2141870285255885,0.15054744578597942,0.06363958273960907,1.2797919132276852,2.3663121508291822,0.15054322703597942,0.06300594354511378,-0.15054744578597942,-0.06363958273960907,0.4277361991066818,0.3010906728219589,0.1266455262847229,0.428374057051177,0.30109489157195884,0.12727916547921814,0.2141870285255885,0.15054744578597942,0.06363958273960907,0.4276835820461914,0.4276835820461914,0.30108817281595884,0.12659540923023252,0.2141870285255885,0.15054744578597942,0.06363958273960907,0.42773619910669247,0.3010906728219616,0.12664552628473083,0.42773619910669247,0.3010906728219616,0.12664552628473083,0.15054533641097942,0.06332276314236142,-0.15054533641097942,-0.06332276314236142,0.42773619910668176,0.3010906728219589,0.12664552628472286,0.4277361991066817,0.30109067282195884,0.12664552628472284,0.21386809955334085,0.15054533641097942,0.06332276314236142,0.000637857944495307,4.218750000006821e-06,0.0006336391944953002,0.0014890209479214644,1.4011363587012501e-05,0.0049783418370916285,same_inserted_tm_shadow_diagnostic,0.4277361991066818,0.3010906728219589,0.1266455262847229,0.0006378579444952931,4.218750000006821e-06,0.0006336391944952863,0.15054322703597942,0.06300594354511378,-0.15054744578597942,-0.06363958273960907,0.0,0.0,0.0,0.4277361991066818,0.3010906728219589,0.1266455262847229,2,1e-323,1e-323,5e-324,5e-324,1e-323,1e-323,5e-324,5e-324,0.4277361991066818,0.3010906728219589,0.1266455262847229,3.9900152935986415,1.9999719772728255,1.990043316325816,0.2141870285255885,0.42773619910669247,0.4283740570511815,0.3010948915719603,0.12727916547922116,0.4277361991066818,0.3010906728219589,0.1266455262847229,5.261706049033994e-05,5.261706049033994e-05,2.5000060000000046e-06,5.0117054490339935e-05,0.0,0.0,0.0,0.0,0.0,0.0,0.0,0.0,0.0,0.42773619910669247,normalized_insertion,constant,standard,0.0,0.0,0.0,0.0,0.0,0.0,0.15054744578597942,0.06363958273960907,1,10,10,4,31,3,10,1,0,4,False,0.42773619910669236,1.430335140263666,1.1292444674417044,0.30109067282196156,2.4293180943743,2.302672568089569,0.1266455262847308,0.0125,0.1,0,0,,0.013750000000000002,56,14,True,4,2,0,0.4937116724449859,1.4307122335609903,1.0990754609166948,0.3316367726442955,2.4638767057176887,2.3018018059169982,0.16207489980069045,0,1,accepted,3,0.0125,0.0,2,1
hybrid_dense_core,8835901234c525e7d67983af797266b78cb12999d9290c10ad7878765f386634,2,0.2293732484827503,0.15096641458336155,0.07840683389938875,0.4587464969655006,0.3019328291667231,0.1568136677987775,0.2293732484827503,0.15096641458336155,0.07840683389938875,1.3120586303812756,2.3265670297225745,0.15094896890723566,0.07717076909250788,-0.15096641458336155,-0.07840683389938875,0.4574929864824939,0.30191538349059727,0.15557760299189666,0.4587464969655006,0.3019328291667231,0.1568136677987775,0.2293732484827503,0.15096641458336155,0.07840683389938875,0.4573757011382822,0.4573757011382822,0.3019094470047671,0.1554662541335151,0.2293732484827503,0.15096641458336155,0.07840683389938875,0.45931068924034324,0.3026482623426479,0.1566624268976953,0.45931068924034324,0.3026482623426479,0.1566624268976953,0.1509576917452986,0.07778880149594831,-0.1509576917452986,-0.07778880149594831,0.4574929864824939,0.30191538349059727,0.15557760299189666,0.4574929864824938,0.3019153834905972,0.15557760299189663,0.2287464932412469,0.1509576917452986,0.07778880149594831,0.001253510483006759,1.7445676125882326e-05,0.0012360648068808766,0.0027324687846085665,5.7779990913969365e-05,0.00788237928639606,same_inserted_tm_shadow_diagnostic,0.4574929864824939,0.30191538349059727,0.15557760299189666,0.001253510483006759,1.7445676125882326e-05,0.0012360648068808766,0.15094896890723566,0.07717076909250788,-0.15096641458336155,-0.07840683389938875,0.0,0.0,0.0,0.4574929864824939,0.30191538349059727,0.15557760299189666,2,1.5342073916060468e-10,1.5342073916060468e-10,1.4604670826847275e-10,7.374030892131926e-12,8.750073358698765e-09,8.750073358698765e-09,3.8677671195024574e-14,8.75003468102757e-09,0.4574929864824939,0.30191538349059727,0.15557760299189666,3.984119681445377,1.9998844400181708,1.9842352414272064,0.2293732484827503,0.4574929864825109,0.45874649696550496,0.30193282916672454,0.1568136677987804,0.4574929864824939,0.30191538349059727,0.15557760299189666,0.00011728534421163669,0.00011728534421163669,5.936485830132892e-06,0.0001113488583815038,0.0,0.0,0.0,0.0,0.0,0.0,0.0,0.0,0.0,0.45931068924034324,normalized_insertion,constant,standard,0.0,0.0,0.0,0.0,0.0,0.0,0.15096641458336155,0.07840683389938875,2,20,42,4,31,4,20,1,0,4,False,0.45931068924034313,1.463380226632809,1.1607319642901612,0.30264826234264786,2.404555870285785,2.2478934433880897,0.15666242689769527,0.013750000000000002,0.013750000000000002,0,0,,0.015125000000000003,56,14,True,4,2,1,0.535029188391499,1.463859587441719,1.1279858863276608,0.33587370111405823,2.4456749610289616,2.246519473751521,0.1991554872774408,0,1,accepted,0,0.026250000000000002,0.0125,2,1
hybrid_dense_core,8835901234c525e7d67983af797266b78cb12999d9290c10ad7878765f386634,2,0.245462785647285,0.1512037261106084,0.0942590595366766,0.49092557129457,0.3024074522212168,0.1885181190733532,0.245462785647285,0.1512037261106084,0.0942590595366766,1.3468976803367751,2.2797148713775304,0.15116296758553127,0.09248274653605879,-0.1512037261106084,-0.0942590595366766,0.48910849976887516,0.3023666936961397,0.1867418060727354,0.49092557129457,0.3024074522212168,0.1885181190733532,0.245462785647285,0.1512037261106084,0.0942590595366766,0.4889109893521547,0.4889109893521547,0.30235605668035953,0.1865549326717952,0.245462785647285,0.1512037261106084,0.0942590595366766,0.49310068449170197,0.30406173274311127,0.18903895174859067,0.49310068449170197,0.30406173274311127,0.18903895174859067,0.15118334684806983,0.09337090303636769,-0.15118334684806983,-0.09337090303636769,0.48910849976887516,0.3023666936961397,0.1867418060727354,0.48910849976887505,0.30236669369613967,0.18674180607273538,0.24455424988443752,0.15118334684806983,0.09337090303636769,0.0018170715256949355,4.075852507712252e-05,0.001776313000617813,0.003701317739272209,0.00013478016093104375,0.009422505429977487,same_inserted_tm_shadow_diagnostic,0.48910849976887516,0.3023666936961397,0.1867418060727354,0.0018170715256949355,4.075852507712252e-05,0.001776313000617813,0.15116296758553127,0.09248274653605879,-0.1512037261106084,-0.0942590595366766,0.0,0.0,0.0,0.48910849976887516,0.3023666936961397,0.1867418060727354,2,1.4987014700993287e-10,1.4987014700993287e-10,4.834308168185204e-11,1.0152706532808082e-10,2.483376731918771e-08,2.483376731918771e-08,3.223111310339622e-11,2.4801536206084314e-08,0.48910849976887516,0.3023666936961397,0.1867418060727354,3.9808854288181807,1.9997304396781357,1.9811549891400448,0.245462785647285,0.48910849976889204,0.49092557129457426,0.3024074522212184,0.18851811907335583,0.48910849976887516,0.3023666936961397,0.1867418060727354,0.0001975104167202754,0.0001975104167202754,1.0637015780084967e-05,0.00018687340094019042,0.0,0.0,0.0,0.0,0.0,0.0,0.0,0.0,0.0,0.49310068449170197,normalized_insertion,constant,standard,0.0,0.0,0.0,0.0,0.0,0.0,0.1512037261106084,0.0942590595366766,3,22,96,4,31,4,22,1,0,4,False,0.49310068449170186,1.498925514164922,1.1948637814218108,0.3040617327431112,2.3738668058889054,2.1848278541403148,0.18903895174859064,0.015125000000000003,0.015125000000000003,0,0,,0.016637500000000003,56,14,True,4,2,2,0.580285723993095,1.499535357233171,1.1594148883980622,0.34012046883510894,2.422856036766125,2.182690781608139,0.24016525515798604,0,1,accepted,0,0.04137500000000001,0.026250000000000002,2,1
hybrid_dense_core,8835901234c525e7d67983af797266b78cb12999d9290c10ad7878765f386634,2,0.2622802147474005,0.1511934780050484,0.1110867367423521,0.524560429494801,0.3023869560100968,0.2221734734847042,0.2622802147474005,0.1511934780050484,0.1110867367423521,1.3843728106844229,2.224574004587622,0.1511187716852837,0.10887220266803958,-0.1511934780050484,-0.1110867367423521,0.5222711891007239,0.30231224969033216,0.2199589394103917,0.524560429494801,0.3023869560100968,0.2221734734847042,0.2622802147474005,0.1511934780050484,0.1110867367423521,0.521973294556108,0.521973294556108,0.3022951963102613,0.21967809824584664,0.2622802147474005,0.1511934780050484,0.1110867367423521,0.5288472050534657,0.30524407829647876,0.22360312675698693,0.5288472050534657,0.30524407829647876,0.22360312675698693,0.15115612484516605,0.10997946970519586,-0.15115612484516605,-0.10997946970519584,0.5222711891007239,0.30231224969033216,0.2199589394103917,0.5222711891007238,0.3023122496903321,0.2199589394103917,0.2611355945503619,0.15115612484516605,0.10997946970519586,0.0022892403940771855,7.470631976469466e-05,0.002214534074312491,0.004364111864636703,0.00024705536492189233,0.009967589917816868,same_inserted_tm_shadow_diagnostic,0.5222711891007239,0.30231224969033216,0.2199589394103917,0.0022892403940772132,7.470631976469466e-05,0.0022145340743125186,0.1511187716852837,0.10887220266803958,-0.1511934780050484,-0.1110867367423521,0.0,0.0,0.0,0.5222711891007239,0.30231224969033216,0.2199589394103917,2,3.280526975274967e-11,3.280526975274967e-11,3.2068480281630255e-11,7.367894711194138e-13,4.9093190188442195e-08,4.9093190188442195e-08,1.240633326122809e-10,4.8969126855829914e-08,0.5222711891007239,0.30231224969033216,0.2199589394103917,3.9795707094345207,1.9995058892701545,1.980064820164366,0.2622802147474005,0.5222711891007407,0.5245604294948053,0.3023869560100981,0.2221734734847072,0.5222711891007239,0.30231224969033216,0.2199589394103917,0.0002978945446158599,0.0002978945446158599,1.7053380070788824e-05,0.0002808411645450711,0.0,0.0,0.0,0.0,0.0,0.0,0.0,0.0,0.0,0.5288472050534657,normalized_insertion,constant,standard,0.0,0.0,0.0,0.0,0.0,0.0,0.1511934780050484,0.1110867367423521,4,24,104,4,31,4,24,1,0,4,False,0.5288472050534656,1.5369912430359498,1.231747164739471,0.3052440782964787,2.3359842857667266,2.1123811590097397,0.2236031267569869,0.016637500000000003,0.016637500000000003,0,0,,0.018301250000000005,56,14,True,4,2,3,0.6294519952335478,1.53776697946759,1.1934962979601833,0.3442706815074066,2.394343812646258,2.1091624989201168,0.2851813137261412,0,1,accepted,0,0.05801250000000001,0.04137500000000001,2,1
hybrid_dense_core,8835901234c525e7d67983af797266b78cb12999d9290c10ad7878765f386634,2,0.27954496339775703,0.1508553970773611,0.12868956632039594,0.5590899267955141,0.3017107941547222,0.2573791326407919,0.27954496339775703,0.1508553970773611,0.12868956632039594,1.424499222879595,2.1598433735136293,0.15073649837439426,0.12618810698792665,-0.1508553970773611,-0.12868956632039594,0.556469568760078,0.3015918954517554,0.2548776733083226,0.5590899267955141,0.3017107941547222,0.2573791326407919,0.27954496339775703,0.1508553970773611,0.12868956632039594,0.5560451901347714,0.5560451901347714,0.30156608413163843,0.2544791060031329,0.27954496339775703,0.1508553970773611,0.12868956632039594,0.5660887327191663,0.30608317880422425,0.260005553914942,0.5660887327191663,0.30608317880422425,0.260005553914942,0.15079594772587768,0.1274388366541613,-0.15079594772587768,-0.12743883665416128,0.556469568760078,0.3015918954517554,0.2548776733083226,0.556469568760078,0.30159189545175535,0.2548776733083226,0.278234784380039,0.15079594772587768,0.1274388366541613,0.002620358035436088,0.0001188987029668298,0.002501459332469258,0.004686827484900256,0.00039408170098765715,0.009718967139268396,same_inserted_tm_shadow_diagnostic,0.556469568760078,0.3015918954517554,0.2548776733083226,0.0026203580354361156,0.0001188987029668298,0.0025014593324692858,0.15073649837439426,0.12618810698792665,-0.1508553970773611,-0.12868956632039594,0.0,0.0,0.0,0.556469568760078,0.3015918954517554,0.2548776733083226,2,1.1052500508187543e-10,1.1052500508187543e-10,1.0742085408200454e-10,3.104150999870894e-12,8.040666776344131e-08,8.040666776344131e-08,3.0965047627379327e-10,8.009701728716752e-08,0.556469568760078,0.3015918954517554,0.2548776733083226,3.979773902319484,1.9992118365980232,1.9805620657214607,0.27954496339775703,0.556469568760095,0.5590899267955184,0.30171079415472374,0.25737913264079465,0.556469568760078,0.3015918954517554,0.2548776733083226,0.0004243786253066418,0.0004243786253066418,2.581132011690527e-05,0.00039856730518973655,0.0,0.0,0.0,0.0,0.0,0.0,0.0,0.0,0.0,0.5660887327191663,normalized_insertion,constant,standard,0.0,0.0,0.0,0.0,0.0,0.0,0.1508553970773611,0.12868956632039594,5,24,113,4,31,4,24,1,0,4,False,0.5660887327191662,1.5775365541951154,1.2714533753908912,0.3060831788042242,2.2894339154097865,2.0294283614948445,0.26000555391494196,0.018301250000000005,0.018301250000000005,0,0,,0.020131375000000007,56,14,True,4,2,4,0.6823661530874723,1.578522369236715,1.2303411481541195,0.3481812210825954,2.35888891999175,2.0247039879868733,0.33418493200487687,0,1,accepted,0,0.07631375000000001,0.05801250000000001,2,1
hybrid_dense_core,8835901234c525e7d67983af797266b78cb12999d9290c10ad7878765f386634,2,0.29684579676596,0.15009368277035665,0.14675211399560334,0.59369159353192,0.3001873655407133,0.2935042279912067,0.29684579676596,0.15009368277035665,0.14675211399560334,1.4672252693993606,2.0841336975167346,0.14992223482069453,0.1441703743171525,-0.15009368277035665,-0.14675211399560334,0.5909384059038071,0.30001591759105123,0.29092248831275586,0.59369159353192,0.3001873655407133,0.2935042279912067,0.29684579676596,0.15009368277035665,0.14675211399560334,0.5903512752010188,0.5903512752010188,0.2999781385563178,0.29037313664470105,0.29684579676596,0.15009368277035665,0.14675211399560334,0.6041002371813532,0.30643674356141976,0.29766349361993344,0.6041002371813532,0.30643674356141976,0.29766349361993344,0.1500079587955256,0.14546124415637793,-0.1500079587955256,-0.1454612441563779,0.5909384059038071,0.30001591759105123,0.29092248831275586,0.590938405903807,0.3000159175910512,0.29092248831275586,0.2954692029519035,0.1500079587955256,0.14546124415637793,0.002753187628112941,0.00017144794966211796,0.002581739678450823,0.0046374037599791525,0.0005711364612341258,0.008796260606263468,same_inserted_tm_shadow_diagnostic,0.5909384059038071,0.30001591759105123,0.29092248831275586,0.0027531876281129686,0.00017144794966211796,0.0025817396784508506,0.14992223482069453,0.1441703743171525,-0.15009368277035665,-0.14675211399560334,0.0,0.0,0.0,0.5909384059038071,0.30001591759105123,0.29092248831275586,2,4.9131350518045375e-11,4.9131350518045375e-11,3.9395918980538105e-11,9.735431537507267e-12,1.1483174058097471e-07,1.1483174058097471e-07,6.184802213840078e-10,1.1421326035959071e-07,0.5909384059038071,0.30001591759105123,0.29092248831275586,3.9812652058650024,1.99885772707753,1.9824074787874724,0.29684579676596,0.5909384059038231,0.5936915935319239,0.30018736554071485,0.29350422799120907,0.5909384059038071,0.30001591759105123,0.29092248831275586,0.0005871307027882008,0.0005871307027882008,3.7779034733404316e-05,0.0005493516680547965,0.0,0.0,0.0,0.0,0.0,0.0,0.0,0.0,0.0,0.6041002371813532,normalized_insertion,constant,standard,0.0,0.0,0.0,0.0,0.0,0.0,0.15009368277035665,0.14675211399560334,6,25,113,4,31,4,25,1,0,4,False,0.6041002371813531,1.6204386611627957,1.314001917601376,0.3064367435614197,2.2325353961690224,1.934871902549089,0.2976634936199334,0.020131375000000007,0.020131375000000007,0,0,,0.02214451250000001,56,14,True,4,2,5,0.7386002438213013,1.6216889657226208,1.2700255665217852,0.35166339920083556,2.3150269096677367,1.928090065047271,0.38693684462046574,0,1,accepted,0,0.09644512500000002,0.07631375000000001,2,1
hybrid_dense_core,8835901234c525e7d67983af797266b78cb12999d9290c10ad7878765f386634,2,0.30552127706754983,0.14950441960385535,0.15601685746369448,0.6110425541350997,0.2990088392077107,0.31203371492738896,0.30552127706754983,0.14950441960385535,0.15601685746369448,1.490061825575671,2.040667357988057,0.1493044546230955,0.15348688963088744,-0.14950441960385535,-0.15601685746369448,0.6083126213215329,0.2988088742269509,0.309503747094582,0.6110425541350997,0.2990088392077107,0.31203371492738896,0.30552127706754983,0.14950441960385535,0.15601685746369448,0.6076646138851235,0.6076646138851235,0.2987628355496112,0.3089017783355123,0.30552127706754983,0.14950441960385535,0.15601685746369448,0.6183308773731325,0.30329840923153456,0.31503246814159797,0.6183308773731325,0.30329840923153456,0.31503246814159797,0.14940443711347542,0.15475187354729097,-0.14940443711347542,-0.15475187354729095,0.6083126213215329,0.2988088742269509,0.309503747094582,0.6083126213215329,0.29880887422695085,0.30950374709458195,0.3041563106607664,0.14940443711347542,0.15475187354729097,0.002729932813566871,0.00019996498075985913,0.002529967832807012,0.004467663986890332,0.0006687594296199071,0.00810799510365648,same_inserted_tm_shadow_diagnostic,0.6083126213215329,0.2988088742269509,0.309503747094582,0.0027299328135668988,0.00019996498075985913,0.0025299678328070396,0.1493044546230955,0.15348688963088744,-0.14950441960385535,-0.15601685746369448,0.0,0.0,0.0,0.6083126213215329,0.2988088742269509,0.309503747094582,2,6.739015511293698e-11,6.739015511293698e-11,5.4710963543834635e-11,1.2679191569102346e-11,9.778948323551584e-08,9.778948323551584e-08,2.6200621000203893e-10,9.75274770255138e-08,0.6083126213215329,0.2988088742269509,0.309503747094582,3.9824464909334445,1.998662481140759,1.9837840097926855,0.30552127706754983,0.6083126213215476,0.6110425541351031,0.299008839207712,0.3120337149273911,0.6083126213215329,0.2988088742269509,0.309503747094582,0.0006480074364092769,0.0006480074364092769,4.603867733966518e-05,0.0006019687590696118,0.0,0.0,0.0,0.0,0.0,0.0,0.0,0.0,0.0,0.6183308773731325,normalized_insertion,constant,standard,0.0,0.0,0.0,0.0,0.0,0.0,0.14950441960385535,0.15601685746369448,7,25,121,4,31,4,25,1,0,4,False,0.6183308773731324,1.6417095911852273,1.3384111819536928,0.3032984092315345,2.197942378829248,1.88290991068765,0.3150324681415979,0.011072256250000004,0.02214451250000001,0,0,,0.012179481875000005,56,14,True,4,2,6,0.6938725686443699,1.6421016055005127,1.315182611462097,0.3269189940384156,2.2456361018257653,1.878682527219811,0.36695357460595424,0,1,accepted,1,0.10751738125000003,0.09644512500000002,2,1
hybrid_dense_core,8835901234c525e7d67983af797266b78cb12999d9290c10ad7878765f386634,2,0.3143457681047349,0.14871983228217964,0.1656259358225553,0.6286915362094698,0.2974396645643593,0.3312518716451106,0.3143457681047349,0.14871983228217964,0.1656259358225553,1.5146180580420914,1.9914999965609848,0.1484896138736853,0.1632347834305938,-0.14871983228217964,-0.1656259358225553,0.6260701654090142,0.29720944615586503,0.32886071925314914,0.6286915362094698,0.2974396645643593,0.3312518716451106,0.3143457681047349,0.14871983228217964,0.1656259358225553,0.6253495708995163,0.6253495708995163,0.29715369427485566,0.3281958766246606,0.3143457681047349,0.14871983228217964,0.1656259358225553,0.6376319865290437,0.30264008783564283,0.3349918986934009,0.6376319865290437,0.30264008783564283,0.3349918986934009,0.14860472307793246,0.16443035962657457,-0.1486047230779325,-0.16443035962657457,0.6260701654090142,0.29720944615586503,0.3288607192531492,0.6260701654090142,0.297209446155865,0.32886071925314914,0.3130350827045071,0.1486047230779325,0.16443035962657457,0.002621370800455769,0.0002302184084942982,0.0023911523919614708,0.004169565915044179,0.0007740003635072823,0.007218532472242909,same_inserted_tm_shadow_diagnostic,0.6260701654090142,0.29720944615586503,0.32886071925314914,0.0026213708004558245,0.00023021840849432595,0.0023911523919614985,0.1484896138736853,0.1632347834305938,-0.14871983228217964,-0.1656259358225553,0.0,0.0,0.0,0.6260701654090142,0.29720944615586503,0.32886071925314914,2,1.1728966963137564e-10,1.1728966963137564e-10,9.665358566894739e-11,2.063608396242826e-11,1.3256408199822938e-07,1.3256408199822938e-07,3.496642334031533e-10,1.3221441776482623e-07,0.6260701654090142,0.29720944615586503,0.32886071925314914,3.9840149343284965,1.9984519992729837,1.985562935055513,0.3143457681047349,0.6260701654090292,0.6286915362094733,0.2974396645643607,0.33125187164511255,0.6260701654090142,0.29720944615586503,0.32886071925314914,0.0007205945094977737,0.0007205945094977737,5.57518810092744e-05,0.0006648426284884993,0.0,0.0,0.0,0.0,0.0,0.0,0.0,0.0,0.0,0.6376319865290437,normalized_insertion,constant,standard,0.0,0.0,0.0,0.0,0.0,0.0,0.14871983228217964,0.1656259358225553,8,25,121,4,31,4,25,1,0,4,False,0.6376319865290436,1.6659364104368795,1.3632963226012367,0.3026400878356428,2.1587408572946662,1.8237489586012654,0.33499189869340085,0.012179481875000005,0.012179481875000005,0,0,,0.013397430062500007,56,14,True,4,2,7,0.7228506082135904,1.6664209012820592,1.3382555992896366,0.32816530199242266,2.213171241772087,1.818485935550919,0.3946853062211677,0,1,accepted,0,0.11969686312500004,0.10751738125000003,2,1
hybrid_dense_core,8835901234c525e7d67983af797266b78cb12999d9290c10ad7878765f386634,2,0.3231499425817502,0.1476960996310554,0.17545384295069483,0.6462998851635005,0.2953921992621108,0.35090768590138965,0.3231499425817502,0.1476960996310554,0.17545384295069483,1.540928430877704,1.935928991756498,0.14743513588907292,0.17330966941779857,-0.1476960996310554,-0.17545384295069483,0.6438947478886219,0.2951312355201284,0.34876351236849346,0.6462998851635005,0.2953921992621108,0.35090768590138965,0.3231499425817502,0.1476960996310554,0.17545384295069483,0.6430863495297534,0.6430863495297534,0.29506397618260155,0.34802237334715186,0.3231499425817502,0.1476960996310554,0.17545384295069483,0.6572064210368961,0.30167151707696244,0.35553490395993365,0.6572064210368961,0.30167151707696244,0.35553490395993365,0.14756561776006416,0.1743817561842467,-0.14756561776006416,-0.1743817561842467,0.6438947478886219,0.2951312355201284,0.34876351236849346,0.6438947478886217,0.2951312355201283,0.3487635123684934,0.32194737394431083,0.14756561776006416,0.1743817561842467,0.0024051372748787325,0.0002609637419824784,0.002144173532896254,0.003721395175972038,0.0008834483193339748,0.00611036354871634,same_inserted_tm_shadow_diagnostic,0.6438947478886219,0.2951312355201284,0.34876351236849346,0.0024051372748787325,0.0002609637419824784,0.002144173532896254,0.14743513588907292,0.17330966941779857,-0.1476960996310554,-0.17545384295069483,0.0,0.0,0.0,0.6438947478886219,0.2951312355201284,0.34876351236849346,2,1.9469307820610382e-10,1.9469307820610382e-10,1.6193561608126076e-10,3.275746212484305e-11,1.7301390801007244e-07,1.7301390801007244e-07,4.437924120186582e-10,1.725701155980538e-07,0.6438947478886219,0.2951312355201284,0.34876351236849346,3.986012376263897,1.9982331033613305,1.9877792729025665,0.3231499425817502,0.6438947478886364,0.6462998851635039,0.2953921992621123,0.3509076859013916,0.6438947478886219,0.2951312355201284,0.34876351236849346,0.0008083983588682918,0.0008083983588682918,6.725933752677896e-05,0.0007411390213415129,0.0,0.0,0.0,0.0,0.0,0.0,0.0,0.0,0.0,0.6572064210368961,normalized_insertion,constant,standard,0.0,0.0,0.0,0.0,0.0,0.0,0.1476960996310554,0.17545384295069483,9,25,121,4,31,4,25,1,0,4,False,0.657206421036896,1.6917622128967467,1.3900906958197843,0.3016715170769624,2.1134284210199112,1.7578935170599777,0.3555349039599336,0.013397430062500007,0.013397430062500007,0,0,,0.014737173068750008,56,14,True,4,2,8,0.753388275101496,1.6923606343841064,1.3631819014968118,0.3291787328872946,2.1755512425492896,1.7513417003350882,0.4242095422142014,0,1,accepted,0,0.13309429318750005,0.11969686312500004,2,1
hybrid_dense_core,8835901234c525e7d67983af797266b78cb12999d9290c10ad7878765f386634,2,0.33170929513789826,0.14638227190028355,0.18532702323761474,0.6634185902757965,0.2927645438005671,0.3706540464752295,0.33170929513789826,0.14638227190028355,0.18532702323761474,1.5689983055153303,1.8732096849108246,0.1460920408310744,0.18356037446374548,-0.14638227190028355,-0.18532702323761474,0.6613617104327183,0.292474312731358,0.3688873977013603,0.6634185902757965,0.2927645438005671,0.3706540464752295,0.33170929513789826,0.14638227190028355,0.18532702323761474,0.6604455515713594,0.6604455515713594,0.29239329970618305,0.36805225186517637,0.33170929513789826,0.14638227190028355,0.18532702323761474,0.6766416512090448,0.3003129323614165,0.37632871884762836,0.6766416512090448,0.3003129323614165,0.37632871884762836,0.146237156365679,0.18444369885068013,-0.146237156365679,-0.1844436988506801,0.6613617104327183,0.29247431273135804,0.3688873977013603,0.6613617104327183,0.292474312731358,0.36888739770136025,0.33068085521635915,0.146237156365679,0.18444369885068013,0.002056879843078341,0.00029023106920911257,0.0017666487738692283,0.0031004253923955527,0.0009913463749449784,0.004766301058006369,same_inserted_tm_shadow_diagnostic,0.6613617104327183,0.292474312731358,0.3688873977013603,0.0020568798430783963,0.0002902310692091403,0.001766648773869256,0.1460920408310744,0.18356037446374548,-0.14638227190028355,-0.18532702323761474,0.0,0.0,0.0,0.6613617104327183,0.292474312731358,0.3688873977013603,2,5.0661463537330646e-11,5.0661463537330646e-11,1.1337522239237779e-14,5.065012601509141e-11,2.1737054297244258e-07,2.1737054297244258e-07,5.907021435145959e-10,2.1677984082892798e-07,0.6613617104327183,0.292474312731358,0.3688873977013603,3.9884847051340944,1.9980173072501082,1.9904673978839862,0.33170929513789826,0.6613617104327335,0.6634185902758,0.29276454380056866,0.3706540464752313,0.6613617104327183,0.292474312731358,0.3688873977013603,0.0009161588613588086,0.0009161588613588086,8.101302517493311e-05,0.0008351458361838755,0.0,0.0,0.0,0.0,0.0,0.0,0.0,0.0,0.0,0.6766416512090448,normalized_insertion,constant,standard,0.0,0.0,0.0,0.0,0.0,0.0,0.14638227190028355,0.18532702323761474,10,26,121,4,31,4,26,1,0,4,False,0.6766416512090447,1.7191524787393413,1.4188395463779249,0.30031293236141643,2.0610943130293222,1.684765594181694,0.3763287188476283,0.014737173068750008,0.014737173068750008,0,0,,0.01621089037562501,56,14,True,4,2,9,0.7852102038292272,1.719890773703705,1.390031376775935,0.3298593969277701,2.131965010479074,1.676614203577617,0.45535080690145713,0,1,accepted,0,0.14783146625625004,0.13309429318750005,2,1
hybrid_dense_core,8835901234c525e7d67983af797266b78cb12999d9290c10ad7878765f386634,2,0.33973301569948,0.14472008965169042,0.1950129260477896,0.67946603139896,0.28944017930338084,0.3900258520955792,0.33973301569948,0.14472008965169042,0.1950129260477896,1.5987942980963161,1.8025755663876253,0.14440498890119444,0.19377786401242747,-0.14472008965169042,-0.1950129260477896,0.677915868613102,0.2891250785528849,0.38879079006021716,0.67946603139896,0.28944017930338084,0.3900258520955792,0.33973301569948,0.14472008965169042,0.1950129260477896,0.6768669010150121,0.6768669010150121,0.28902745527824447,0.3878394457367676,0.33973301569948,0.14472008965169042,0.1950129260477896,0.6953900510832624,0.2984689288353087,0.3969211222479537,0.6953900510832624,0.2984689288353087,0.3969211222479537,0.14456253927644244,0.19439539503010855,-0.14456253927644241,-0.19439539503010853,0.677915868613102,0.2891250785528849,0.38879079006021716,0.6779158686131019,0.2891250785528849,0.3887907900602171,0.33895793430655097,0.14456253927644244,0.19439539503010855,0.0015501627858580669,0.00031510075049595576,0.0012350620353621111,0.0022814426538239445,0.0010886558709794,0.0031666158248901113,same_inserted_tm_shadow_diagnostic,0.677915868613102,0.2891250785528849,0.38879079006021716,0.0015501627858581224,0.0003151007504959835,0.0012350620353621389,0.14440498890119444,0.19377786401242747,-0.14472008965169042,-0.1950129260477896,0.0,0.0,0.0,0.677915868613102,0.2891250785528849,0.38879079006021716,2,7.606563037455339e-11,7.606563037455339e-11,1.414420617441072e-14,7.605148616837898e-11,2.6130074083193207e-07,2.6130074083193207e-07,9.532448302779917e-10,2.603474960016541e-07,0.677915868613102,0.2891250785528849,0.38879079006021716,3.991489456608258,1.997822688258039,1.993666768350219,0.33973301569948,0.6779158686131134,0.6794660313989628,0.28944017930338234,0.39002585209558044,0.677915868613102,0.2891250785528849,0.38879079006021716,0.0010489675980898615,0.0010489675980898615,9.762327464036206e-05,0.0009513443234494995,0.0,0.0,0.0,0.0,0.0,0.0,0.0,0.0,0.0,0.6953900510832624,normalized_insertion,constant,standard,0.0,0.0,0.0,0.0,0.0,0.0,0.14472008965169042,0.1950129260477896,11,26,125,4,31,4,26,1,0,4,False,0.6953900510832622,1.7480261254716016,1.449557196636293,0.2984689288353086,2.000746835109905,1.6038257128619515,0.3969211222479536,0.01621089037562501,0.01621089037562501,0,0,,0.01783197941318751,56,14,True,4,2,10,0.8178791650061135,1.748935326018411,1.4188520035084977,0.33008332250991335,2.0815012544956293,1.5937054119994292,0.4877958424962001,0,1,accepted,0,0.16404235663187505,0.14783146625625004,2,1
hybrid_dense_core,8835901234c525e7d67983af797266b78cb12999d9290c10ad7878765f386634,2,0.34685632736261673,0.142644343197362,0.2042119841652547,0.6937126547252335,0.285288686394724,0.4084239683305094,0.34685632736261673,0.142644343197362,0.2042119841652547,1.6302328990200183,1.723269999217199,0.14231290750387307,0.20368450044090938,-0.142644343197362,-0.2042119841652547,0.6928537353073994,0.2849572507012351,0.4078964846061642,0.6937126547252335,0.285288686394724,0.4084239683305094,0.34685632736261673,0.142644343197362,0.2042119841652547,0.6916408674444501,0.6916408674444501,0.2848393484310314,0.4068015190134186,0.34685632736261673,0.142644343197362,0.2042119841652547,0.7127457587704312,0.2960268471211443,0.4167189116492869,0.7127457587704312,0.2960268471211443,0.4167189116492869,0.14247862535061753,0.20394824230308206,-0.14247862535061753,-0.20394824230308203,0.6928537353073994,0.2849572507012351,0.4078964846061642,0.6928537353073991,0.28495725070123507,0.4078964846061641,0.34642686765369957,0.14247862535061753,0.20394824230308206,0.0008589194178342252,0.000331435693488924,0.0005274837243453012,0.001238148694540432,0.0011617554754006305,0.0012915102081336345,same_inserted_tm_shadow_diagnostic,0.6928537353073994,0.2849572507012351,0.4078964846061642,0.000858919417834253,0.000331435693488924,0.000527483724345329,0.14231290750387307,0.20368450044090938,-0.142644343197362,-0.2042119841652547,0.0,0.0,0.0,0.6928537353073994,0.2849572507012351,0.4078964846061642,2,9.774113718214449e-14,9.774113718214449e-14,9.774113718214449e-14,5e-324,2.971493807515362e-07,2.971493807515362e-07,1.480448926720317e-09,2.956689318248159e-07,0.6928537353073994,0.2849572507012351,0.4078964846061642,3.9950934686329287,1.9976764890491963,1.9974169795837324,0.34685632736261673,0.692853735307413,0.6937126547252365,0.28528868639472554,0.4084239683305109,0.6928537353073994,0.2849572507012351,0.4078964846061642,0.0012128678629491163,0.0012128678629491163,0.00011790227020364338,0.001094965592745473,0.0,0.0,0.0,0.0,0.0,0.0,0.0,0.0,0.0,0.7127457587704312,normalized_insertion,constant,standard,0.0,0.0,0.0,0.0,0.0,0.0,0.142644343197362,0.2042119841652547,12,27,125,4,31,4,27,1,0,4,False,0.7127457587704311,1.7782433214130364,1.4822164742918922,0.29602684712114424,1.9313334194511582,1.5146145078018713,0.41671891164928687,0.01783197941318751,0.01783197941318751,0,0,,0.019615177354506262,56,14,True,4,2,11,0.8507638311351147,1.7793600186013083,1.449661176179918,0.32969884242139025,2.0231592415685915,1.502094252854867,0.5210649887137244,0,1,accepted,0,0.18187433604506256,0.16404235663187505,2,1
hybrid_dense_core,8835901234c525e7d67983af797266b78cb12999d9290c10ad7878765f386634,2,0.3534476635479872,0.14008410876249197,0.21336355478549518,0.7068953270959744,0.28016821752498394,0.42672710957099036,0.3534476635479872,0.14008410876249197,0.21336355478549518,1.6631674609929923,1.6345924454570577,0.13975049076571797,0.21336355478549518,-0.14008410876249197,-0.21299027973089077,0.7061884340445961,0.27983459952821,0.42635383451638603,0.7068953270959744,0.28016821752498394,0.42672710957099036,0.3534476635479872,0.14008410876249197,0.21336355478549518,0.7047737907650754,0.7047737907650754,0.2796916706588028,0.4250821201062726,0.3534476635479872,0.14008410876249197,0.21336355478549518,0.7278286093249396,0.2928558885060662,0.43497272081887345,0.7278286093249396,0.2928558885060662,0.43497272081887345,0.13991729976410497,0.213176917258193,-0.13991729976410497,-0.213176917258193,0.7061884340445961,0.27983459952821,0.42635383451638603,0.7061884340445959,0.27983459952820994,0.426353834516386,0.35309421702229793,0.13991729976410497,0.213176917258193,0.0007068930513783878,0.00033361799677400494,0.0003732750546043828,0.0009999967806866175,0.0011907774540638415,0.0008747394909586468,same_inserted_tm_shadow_diagnostic,0.7061884340445961,0.27983459952821,0.42635383451638603,0.0007068930513784155,0.00033361799677400494,0.00037327505460441057,0.13975049076571797,0.21336355478549518,-0.14008410876249197,-0.21299027973089077,0.0,0.0,0.0,0.7061884340445961,0.27983459952821,0.42635383451638603,2,1.809005644390605e-12,1.809005644390605e-12,1.809005644390605e-12,5e-324,3.14083634673346e-07,3.14083634673346e-07,2.2051290243808747e-09,3.1187850564896513e-07,0.7061884340445961,0.27983459952821,0.42635383451638603,3.995868966109953,1.9976184450918704,1.9982505210180828,0.3534476635479872,0.7061884340446084,0.7068953270959774,0.2801682175249854,0.42672710957099197,0.7061884340445961,0.27983459952821,0.42635383451638603,0.0014146432795205098,0.0014146432795205098,0.00014292886940716406,0.0012717144101133456,0.0,0.0,0.0,0.0,0.0,0.0,0.0,0.0,0.0,0.7278286093249396,normalized_insertion,constant,standard,0.0,0.0,0.0,0.0,0.0,0.0,0.14008410876249197,0.21336355478549518,13,27,130,4,31,4,27,1,0,4,False,0.7278286093249395,1.8095920324745067,1.5167361439684406,0.29285588850606614,1.8517795217222008,1.4168068009033274,0.4349727208188734,0.019615177354506262,0.019615177354506262,0,0,,0.02157669508995689,56,14,True,4,2,12,0.8829937631107705,1.8109585618848392,1.4824350525851342,0.328523509299705,1.9558670650983674,1.4013968112873019,0.5544702538110655,0,1,accepted,0,0.20148951339956883,0.18187433604506256,2,1
hybrid_dense_core,8835901234c525e7d67983af797266b78cb12999d9290c10ad7878765f386634,2,0.3568103786547021,0.138562160089485,0.21824821856521712,0.7136207573094042,0.27712432017897,0.43649643713043423,0.3568103786547021,0.138562160089485,0.21824821856521712,1.6805367466849699,1.5853755923043413,0.13823538026535134,0.21824821856521712,-0.138562160089485,-0.21733671332009608,0.7123824722401497,0.2767975403548364,0.4355849318853133,0.7136207573094042,0.27712432017897,0.43649643713043423,0.3568103786547021,0.138562160089485,0.21824821856521712,0.7108998696622154,0.7108998696622154,0.27663887240336366,0.43426099725885176,0.3568103786547021,0.138562160089485,0.21824821856521712,0.724726671675611,0.28463914086041125,0.44008753081519975,0.724726671675611,0.28463914086041125,0.44008753081519975,0.13839877017741817,0.2177924659426566,-0.13839877017741817,-0.21779246594265658,0.7123824722401497,0.2767975403548364,0.4355849318853133,0.7123824722401495,0.27679754035483634,0.4355849318853132,0.35619123612007475,0.13839877017741817,0.2177924659426566,0.0012382850692546632,0.0003267798241336495,0.0009115052451210137,0.0017352144771172631,0.0011791813288801625,0.0020882306648671153,same_inserted_tm_shadow_diagnostic,0.7123824722401497,0.2767975403548364,0.4355849318853133,0.001238285069254691,0.0003267798241336495,0.0009115052451210415,0.13823538026535134,0.21824821856521712,-0.138562160089485,-0.21733671332009608,0.0,0.0,0.0,0.7123824722401497,0.2767975403548364,0.4355849318853133,2,2.5667139977240396e-12,2.5667139977240396e-12,2.5667139977240396e-12,5e-324,1.4946804499151723e-07,1.4946804499151723e-07,7.823378328248647e-10,1.4868570715869237e-07,0.7123824722401497,0.2767975403548364,0.4355849318853133,3.9934651760125033,1.997641637342238,1.9958235386702652,0.3568103786547021,0.7123824722401623,0.713620757309407,0.27712432017897154,0.43649643713043546,0.7123824722401497,0.2767975403548364,0.4355849318853133,0.0014826025779341202,0.0014826025779341202,0.00015866795147265157,0.0013239346264614686,0.0,0.0,0.0,0.0,0.0,0.0,0.0,0.0,0.0,0.724726671675611,normalized_insertion,constant,standard,0.0,0.0,0.0,0.0,0.0,0.0,0.138562160089485,0.21824821856521712,14,27,130,4,31,4,27,1,0,4,False,0.7247266716756109,1.822855383781155,1.5382162429207438,0.2846391408604112,1.805259207803204,1.3651716769880042,0.4400875308151997,0.010788347544978445,0.02157669508995689,0,0,,0.01186718229947629,56,14,True,4,2,13,0.8096769909490407,1.8232702848959985,1.5204320561139226,0.3028382287820759,1.8632432500554448,1.35640448788848,0.5068387621669648,0,1,accepted,1,0.2122778609445473,0.20148951339956883,2,1
hybrid_dense_core,8835901234c525e7d67983af797266b78cb12999d9290c10ad7878765f386634,2,0.3598411461225712,0.1368013930849692,0.22303975303760198,0.7196822922451424,0.2736027861699384,0.44607950607520397,0.3598411461225712,0.1368013930849692,0.22303975303760198,1.6990282981564018,1.531012899429879,0.13648901007058392,0.22303975303760198,-0.1368013930849692,-0.2215078569637038,0.7178380131568589,0.27329040315555314,0.4445476100013058,0.7196822922451424,0.2736027861699384,0.44607950607520397,0.3598411461225712,0.1368013930849692,0.22303975303760198,0.7162755881442378,0.7162755881442378,0.27311383245928705,0.4431617556849507,0.3598411461225712,0.1368013930849692,0.22303975303760198,0.7322106260762126,0.28214424839991153,0.45006637767630103,0.7322106260762126,0.28214424839991153,0.45006637767630103,0.13664520157777657,0.22227380500065289,-0.13664520157777654,-0.22227380500065289,0.7178380131568589,0.27329040315555314,0.4445476100013058,0.7178380131568589,0.27329040315555314,0.44454761000130577,0.35891900657842946,0.13664520157777657,0.22227380500065289,0.0018442790882834403,0.0003123830143852424,0.001531896073898198,0.002562629521604557,0.0011417391568199057,0.0034341323755858392,same_inserted_tm_shadow_diagnostic,0.7178380131568589,0.27329040315555314,0.4445476100013058,0.001844279088283468,0.00031238301438527016,0.001531896073898198,0.13648901007058392,0.22303975303760198,-0.1368013930849692,-0.2215078569637038,0.0,0.0,0.0,0.7178380131568589,0.27329040315555314,0.4445476100013058,2,3.836819464777311e-12,3.836819464777311e-12,3.836819464777311e-12,5e-324,1.4091094066660824e-07,1.4091094066660824e-07,1.007831100713138e-09,1.399031095658951e-07,0.7178380131568589,0.27329040315555314,0.4445476100013058,3.990848256935186,1.997716521686358,1.9931317352488283,0.3598411461225712,0.717838013156871,0.7196822922451452,0.27360278616993977,0.44607950607520547,0.7178380131568589,0.27329040315555314,0.4445476100013058,0.001562425012621188,0.001562425012621188,0.00017657069626608892,0.0013858543163550992,0.0,0.0,0.0,0.0,0.0,0.0,0.0,0.0,0.0,0.7322106260762126,normalized_insertion,constant,standard,0.0,0.0,0.0,0.0,0.0,0.0,0.1368013930849692,0.22303975303760198,15,27,130,4,31,4,27,1,0,4,False,0.7322106260762125,1.8400993506971632,1.5579551022972518,0.2821442483999115,1.7558800000506418,1.3058136223743408,0.450066377676301,0.01186718229947629,0.01186718229947629,0,0,,0.01305390052942392,56,14,True,4,2,14,0.8265225098760525,1.840602375566293,1.53896052595669,0.30164184960960294,1.8204684877829471,1.2955878275164976,0.5248806602664495,0,1,accepted,0,0.22414504324402357,0.2122778609445473,2,1
hybrid_dense_core,8835901234c525e7d67983af797266b78cb12999d9290c10ad7878765f386634,2,0.36237268447029597,0.13476734332247134,0.22760534114782463,0.7247453689405919,0.2695346866449427,0.45521068229564926,0.36237268447029597,0.13476734332247134,0.22760534114782463,1.718622889765373,1.4710813116720058,0.1344794776614957,0.22760534114782463,-0.13476734332247134,-0.22536500076823426,0.722217162900026,0.2692468209839671,0.45297034191605895,0.7247453689405919,0.2695346866449427,0.45521068229564926,0.36237268447029597,0.13476734332247134,0.22760534114782463,0.7205608323646879,0.7205608323646879,0.26904978948220026,0.4515110428824876,0.36237268447029597,0.13476734332247134,0.22760534114782463,0.7388625090891799,0.27923328213407134,0.4596292269551086,0.7388625090891799,0.27923328213407134,0.4596292269551086,0.1346234104919835,0.22648517095802945,-0.13462341049198354,-0.22648517095802945,0.722217162900026,0.2692468209839671,0.45297034191605895,0.722217162900026,0.2692468209839671,0.4529703419160589,0.361108581450013,0.13462341049198354,0.22648517095802945,0.0025282060405659723,0.00028786566097560584,0.0022403403795903665,0.00348840592698318,0.0010680097042753184,0.004921546147142731,same_inserted_tm_shadow_diagnostic,0.722217162900026,0.2692468209839671,0.45297034191605895,0.002528206040566,0.0002878656609756336,0.0022403403795903665,0.1344794776614957,0.22760534114782463,-0.13476734332247134,-0.22536500076823426,0.0,0.0,0.0,0.722217162900026,0.2692468209839671,0.45297034191605895,2,5.44391992358662e-12,5.44391992358662e-12,5.44391992358662e-12,5e-324,1.2152825643924966e-07,1.2152825643924966e-07,1.2785085191988338e-09,1.2024974792005083e-07,0.722217162900026,0.2692468209839671,0.45297034191605895,3.9880208882971613,1.9978639805914467,1.9901569077057146,0.36237268447029597,0.7222171629000388,0.724745368940595,0.26953468664494423,0.4552106822956508,0.722217162900026,0.2692468209839671,0.45297034191605895,0.0016563305353381086,0.0016563305353381086,0.00019703150176678835,0.0014592990335713203,0.0,0.0,0.0,0.0,0.0,0.0,0.0,0.0,0.0,0.7388625090891799,normalized_insertion,constant,standard,0.0,0.0,0.0,0.0,0.0,0.0,0.13476734332247134,0.22760534114782463,16,27,130,4,31,4,27,1,0,4,False,0.7388625090891798,1.858238310212367,1.5790050280782957,0.2792332821340713,1.700725044311453,1.2410958173563444,0.45962922695510855,0.01305390052942392,0.01305390052942392,0,0,,0.014359290582366313,56,14,True,4,2,15,0.8434636178054484,1.8588470882946837,1.5588016583870077,0.300045429907676,1.7725853186617215,1.2291671307639491,0.5434181878977724,0,1,accepted,0,0.2371989437734475,0.22414504324402357,2,1
hybrid_dense_core,8835901234c525e7d67983af797266b78cb12999d9290c10ad7878765f386634,2,0.3642017463387691,0.13242260203293432,0.2317791443058348,0.7284034926775382,0.26484520406586864,0.4635582886116696,0.3642017463387691,0.13242260203293432,0.2317791443058348,1.7392732502390578,1.405174025593939,0.13217255583800136,0.2317791443058348,-0.13242260203293432,-0.22873883418480734,0.7251131363615779,0.26459515787093574,0.4605179784906422,0.7284034926775382,0.26484520406586864,0.4635582886116696,0.3642017463387691,0.13242260203293432,0.2317791443058348,0.7233462503785462,0.7233462503785462,0.26437461990959993,0.4589716304689463,0.3642017463387691,0.13242260203293432,0.2317791443058348,0.7442831974206879,0.2758400338490366,0.46844316357165133,0.7442831974206879,0.2758400338490366,0.46844316357165133,0.13229757893546784,0.23025898924532107,-0.13229757893546784,-0.23025898924532107,0.7251131363615779,0.26459515787093574,0.4605179784906422,0.7251131363615778,0.2645951578709357,0.46051797849064213,0.3625565681807889,0.13229757893546784,0.23025898924532107,0.0032903563159604188,0.00025004619493296243,0.0030403101210274563,0.0045172165551614785,0.0009441220422129086,0.006558636088965231,same_inserted_tm_shadow_diagnostic,0.7251131363615779,0.26459515787093574,0.4605179784906422,0.0032903563159604188,0.00025004619493296243,0.0030403101210274563,0.13217255583800136,0.2317791443058348,-0.13242260203293432,-0.22873883418480734,0.0,0.0,0.0,0.7251131363615779,0.26459515787093574,0.4605179784906422,2,7.387568211463864e-12,7.387568211463864e-12,7.387568211463864e-12,5e-324,1.499607918673169e-07,1.499607918673169e-07,1.586103666386741e-09,1.4837468820093017e-07,0.7251131363615779,0.26459515787093574,0.4605179784906422,3.9849944837376423,1.9981117559155726,1.9868827278220695,0.3642017463387691,0.7251131363615909,0.7284034926775412,0.26484520406587025,0.463558288611671,0.7251131363615779,0.26459515787093574,0.4605179784906422,0.00176688598303163,0.00176688598303163,0.00022053796133577548,0.0015463480216958544,0.0,0.0,0.0,0.0,0.0,0.0,0.0,0.0,0.0,0.7442831974206879,normalized_insertion,constant,standard,0.0,0.0,0.0,0.0,0.0,0.0,0.13242260203293432,0.2317791443058348,17,27,130,4,31,4,27,1,0,4,False,0.7442831974206878,1.8771918899160853,1.6013518560670488,0.27584003384903655,1.6392213728589355,1.1707782092872843,0.4684431635716513,0.014359290582366313,0.014359290582366313,0,0,,0.015795219640602945,56,14,True,4,2,16,0.8601363550474015,1.8779269830342304,1.579966402475219,0.29796058055901153,1.7190413213563382,1.1568655468679483,0.56217577448839,0,1,accepted,0,0.2515582343558138,0.2371989437734475,2,1
hybrid_dense_core,8835901234c525e7d67983af797266b78cb12999d9290c10ad7878765f386634,2,0.3650868400332746,0.12972749906196543,0.23535934097130914,0.7301736800665491,0.25945499812393086,0.4707186819426183,0.3650868400332746,0.12972749906196543,0.23535934097130914,1.7608971783354326,1.3329229185422569,0.1295324512661819,0.23535934097130914,-0.12972749906196543,-0.2314278485909457,0.7260471398904023,0.25925995032814736,0.4667871895622549,0.7301736800665491,0.25945499812393086,0.4707186819426183,0.3650868400332746,0.12972749906196543,0.23535934097130914,0.72415032165515,0.72415032165515,0.25901225529690924,0.4651380663582408,0.3650868400332746,0.12972749906196543,0.23535934097130914,0.7479916462418182,0.2718905791503417,0.47610106709147654,0.7479916462418182,0.2718905791503417,0.47610106709147654,0.12962997516407365,0.23339359478112742,-0.12962997516407365,-0.23339359478112742,0.7260471398904023,0.25925995032814736,0.4667871895622549,0.7260471398904021,0.2592599503281473,0.46678718956225485,0.3630235699452011,0.12962997516407365,0.23339359478112742,0.004126540176146998,0.0001950477957835539,0.003931492380363444,0.0056514501806897485,0.0007517596392203155,0.008352106111740646,same_inserted_tm_shadow_diagnostic,0.7260471398904023,0.25925995032814736,0.4667871895622549,0.00412654017614697,0.00019504779578352616,0.003931492380363444,0.1295324512661819,0.23535934097130914,-0.12972749906196543,-0.2314278485909457,0.0,0.0,0.0,0.7260471398904023,0.25925995032814736,0.4667871895622549,2,9.580868207433986e-12,9.580868207433986e-12,9.580868207433986e-12,5e-324,1.7963919046663192e-07,1.7963919046663192e-07,2.028222290212144e-09,1.7761096817641976e-07,0.7260471398904023,0.25925995032814736,0.4667871895622549,3.981792268498077,1.9984964807215582,1.983295787776519,0.3650868400332746,0.7260471398904146,0.7301736800665518,0.2594549981239323,0.4707186819426195,0.7260471398904023,0.25925995032814736,0.4667871895622549,0.0018968182352521233,0.0018968182352521233,0.00024769503123807016,0.0016491232040140532,0.0,0.0,0.0,0.0,0.0,0.0,0.0,0.0,0.0,0.7479916462418182,normalized_insertion,constant,standard,0.0,0.0,0.0,0.0,0.0,0.0,0.12972749906196543,0.23535934097130914,18,27,130,4,31,4,27,1,0,4,False,0.7479916462418181,1.8968409310103036,1.624950351859962,0.27189057915034165,1.5707975959262148,1.0946965288347383,0.4761010670914765,0.015795219640602945,0.015795219640602945,0,0,,0.017374741604663242,56,14,True,4,2,17,0.8762616242862096,1.897726527013408,1.6024408277604827,0.29528569925292536,1.6593605784229597,1.0783846533896755,0.5809759250332842,0,1,accepted,0,0.26735345399641675,0.2515582343558138,2,1
hybrid_dense_core,8835901234c525e7d67983af797266b78cb12999d9290c10ad7878765f386634,2,0.3647484365570689,0.12664126564224207,0.23810717091482686,0.7294968731141378,0.25328253128448414,0.4762143418296537,0.3647484365570689,0.12664126564224207,0.23810717091482686,1.7833698898613994,1.2540277735066596,0.12652301421455556,0.23810717091482686,-0.12664126564224207,-0.23319902433992723,0.7244704751115518,0.2531642798567977,0.47130619525475415,0.7294968731141378,0.25328253128448414,0.4762143418296537,0.3647484365570689,0.12664126564224207,0.23810717091482686,0.7224215907038625,0.7224215907038625,0.252885028659095,0.46953656204476746,0.3647484365570689,0.12664126564224207,0.23810717091482686,0.7494223894448891,0.26730376561086017,0.482118623834029,0.7494223894448891,0.26730376561086017,0.482118623834029,0.1265821399283988,0.23565309762737705,-0.1265821399283988,-0.23565309762737705,0.7244704751115518,0.2531642798567977,0.47130619525475415,0.7244704751115517,0.2531642798567976,0.4713061952547541,0.36223523755577586,0.1265821399283988,0.23565309762737705,0.005026398002586141,0.00011825142768651098,0.00490814657489963,0.006890225562076817,0.00046687557600919694,0.010306591263173926,same_inserted_tm_shadow_diagnostic,0.7244704751115518,0.2531642798567977,0.47130619525475415,0.005026398002586141,0.00011825142768651098,0.00490814657489963,0.12652301421455556,0.23810717091482686,-0.12664126564224207,-0.23319902433992723,0.0,0.0,0.0,0.7244704751115518,0.2531642798567977,0.47130619525475415,2,1.176827518594948e-11,1.176827518594948e-11,1.176827518594948e-11,5e-324,2.0256179213013113e-07,2.0256179213013113e-07,2.8650698295950258e-09,1.996967223005361e-07,0.7244704751115518,0.2531642798567977,0.47130619525475415,3.978453066321631,1.999066248847979,1.979386817473652,0.3647484365570689,0.7244704751115648,0.7294968731141408,0.2532825312844858,0.476214341829655,0.7244704751115518,0.2531642798567977,0.47130619525475415,0.0020488844076892365,0.0020488844076892365,0.00027925119770261334,0.001769633209986623,0.0,0.0,0.0,0.0,0.0,0.0,0.0,0.0,0.0,0.7494223894448891,normalized_insertion,constant,standard,0.0,0.0,0.0,0.0,0.0,0.0,0.12664126564224207,0.23810717091482686,19,27,130,4,31,4,27,1,0,4,False,0.749422389444889,1.917020079710153,1.649716314099293,0.2673037656108601,1.4949116135278753,1.0127929896938463,0.4821186238340289,0.017374741604663242,0.017374741604663242,0,0,,0.01911221576512957,56,14,True,4,2,18,0.8910937394745928,1.918083248434556,1.6261804338489232,0.29190281458563283,1.5928953365731395,0.9937044116841796,0.59919092488896,0,1,accepted,0,0.28472819560108,0.26735345399641675,2,1
hybrid_dense_core,8835901234c525e7d67983af797266b78cb12999d9290c10ad7878765f386634,2,0.3633575125705775,0.12383996399057964,0.23951754857999788,0.726715025141155,0.2476799279811593,0.47903509715999576,0.3633575125705775,0.12383996399057964,0.23951754857999788,1.8019962313442908,1.1854150415537732,0.1238031500191574,0.23951754857999788,-0.12383996399057964,-0.23376769138798553,0.7209283539777206,0.24764311400973707,0.4732852399679835,0.726715025141155,0.2476799279811593,0.47903509715999576,0.3633575125705775,0.12383996399057964,0.23951754857999788,0.7187645951087015,0.7187645951087015,0.24733427380513806,0.47143032130356344,0.3633575125705775,0.12383996399057964,0.23951754857999788,0.7445359223065905,0.26030521281404045,0.48423070949255004,0.7445359223065905,0.26030521281404045,0.48423070949255004,0.12382155700486852,0.23664261998399172,-0.12382155700486852,-0.23664261998399172,0.7209283539777206,0.24764311400973707,0.4732852399679835,0.7209283539777205,0.24764311400973704,0.47328523996798344,0.36046417698886024,0.12382155700486852,0.23664261998399172,0.005786671163434565,3.681397142224485e-05,0.00574985719201232,0.007962779030625627,0.00014863526375478132,0.01200299774713979,same_inserted_tm_shadow_diagnostic,0.7209283539777206,0.24764311400973707,0.4732852399679835,0.005786671163434592,3.681397142224485e-05,0.005749857192012348,0.1238031500191574,0.23951754857999788,-0.12383996399057964,-0.23376769138798553,0.0,0.0,0.0,0.7209283539777206,0.24764311400973707,0.4732852399679835,2,1.1542483336513948e-11,1.1542483336513948e-11,1.1542483336513948e-11,5e-324,1.8451167813172392e-07,1.8451167813172392e-07,2.485925181446629e-09,1.8202575295027728e-07,0.7209283539777206,0.24764311400973707,0.4732852399679835,3.9756967339782117,1.9997027294724905,1.975994004505721,0.3633575125705775,0.7209283539777328,0.7267150251411575,0.2476799279811606,0.47903509715999687,0.7209283539777206,0.24764311400973707,0.4732852399679835,0.0021637588690189636,0.0021637588690189636,0.00030884020459898647,0.0018549186644199773,0.0,0.0,0.0,0.0,0.0,0.0,0.0,0.0,0.0,0.7445359223065905,normalized_insertion,constant,standard,0.0,0.0,0.0,0.0,0.0,0.0,0.12383996399057964,0.23951754857999788,20,27,130,4,31,4,27,1,0,4,False,0.7445359223065904,1.9321476650744547,1.6718424522604143,0.2603052128140404,1.4273897217207447,0.9431590122281948,0.48423070949255,0.015271804398920008,0.015271804398920008,0,0,,0.01679898483881201,56,14,True,4,2,19,0.8681837270365291,1.9329586864763395,1.6524050893756383,0.28055359710070116,1.5133957979188275,0.9257656679829995,0.587630129935828,0,1,accepted,0,0.3,0.28472819560108,2,1
