age,boundary,cumulative_materialized_width_max_components,event_index,materialized_width_max_component,record_type,slot,source_boundary_index,source_category,source_category_id,source_occurrence_index,status
[0],17,6.061039281242022e-05,32,6.061039281242022e-05,capacity_eviction,[0],[0],"[""polynomial_truncation""]",[1],[0],observed_on_sound_common_prefix
[1],18,0.0001386439300431855,34,7.803353723076529e-05,capacity_eviction,[1],[1],"[""polynomial_truncation""]",[1],[0],observed_on_sound_common_prefix
[2],19,0.00023969779600815303,36,0.00010105386596496752,capacity_eviction,[2],[2],"[""polynomial_truncation""]",[1],[0],observed_on_sound_common_prefix
[3],20,0.0003712677909077218,38,0.00013156999489956874,capacity_eviction,[3],[3],"[""polynomial_truncation""]",[1],[0],observed_on_sound_common_prefix
[4],21,0.0005432744685775083,40,0.00017200667766978654,capacity_eviction,[4],[4],"[""polynomial_truncation""]",[1],[0],observed_on_sound_common_prefix
[5],22,0.0007827040407668683,42,0.00023942957218935995,capacity_eviction,[5],[5],"[""polynomial_truncation""]",[1],[0],observed_on_sound_common_prefix
[6],23,0.0008472392076561556,44,6.453516688928717e-05,capacity_eviction,[6],[6],"[""polynomial_truncation""]",[1],[0],observed_on_sound_common_prefix
[7],24,0.0009289437784464167,46,8.170457079026116e-05,capacity_eviction,[7],[7],"[""polynomial_truncation""]",[1],[0],observed_on_sound_common_prefix
[8],25,0.0010348289038312744,48,0.00010588512538485778,capacity_eviction,[8],[8],"[""polynomial_truncation""]",[1],[0],observed_on_sound_common_prefix
[9],26,0.0011749306009625137,50,0.00014010169713123935,capacity_eviction,[9],[9],"[""polynomial_truncation""]",[1],[0],observed_on_sound_common_prefix
[10],27,0.001360346927358849,52,0.00018541632639633516,capacity_eviction,[10],[10],"[""polynomial_truncation""]",[1],[0],observed_on_sound_common_prefix
[11],28,0.001605304345083278,54,0.00024495741772442923,capacity_eviction,[11],[11],"[""polynomial_truncation""]",[1],[0],observed_on_sound_common_prefix
[12],29,0.001927540868214141,56,0.0003222365231308629,capacity_eviction,[12],[12],"[""polynomial_truncation""]",[1],[0],observed_on_sound_common_prefix
[13],30,0.0020049740182058085,58,7.743314999166746e-05,capacity_eviction,[13],[13],"[""polynomial_truncation""]",[1],[0],observed_on_sound_common_prefix
[14],31,0.002101858484837014,60,9.688446663120571e-05,capacity_eviction,[14],[14],"[""polynomial_truncation""]",[1],[0],observed_on_sound_common_prefix
[15],32,0.002225336936489159,62,0.00012347845165214475,capacity_eviction,[15],[15],"[""polynomial_truncation""]",[1],[0],observed_on_sound_common_prefix
[16],33,0.0023826381305643157,64,0.00015730119407515687,capacity_eviction,[0],[16],"[""polynomial_truncation""]",[1],[0],observed_on_sound_common_prefix
[17],34,0.002582648570664149,66,0.00020001044009983343,capacity_eviction,[1],[17],"[""polynomial_truncation""]",[1],[0],observed_on_sound_common_prefix
[18],35,0.0028356348891358657,68,0.00025298631847171674,capacity_eviction,[2],[18],"[""polynomial_truncation""]",[1],[0],observed_on_sound_common_prefix
[19],36,0.0031537914308481063,70,0.00031815654171224043,capacity_eviction,[3],[19],"[""polynomial_truncation""]",[1],[0],observed_on_sound_common_prefix
[20],37,0.003551037530097953,72,0.0003972460992498467,capacity_eviction,[4],[20],"[""polynomial_truncation""]",[1],[0],observed_on_sound_common_prefix
[21],38,0.003647123447156025,74,9.608591705807176e-05,capacity_eviction,[5],[21],"[""polynomial_truncation""]",[1],[0],observed_on_sound_common_prefix
[22],39,0.003771225883060209,76,0.0001241024359041843,capacity_eviction,[6],[22],"[""polynomial_truncation""]",[1],[0],observed_on_sound_common_prefix
[23],40,0.003931087581991296,78,0.00015986169893108667,capacity_eviction,[7],[23],"[""polynomial_truncation""]",[1],[0],observed_on_sound_common_prefix
[24],41,0.00413605741348429,80,0.00020496983149299387,capacity_eviction,[8],[24],"[""polynomial_truncation""]",[1],[0],observed_on_sound_common_prefix
[25],42,0.004396827018978515,82,0.00026076960549422507,capacity_eviction,[9],[25],"[""polynomial_truncation""]",[1],[0],observed_on_sound_common_prefix
[26],43,0.004706771513777877,84,0.0003099444947993623,capacity_eviction,[10],[26],"[""polynomial_truncation""]",[1],[0],observed_on_sound_common_prefix
[27],44,0.005070196000102442,86,0.00036342448632456476,capacity_eviction,[11],[27],"[""polynomial_truncation""]",[1],[0],observed_on_sound_common_prefix
[28],45,0.0054939517579210865,88,0.0004237557578186443,capacity_eviction,[12],[28],"[""polynomial_truncation""]",[1],[0],observed_on_sound_common_prefix
[29],46,0.005984032598048403,90,0.0004900808401273161,capacity_eviction,[13],[29],"[""polynomial_truncation""]",[1],[0],observed_on_sound_common_prefix
[30],47,0.0065739305436843445,92,0.0005898979456359414,capacity_eviction,[14],[30],"[""polynomial_truncation""]",[1],[0],observed_on_sound_common_prefix
[31],48,0.006710827608631629,94,0.00013689706494728507,capacity_eviction,[15],[31],"[""polynomial_truncation""]",[1],[0],observed_on_sound_common_prefix
[32],49,0.006883556933230473,96,0.00017272932459884305,capacity_eviction,[0],[32],"[""polynomial_truncation""]",[1],[0],observed_on_sound_common_prefix
[33],50,0.007101638234592681,98,0.00021808130136220796,capacity_eviction,[1],[33],"[""polynomial_truncation""]",[1],[0],observed_on_sound_common_prefix
[34],51,0.007377114728599148,100,0.00027547649400646717,capacity_eviction,[2],[34],"[""polynomial_truncation""]",[1],[0],observed_on_sound_common_prefix
[35],52,0.007724843918641249,102,0.000347729190042102,capacity_eviction,[3],[35],"[""polynomial_truncation""]",[1],[0],observed_on_sound_common_prefix
[36],53,0.00816193318902408,104,0.00043708927038283205,capacity_eviction,[4],[36],"[""polynomial_truncation""]",[1],[0],observed_on_sound_common_prefix
[37],54,0.008711076392929087,106,0.0005491432039050066,capacity_eviction,[5],[37],"[""polynomial_truncation""]",[1],[0],observed_on_sound_common_prefix
[38],55,0.009398437430799877,108,0.0006873610378707913,capacity_eviction,[6],[38],"[""polynomial_truncation""]",[1],[0],observed_on_sound_common_prefix
[39],56,0.010252911678109138,110,0.0008544742473092599,capacity_eviction,[7],[39],"[""polynomial_truncation""]",[1],[0],observed_on_sound_common_prefix
[40],57,0.011308994766437418,112,0.00105608308832828,capacity_eviction,[8],[40],"[""polynomial_truncation""]",[1],[0],observed_on_sound_common_prefix
[41],58,0.01259861424308376,114,0.001289619476646343,capacity_eviction,[9],[41],"[""polynomial_truncation""]",[1],[0],observed_on_sound_common_prefix
[42],59,0.012821378892288534,116,0.0002227646492047743,capacity_eviction,[10],[42],"[""polynomial_truncation""]",[1],[0],observed_on_sound_common_prefix
[43],60,0.013095391891275116,118,0.00027401299898658174,capacity_eviction,[11],[43],"[""polynomial_truncation""]",[1],[0],observed_on_sound_common_prefix
[44],61,0.013429259187513263,120,0.000333867296238147,capacity_eviction,[12],[44],"[""polynomial_truncation""]",[1],[0],observed_on_sound_common_prefix
[45],62,0.013831884083179986,122,0.0004026248956667238,capacity_eviction,[13],[45],"[""polynomial_truncation""]",[1],[0],observed_on_sound_common_prefix
[46],63,0.014312209150436737,124,0.0004803250672567504,capacity_eviction,[14],[46],"[""polynomial_truncation""]",[1],[0],observed_on_sound_common_prefix
[47],64,0.014884183167215764,126,0.0005719740167790264,capacity_eviction,[15],[47],"[""polynomial_truncation""]",[1],[0],observed_on_sound_common_prefix
[48],65,0.015561693979999696,128,0.0006775108127839311,capacity_eviction,[0],[48],"[""polynomial_truncation""]",[1],[0],observed_on_sound_common_prefix
[49],66,0.016373783284237397,130,0.0008120893042377026,capacity_eviction,[1],[49],"[""polynomial_truncation""]",[1],[0],observed_on_sound_common_prefix
[50],67,0.017340162772172988,132,0.0009663794879355914,capacity_eviction,[2],[50],"[""polynomial_truncation""]",[1],[0],observed_on_sound_common_prefix
[51],68,0.018480756697388405,134,0.0011405939252154154,capacity_eviction,[3],[51],"[""polynomial_truncation""]",[1],[0],observed_on_sound_common_prefix
[52],69,0.019816241338278702,136,0.0013354846408902968,capacity_eviction,[4],[52],"[""polynomial_truncation""]",[1],[0],observed_on_sound_common_prefix
[53],70,0.021365914981137626,138,0.001549673642858923,capacity_eviction,[5],[53],"[""polynomial_truncation""]",[1],[0],observed_on_sound_common_prefix
[54],71,0.02157262417775053,140,0.00020670919661290487,capacity_eviction,[6],[54],"[""polynomial_truncation""]",[1],[0],observed_on_sound_common_prefix
[55],72,0.021826260274014804,142,0.0002536360962642707,capacity_eviction,[7],[55],"[""polynomial_truncation""]",[1],[0],observed_on_sound_common_prefix
[56],73,0.022138253978787353,144,0.00031199370477254864,capacity_eviction,[8],[56],"[""polynomial_truncation""]",[1],[0],observed_on_sound_common_prefix
[57],74,0.022522511398073108,146,0.00038425741928575503,capacity_eviction,[9],[57],"[""polynomial_truncation""]",[1],[0],observed_on_sound_common_prefix
[58],75,0.02299684354983414,148,0.0004743321517610324,capacity_eviction,[10],[58],"[""polynomial_truncation""]",[1],[0],observed_on_sound_common_prefix
[59],76,0.02358402597785481,150,0.0005871824280206681,capacity_eviction,[11],[59],"[""polynomial_truncation""]",[1],[0],observed_on_sound_common_prefix
[60],77,0.024313838196524256,152,0.0007298122186694453,capacity_eviction,[12],[60],"[""polynomial_truncation""]",[1],[0],observed_on_sound_common_prefix
[61],78,0.025227727766027715,154,0.0009138895695034577,capacity_eviction,[13],[61],"[""polynomial_truncation""]",[1],[0],observed_on_sound_common_prefix
[62],79,0.026376827517052694,156,0.0011490997510249803,capacity_eviction,[14],[62],"[""polynomial_truncation""]",[1],[0],observed_on_sound_common_prefix
[63],80,0.026540973254034095,158,0.0001641457369814009,capacity_eviction,[15],[63],"[""polynomial_truncation""]",[1],[0],observed_on_sound_common_prefix
[64],81,0.026753742343370378,160,0.00021276908933628435,capacity_eviction,[0],[64],"[""polynomial_truncation""]",[1],[0],observed_on_sound_common_prefix
[65],82,0.027031368529893983,162,0.0002776261865236039,capacity_eviction,[1],[65],"[""polynomial_truncation""]",[1],[0],observed_on_sound_common_prefix
[66],83,0.02739330690311217,164,0.00036193837321818966,capacity_eviction,[2],[66],"[""polynomial_truncation""]",[1],[0],observed_on_sound_common_prefix
[67],84,0.02786698183824974,166,0.0004736749351375687,capacity_eviction,[3],[67],"[""polynomial_truncation""]",[1],[0],observed_on_sound_common_prefix
[68],85,0.028489715828695333,168,0.0006227339904455932,capacity_eviction,[4],[68],"[""polynomial_truncation""]",[1],[0],observed_on_sound_common_prefix
[69],86,0.029310421902311107,170,0.0008207060736157738,capacity_eviction,[5],[69],"[""polynomial_truncation""]",[1],[0],observed_on_sound_common_prefix
[70],87,0.030390064855254577,172,0.0010796429529434692,capacity_eviction,[6],[70],"[""polynomial_truncation""]",[1],[0],observed_on_sound_common_prefix
[71],88,0.030564724512784653,174,0.0001746596575300769,capacity_eviction,[7],[71],"[""polynomial_truncation""]",[1],[0],observed_on_sound_common_prefix
[72],89,0.03079782032881375,176,0.00023309581602909776,capacity_eviction,[8],[72],"[""polynomial_truncation""]",[1],[0],observed_on_sound_common_prefix
[73],90,0.03111539520305295,178,0.00031757487423919996,capacity_eviction,[9],[73],"[""polynomial_truncation""]",[1],[0],observed_on_sound_common_prefix
[74],91,0.03156028750873632,180,0.000444892305683374,capacity_eviction,[10],[74],"[""polynomial_truncation""]",[1],[0],observed_on_sound_common_prefix
[75],92,0.032211021265368484,182,0.0006507337566321594,capacity_eviction,[11],[75],"[""polynomial_truncation""]",[1],[0],observed_on_sound_common_prefix
[76],93,0.033200873161079225,184,0.0009898518957107438,capacity_eviction,[12],[76],"[""polynomial_truncation""]",[1],[0],observed_on_sound_common_prefix
[77],94,0.0333880354679213,186,0.0001871623068420771,capacity_eviction,[13],[77],"[""polynomial_truncation""]",[1],[0],observed_on_sound_common_prefix
[78],95,0.033717237409383934,188,0.00032920194146262807,capacity_eviction,[14],[78],"[""polynomial_truncation""]",[1],[0],observed_on_sound_common_prefix
[79],96,0.034342405507559605,190,0.0006251680981756722,capacity_eviction,[15],[79],"[""polynomial_truncation""]",[1],[0],observed_on_sound_common_prefix
[80],97,0.03519203991793057,192,0.0008496344103709717,capacity_eviction,[0],[80],"[""polynomial_truncation""]",[1],[0],observed_on_sound_common_prefix
[81],98,0.03635196881404617,194,0.0011599288961155944,capacity_eviction,[1],[81],"[""polynomial_truncation""]",[1],[0],observed_on_sound_common_prefix
[82],99,0.03650026568634052,196,0.00014829687229435263,capacity_eviction,[2],[82],"[""polynomial_truncation""]",[1],[0],observed_on_sound_common_prefix
[83],100,0.036668423584964506,198,0.00016815789862398276,capacity_eviction,[3],[83],"[""polynomial_truncation""]",[1],[0],observed_on_sound_common_prefix
[84],101,0.0368710876130033,200,0.0002026640280387924,capacity_eviction,[4],[84],"[""polynomial_truncation""]",[1],[0],observed_on_sound_common_prefix
[85],102,0.0371226914556027,202,0.00025160384259940256,capacity_eviction,[5],[85],"[""polynomial_truncation""]",[1],[0],observed_on_sound_common_prefix
[86],103,0.03746217583375067,204,0.00033948437814797087,capacity_eviction,[6],[86],"[""polynomial_truncation""]",[1],[0],observed_on_sound_common_prefix
[87],104,0.03752208249302861,206,5.990665927793554e-05,capacity_eviction,[7],[87],"[""polynomial_truncation""]",[1],[0],observed_on_sound_common_prefix
[88],105,0.03760704027347937,208,8.495778045076048e-05,capacity_eviction,[8],[88],"[""polynomial_truncation""]",[1],[0],observed_on_sound_common_prefix
[89],106,0.03772961767508856,210,0.00012257740160918806,capacity_eviction,[9],[89],"[""polynomial_truncation""]",[1],[0],observed_on_sound_common_prefix
[90],107,0.037907965999297535,212,0.00017834832420897138,capacity_eviction,[10],[90],"[""polynomial_truncation""]",[1],[0],observed_on_sound_common_prefix
[91],108,0.038189479452161966,214,0.00028151345286443134,capacity_eviction,[11],[91],"[""polynomial_truncation""]",[1],[0],observed_on_sound_common_prefix
[92],109,0.03824099163484323,216,5.151218268126571e-05,capacity_eviction,[12],[92],"[""polynomial_truncation""]",[1],[0],observed_on_sound_common_prefix
[93],110,0.03830923656499641,218,6.824493015317649e-05,capacity_eviction,[13],[93],"[""polynomial_truncation""]",[1],[0],observed_on_sound_common_prefix
[94],111,0.03840599461622303,220,9.675805122662296e-05,capacity_eviction,[14],[94],"[""polynomial_truncation""]",[1],[0],observed_on_sound_common_prefix
[95],112,0.03854132592616216,222,0.00013533130993913223,capacity_eviction,[15],[95],"[""polynomial_truncation""]",[1],[0],observed_on_sound_common_prefix
[96],113,0.03872612016688518,224,0.00018479424072302155,capacity_eviction,[0],[96],"[""polynomial_truncation""]",[1],[0],observed_on_sound_common_prefix
[97],114,0.0387632728126614,226,3.7152645776218415e-05,capacity_eviction,[1],[97],"[""polynomial_truncation""]",[1],[0],observed_on_sound_common_prefix
[98],115,0.03881568993667291,228,5.241712401151864e-05,capacity_eviction,[2],[98],"[""polynomial_truncation""]",[1],[0],observed_on_sound_common_prefix
[99],116,0.038890408989212935,230,7.471905254001928e-05,capacity_eviction,[3],[99],"[""polynomial_truncation""]",[1],[0],observed_on_sound_common_prefix
[100],117,0.03899779395104541,232,0.00010738496183247528,capacity_eviction,[4],[100],"[""polynomial_truncation""]",[1],[0],observed_on_sound_common_prefix
[101],118,0.039146094371391375,234,0.00014830042034596466,capacity_eviction,[5],[101],"[""polynomial_truncation""]",[1],[0],observed_on_sound_common_prefix
[102],119,0.03935467084010176,236,0.00020857646871038588,capacity_eviction,[6],[102],"[""polynomial_truncation""]",[1],[0],observed_on_sound_common_prefix
[103],120,0.039402474101586496,238,4.7803261484735004e-05,capacity_eviction,[7],[103],"[""polynomial_truncation""]",[1],[0],observed_on_sound_common_prefix
[104],121,0.03946973306226272,240,6.72589606762293e-05,capacity_eviction,[8],[104],"[""polynomial_truncation""]",[1],[0],observed_on_sound_common_prefix
[105],122,0.0395647542320201,242,9.502116975737283e-05,capacity_eviction,[9],[105],"[""polynomial_truncation""]",[1],[0],observed_on_sound_common_prefix
[106],123,0.03969950688041401,244,0.00013475264839390687,capacity_eviction,[10],[106],"[""polynomial_truncation""]",[1],[0],observed_on_sound_common_prefix
[107],124,0.03989121940530682,246,0.00019171252489281004,capacity_eviction,[11],[107],"[""polynomial_truncation""]",[1],[0],observed_on_sound_common_prefix
[108],125,0.040162720488488034,248,0.00027150108318121506,capacity_eviction,[12],[108],"[""polynomial_truncation""]",[1],[0],observed_on_sound_common_prefix
[109],126,0.0405432117326057,250,0.0003804912441176639,capacity_eviction,[13],[109],"[""polynomial_truncation""]",[1],[0],observed_on_sound_common_prefix
[110],127,0.04062370977290409,252,8.049804029838992e-05,capacity_eviction,[14],[110],"[""polynomial_truncation""]",[1],[0],observed_on_sound_common_prefix
[111],128,0.04073028642041179,254,0.00010657664750770679,capacity_eviction,[15],[111],"[""polynomial_truncation""]",[1],[0],observed_on_sound_common_prefix
[112],129,0.0408709820896802,256,0.00014069566926840923,capacity_eviction,[0],[112],"[""polynomial_truncation""]",[1],[0],observed_on_sound_common_prefix
[113],130,0.041055631256431864,258,0.00018464916675166453,capacity_eviction,[1],[113],"[""polynomial_truncation""]",[1],[0],observed_on_sound_common_prefix
[114],131,0.04129622250322263,260,0.0002405912467907653,capacity_eviction,[2],[114],"[""polynomial_truncation""]",[1],[0],observed_on_sound_common_prefix
[115],132,0.04160577217002523,262,0.0003095496668025953,capacity_eviction,[3],[115],"[""polynomial_truncation""]",[1],[0],observed_on_sound_common_prefix
[116],133,0.0420037402763993,264,0.00039796810637407004,capacity_eviction,[4],[116],"[""polynomial_truncation""]",[1],[0],observed_on_sound_common_prefix
[117],134,0.04208874350006885,266,8.500322366955395e-05,capacity_eviction,[5],[117],"[""polynomial_truncation""]",[1],[0],observed_on_sound_common_prefix
[118],135,0.04219789401215856,268,0.00010915051208970497,capacity_eviction,[6],[118],"[""polynomial_truncation""]",[1],[0],observed_on_sound_common_prefix
[119],136,0.04233308451139617,270,0.00013519049923761271,capacity_eviction,[7],[119],"[""polynomial_truncation""]",[1],[0],observed_on_sound_common_prefix
[120],137,0.04249507083863303,272,0.0001619863272368589,capacity_eviction,[8],[120],"[""polynomial_truncation""]",[1],[0],observed_on_sound_common_prefix
[121],138,0.042685700511495346,274,0.00019062967286232195,capacity_eviction,[9],[121],"[""polynomial_truncation""]",[1],[0],observed_on_sound_common_prefix
[122],139,0.042907046081035516,276,0.0002213455695401674,capacity_eviction,[10],[122],"[""polynomial_truncation""]",[1],[0],observed_on_sound_common_prefix
[123],140,0.04316080181133331,278,0.00025375573029779705,capacity_eviction,[11],[123],"[""polynomial_truncation""]",[1],[0],observed_on_sound_common_prefix
[124],141,0.04345616858692095,280,0.0002953667755876413,capacity_eviction,[12],[124],"[""polynomial_truncation""]",[1],[0],observed_on_sound_common_prefix
[125],142,0.04382892166210155,282,0.0003727530751805914,capacity_eviction,[13],[125],"[""polynomial_truncation""]",[1],[0],observed_on_sound_common_prefix
[126],143,0.04390716965189091,284,7.824798978936478e-05,capacity_eviction,[14],[126],"[""polynomial_truncation""]",[1],[0],observed_on_sound_common_prefix
[127],144,0.04400496154532913,286,9.779189343821868e-05,capacity_eviction,[15],[127],"[""polynomial_truncation""]",[1],[0],observed_on_sound_common_prefix
[128],145,0.04412749027274201,288,0.00012252872741287996,capacity_eviction,[0],[128],"[""polynomial_truncation""]",[1],[0],observed_on_sound_common_prefix
[129],146,0.044285689904544415,290,0.00015819963180240473,capacity_eviction,[1],[129],"[""polynomial_truncation""]",[1],[0],observed_on_sound_common_prefix
[130],147,0.044493774288681294,292,0.00020808438413688081,capacity_eviction,[2],[130],"[""polynomial_truncation""]",[1],[0],observed_on_sound_common_prefix
[131],148,0.044770753141936334,294,0.00027697885325503693,capacity_eviction,[3],[131],"[""polynomial_truncation""]",[1],[0],observed_on_sound_common_prefix
[132],149,0.04514108950436552,296,0.00037033636242918093,capacity_eviction,[4],[132],"[""polynomial_truncation""]",[1],[0],observed_on_sound_common_prefix
[133],150,0.04563610843367313,298,0.0004950189293076099,capacity_eviction,[5],[133],"[""polynomial_truncation""]",[1],[0],observed_on_sound_common_prefix
[134],151,0.04629095214922208,300,0.0006548437155489571,capacity_eviction,[6],[134],"[""polynomial_truncation""]",[1],[0],observed_on_sound_common_prefix
[135],152,0.04642064451910026,302,0.00012969236987817823,capacity_eviction,[7],[135],"[""polynomial_truncation""]",[1],[0],observed_on_sound_common_prefix
[136],153,0.04658549284718907,304,0.0001648483280888081,capacity_eviction,[8],[136],"[""polynomial_truncation""]",[1],[0],observed_on_sound_common_prefix
[137],154,0.04680150402424329,306,0.00021601117705422133,capacity_eviction,[9],[137],"[""polynomial_truncation""]",[1],[0],observed_on_sound_common_prefix
[138],155,0.047086155841396644,308,0.00028465181715335374,capacity_eviction,[10],[138],"[""polynomial_truncation""]",[1],[0],observed_on_sound_common_prefix
[139],156,0.04745912930563102,310,0.0003729734642343772,capacity_eviction,[11],[139],"[""polynomial_truncation""]",[1],[0],observed_on_sound_common_prefix
[140],157,0.04794255000591648,312,0.00048342070028546235,capacity_eviction,[12],[140],"[""polynomial_truncation""]",[1],[0],observed_on_sound_common_prefix
[141],158,0.0485604026849288,314,0.0006178526790123159,capacity_eviction,[13],[141],"[""polynomial_truncation""]",[1],[0],observed_on_sound_common_prefix
[142],159,0.04935471811099143,316,0.0007943154260626314,capacity_eviction,[14],[142],"[""polynomial_truncation""]",[1],[0],observed_on_sound_common_prefix
[143],160,0.04951499237845258,318,0.0001602742674611492,capacity_eviction,[15],[143],"[""polynomial_truncation""]",[1],[0],observed_on_sound_common_prefix
[144],161,0.04971399380150825,320,0.00019900142305566393,capacity_eviction,[0],[144],"[""polynomial_truncation""]",[1],[0],observed_on_sound_common_prefix
[145],162,0.04996115466021345,322,0.0002471608587051976,capacity_eviction,[1],[145],"[""polynomial_truncation""]",[1],[0],observed_on_sound_common_prefix
[146],163,0.05026717057781504,324,0.00030601591760158914,capacity_eviction,[2],[146],"[""polynomial_truncation""]",[1],[0],observed_on_sound_common_prefix
[147],164,0.050644780229358505,326,0.0003776096515434662,capacity_eviction,[3],[147],"[""polynomial_truncation""]",[1],[0],observed_on_sound_common_prefix
,,0.050644780229358505,,,terminal_attribution,,,,,,not_run_after_stop
