lane,segment,physical_time,finite_ok_leaves,initial_subset_ok_leaves,all_remainder_rounds_ok_leaves,local_property_ok_leaves,composed_property_ok_leaves,overall_accepted_leaves,minimum_property_margin
L0_baseline_native,1,0.1,48,48,48,48,48,48,1.2260066619192058
L0_baseline_native,2,0.2,48,48,48,48,48,48,1.163589901482446
L0_baseline_native,3,0.30000000000000004,48,48,48,48,48,48,1.1100174499315378
L0_baseline_native,4,0.4,48,48,48,48,48,48,1.0658565484559412
L0_baseline_native,5,0.5,48,48,48,48,48,48,1.0315708659874556
L0_baseline_native,6,0.6000000000000001,48,48,48,48,48,48,1.0075183012332618
L0_baseline_native,7,0.7000000000000001,48,48,48,48,48,48,0.9939573116595983
L0_baseline_native,8,0.8,48,48,48,48,48,48,0.9910458114576612
L0_baseline_native,9,0.9,48,48,48,48,48,48,0.9959058369892981
L0_baseline_native,10,1.0,48,48,48,48,48,48,1.0038472588861955
L0_baseline_native,11,1.1,48,48,48,48,48,48,1.0222197168867733
L0_baseline_native,12,1.2000000000000002,48,48,48,48,48,48,1.0509805909576408
L0_baseline_native,13,1.3,48,48,48,48,48,48,1.0896631264387995
L0_baseline_native,14,1.4000000000000001,48,48,48,48,48,48,1.1377274669105957
L0_baseline_native,15,1.5,48,48,48,48,48,48,1.1946696084054143
L0_baseline_native,16,1.6,48,48,48,48,48,48,1.2595258397359106
L0_baseline_native,17,1.7000000000000002,48,48,48,48,48,48,1.2041247694690114
L0_baseline_native,18,1.8,48,48,48,48,48,48,1.1492053383775107
L0_baseline_native,19,1.9000000000000001,48,48,48,48,48,48,1.103076305932667
L0_baseline_native,20,2.0,48,48,48,48,48,48,1.0661660950576777
L0_baseline_native,21,2.1,48,48,48,48,48,48,1.0387996581781902
L0_baseline_native,22,2.2,48,48,48,48,48,48,1.0211946359127386
L0_baseline_native,23,2.3000000000000003,48,48,48,48,48,48,1.0134257918613798
L0_baseline_native,24,2.4000000000000004,48,48,48,48,48,48,1.0152537209662074
L0_baseline_native,25,2.5,48,48,48,48,48,48,1.0189720343369562
L0_baseline_native,26,2.6,48,48,48,48,48,48,0.9453803730330004
L0_baseline_native,27,2.7,48,48,48,48,48,48,0.8460738338232898
L0_baseline_native,28,2.8000000000000003,48,48,48,48,48,48,0.7277930429646366
L0_baseline_native,29,2.9000000000000004,48,48,48,48,48,48,0.608297689051021
L0_baseline_native,30,3.0,48,48,48,48,48,48,0.48873287152944234
L0_baseline_native,31,3.1,48,48,48,48,48,48,0.44143861386113326
L0_baseline_native,32,3.2,48,48,48,48,48,48,0.5408940477015116
L0_baseline_native,33,3.3000000000000003,48,48,48,48,48,48,0.6403494815416109
L0_baseline_native,34,3.4000000000000004,48,48,48,48,48,48,0.7390826131317081
L0_baseline_native,35,3.5,48,48,48,48,48,48,0.6652681661376312
L0_baseline_native,36,3.6,48,48,48,48,48,48,0.5686917779457019
L0_baseline_native,37,3.7,48,48,48,48,48,48,0.4820609331376362
L0_baseline_native,38,3.8000000000000003,48,48,48,48,48,48,0.4053756317134025
L0_baseline_native,39,3.9000000000000004,48,48,48,48,48,48,0.3386358736729691
L0_baseline_native,40,4.0,48,48,48,48,48,48,0.2818416590163051
L0_baseline_native,41,4.1000000000000005,48,48,48,48,48,48,0.21811308006037233
L0_baseline_native,42,4.2,48,48,48,48,48,48,0.14149702428598276
L0_baseline_native,43,4.3,48,48,48,48,48,48,0.05448070920516224
L0_baseline_native,44,4.4,48,48,48,47,47,47,-0.042012028629915044
L0_baseline_native,45,4.5,48,48,48,38,38,38,-0.24611010013749457
L0_baseline_native,46,4.6000000000000005,48,48,48,8,8,8,-0.5548720837621839
L0_baseline_native,47,4.7,48,48,48,2,2,2,-0.8636340673874829
L0_baseline_native,48,4.800000000000001,48,42,41,0,0,0,-1.1723960510133913
L1_tight_endpoint_box_controller,1,0.1,48,48,48,48,48,48,1.2260066619192058
L1_tight_endpoint_box_controller,2,0.2,48,48,48,48,48,48,1.1635615236914545
L1_tight_endpoint_box_controller,3,0.30000000000000004,48,48,48,48,48,48,1.1099092139793312
L1_tight_endpoint_box_controller,4,0.4,48,48,48,48,48,48,1.0655789769528043
L1_tight_endpoint_box_controller,5,0.5,48,48,48,48,48,48,1.0310096630617491
L1_tight_endpoint_box_controller,6,0.6000000000000001,48,48,48,48,48,48,1.006538461103714
L1_tight_endpoint_box_controller,7,0.7000000000000001,48,48,48,48,48,48,0.9924010430293193
L1_tight_endpoint_box_controller,8,0.8,48,48,48,48,48,48,0.988722446344243
L1_tight_endpoint_box_controller,9,0.9,48,48,48,48,48,48,0.9926037771892156
L1_tight_endpoint_box_controller,10,1.0,48,48,48,48,48,48,0.9993431855351325
L1_tight_endpoint_box_controller,11,1.1,48,48,48,48,48,48,1.0163676044306187
L1_tight_endpoint_box_controller,12,1.2000000000000002,48,48,48,48,48,48,1.0434717862062748
L1_tight_endpoint_box_controller,13,1.3,48,48,48,48,48,48,1.0801966542174786
L1_tight_endpoint_box_controller,14,1.4000000000000001,48,48,48,48,48,48,1.1259820603854083
L1_tight_endpoint_box_controller,15,1.5,48,48,48,48,48,48,1.1801688904015744
L1_tight_endpoint_box_controller,16,1.6,48,48,48,48,48,48,1.1409743141361128
L1_tight_endpoint_box_controller,17,1.7000000000000002,48,48,48,48,48,48,1.08140944510771
L1_tight_endpoint_box_controller,18,1.8,48,48,48,48,48,48,0.9177563660233123
L1_tight_endpoint_box_controller,19,1.9000000000000001,48,48,48,48,48,48,0.7390343561220436
L1_tight_endpoint_box_controller,20,2.0,48,48,48,48,48,48,0.5603123462204227
L1_tight_endpoint_box_controller,21,2.1,48,48,48,48,48,48,0.14053842566693353
L1_tight_endpoint_box_controller,22,2.2,48,48,48,0,0,0,-0.30611781615086153
L1_tight_endpoint_box_controller,23,2.3000000000000003,48,48,48,0,0,0,-0.7808339667519313
L1_tight_endpoint_box_controller,24,2.4000000000000004,48,48,48,0,0,0,-1.2555501173540775
L1_tight_endpoint_box_controller,25,2.5,48,2,1,0,0,0,-1.7302662679573007
L1_tight_endpoint_box_controller,31,3.1,48,0,0,0,0,0,-2.837877956219292
L1_tight_endpoint_box_controller,41,4.1000000000000005,48,0,0,0,0,0,-2.8310680559918966
L2_physical_endpoint_projection,1,0.1,48,48,48,48,48,48,1.2260066619192058
L2_physical_endpoint_projection,2,0.2,48,48,48,48,48,48,1.1635899014823696
L2_physical_endpoint_projection,3,0.30000000000000004,48,48,48,48,48,48,1.1100159168960415
L2_physical_endpoint_projection,4,0.4,48,48,48,48,48,48,1.0658521869656883
L2_physical_endpoint_projection,5,0.5,48,48,48,48,48,48,1.031562521848663
L2_physical_endpoint_projection,6,0.6000000000000001,48,48,48,48,48,48,1.0075048553894201
L2_physical_endpoint_projection,7,0.7000000000000001,48,48,48,48,48,48,0.9939375669659132
L2_physical_endpoint_projection,8,0.8,48,48,48,48,48,48,0.99101837455707
L2_physical_endpoint_projection,9,0.9,48,48,48,48,48,48,0.9958687089892451
L2_physical_endpoint_projection,10,1.0,48,48,48,48,48,48,1.0037980029180722
L2_physical_endpoint_projection,11,1.1,48,48,48,48,48,48,1.0221554426955488
L2_physical_endpoint_projection,12,1.2000000000000002,48,48,48,48,48,48,1.0508977508849782
L2_physical_endpoint_projection,13,1.3,48,48,48,48,48,48,1.0895573827162872
L2_physical_endpoint_projection,14,1.4000000000000001,48,48,48,48,48,48,1.1375936303817509
L2_physical_endpoint_projection,15,1.5,48,48,48,48,48,48,1.1945015542103494
L2_physical_endpoint_projection,16,1.6,48,48,48,48,48,48,1.2593164363646476
L2_physical_endpoint_projection,17,1.7000000000000002,48,48,48,48,48,48,1.203857766062515
L2_physical_endpoint_projection,18,1.8,48,48,48,48,48,48,1.1488812506039263
L2_physical_endpoint_projection,19,1.9000000000000001,48,48,48,48,48,48,1.1026850635432561
L2_physical_endpoint_projection,20,2.0,48,48,48,48,48,48,1.065695935181489
L2_physical_endpoint_projection,21,2.1,48,48,48,48,48,48,1.038236849218268
L2_physical_endpoint_projection,22,2.2,48,48,48,48,48,48,1.0205231627023268
L2_physical_endpoint_projection,23,2.3000000000000003,48,48,48,48,48,48,1.0126270305375196
L2_physical_endpoint_projection,24,2.4000000000000004,48,48,48,48,48,48,1.0143059341157827
L2_physical_endpoint_projection,25,2.5,48,48,48,48,48,48,1.017849887418959
L2_physical_endpoint_projection,26,2.6,48,48,48,48,48,48,0.9449542339365771
L2_physical_endpoint_projection,27,2.7,48,48,48,48,48,48,0.845596970691894
L2_physical_endpoint_projection,28,2.8000000000000003,48,48,48,48,48,48,0.7272684048852796
L2_physical_endpoint_projection,29,2.9000000000000004,48,48,48,48,48,48,0.6077375876249997
L2_physical_endpoint_projection,30,3.0,48,48,48,48,48,48,0.4881265291485286
L2_physical_endpoint_projection,31,3.1,48,48,48,48,48,48,0.44007029877597126
L2_physical_endpoint_projection,32,3.2,48,48,48,48,48,48,0.5387282450525475
L2_physical_endpoint_projection,33,3.3000000000000003,48,48,48,48,48,48,0.6373861913287615
L2_physical_endpoint_projection,34,3.4000000000000004,48,48,48,48,48,48,0.7353087553377531
L2_physical_endpoint_projection,35,3.5,48,48,48,48,48,48,0.6635215758568409
L2_physical_endpoint_projection,36,3.6,48,48,48,48,48,48,0.566446011918921
L2_physical_endpoint_projection,37,3.7,48,48,48,48,48,48,0.47923624260843867
L2_physical_endpoint_projection,38,3.8000000000000003,48,48,48,48,48,48,0.4018922679253556
L2_physical_endpoint_projection,39,3.9000000000000004,48,48,48,48,48,48,0.3344140878696329
L2_physical_endpoint_projection,40,4.0,48,48,48,48,48,48,0.2768017024412315
L2_physical_endpoint_projection,41,4.1000000000000005,48,48,48,48,48,48,0.2117724720352503
L2_physical_endpoint_projection,42,4.2,48,48,48,48,48,48,0.1327288699823923
L2_physical_endpoint_projection,43,4.3,48,48,48,48,48,48,0.042096051426908865
L2_physical_endpoint_projection,44,4.4,48,48,48,46,46,46,-0.059215127103323884
L2_physical_endpoint_projection,45,4.5,48,48,48,36,36,36,-0.28812077337469955
L2_physical_endpoint_projection,46,4.6000000000000005,48,48,48,6,6,6,-0.6036777065223644
L2_physical_endpoint_projection,47,4.7,48,47,47,1,1,1,-0.9192346396707811
L3_horner_registered_best,1,0.1,48,48,48,48,48,48,1.2260722415259837
L3_horner_registered_best,2,0.2,48,48,48,48,48,48,1.1636502226799457
L3_horner_registered_best,3,0.30000000000000004,48,48,48,48,48,48,1.1100805808455072
L3_horner_registered_best,4,0.4,48,48,48,48,48,48,1.0659218049884547
L3_horner_registered_best,5,0.5,48,48,48,48,48,48,1.0316373720647334
L3_horner_registered_best,6,0.6000000000000001,48,48,48,48,48,48,1.0075907127544355
L3_horner_registered_best,7,0.7000000000000001,48,48,48,48,48,48,0.9940411707768362
L3_horner_registered_best,8,0.8,48,48,48,48,48,48,0.9911396182648411
L3_horner_registered_best,9,0.9,48,48,48,48,48,48,0.9973105998516405
L3_horner_registered_best,10,1.0,48,48,48,48,48,48,1.0051728562813291
L3_horner_registered_best,11,1.1,48,48,48,48,48,48,1.0235598759149536
L3_horner_registered_best,12,1.2000000000000002,48,48,48,48,48,48,1.0522927265396391
L3_horner_registered_best,13,1.3,48,48,48,48,48,48,1.0909811827563325
L3_horner_registered_best,14,1.4000000000000001,48,48,48,48,48,48,1.1391214245569006
L3_horner_registered_best,15,1.5,48,48,48,48,48,48,1.1961182787426405
L3_horner_registered_best,16,1.6,48,48,48,48,48,48,1.2609998695426619
L3_horner_registered_best,17,1.7000000000000002,48,48,48,48,48,48,1.2041946022405514
L3_horner_registered_best,18,1.8,48,48,48,48,48,48,1.149280811702888
L3_horner_registered_best,19,1.9000000000000001,48,48,48,48,48,48,1.103156331867272
L3_horner_registered_best,20,2.0,48,48,48,48,48,48,1.0662495460803938
L3_horner_registered_best,21,2.1,48,48,48,48,48,48,1.038885366257328
L3_horner_registered_best,22,2.2,48,48,48,48,48,48,1.021281517063378
L3_horner_registered_best,23,2.3000000000000003,48,48,48,48,48,48,1.0135128578609534
L3_horner_registered_best,24,2.4000000000000004,48,48,48,48,48,48,1.0153479759858586
L3_horner_registered_best,25,2.5,48,48,48,48,48,48,1.0203097461002284
L3_horner_registered_best,26,2.6,48,48,48,48,48,48,0.9460223863642383
L3_horner_registered_best,27,2.7,48,48,48,48,48,48,0.8467158471545315
L3_horner_registered_best,28,2.8000000000000003,48,48,48,48,48,48,0.7277930429646842
L3_horner_registered_best,29,2.9000000000000004,48,48,48,48,48,48,0.6082976890510721
L3_horner_registered_best,30,3.0,48,48,48,48,48,48,0.4887328715294983
L3_horner_registered_best,31,3.1,48,48,48,48,48,48,0.4489803671713888
L3_horner_registered_best,32,3.2,48,48,48,48,48,48,0.5484358010117623
L3_horner_registered_best,33,3.3000000000000003,48,48,48,48,48,48,0.647891234851856
L3_horner_registered_best,34,3.4000000000000004,48,48,48,48,48,48,0.7466243664419479
L3_horner_registered_best,35,3.5,48,48,48,48,48,48,0.6657564508928273
L3_horner_registered_best,36,3.6,48,48,48,48,48,48,0.5692551446780543
L3_horner_registered_best,37,3.7,48,48,48,48,48,48,0.4826993818471432
L3_horner_registered_best,38,3.8000000000000003,48,48,48,48,48,48,0.4060891624000649
L3_horner_registered_best,39,3.9000000000000004,48,48,48,48,48,48,0.3394244863367861
L3_horner_registered_best,40,4.0,48,48,48,48,48,48,0.28270535365727656
L3_horner_registered_best,41,4.1000000000000005,48,48,48,48,48,48,0.21915401311599836
L3_horner_registered_best,42,4.2,48,48,48,48,48,48,0.14245482017270805
L3_horner_registered_best,43,4.3,48,48,48,48,48,48,0.0554942982833142
L3_horner_registered_best,44,4.4,48,48,48,48,47,47,-0.04082024690501607
L3_horner_registered_best,45,4.5,48,48,48,38,38,38,-0.24591290818798361
L3_horner_registered_best,46,4.6000000000000005,48,48,48,8,8,8,-0.5546748918126667
L3_horner_registered_best,47,4.7,48,48,48,2,2,2,-0.86343687543796
L3_horner_registered_best,48,4.800000000000001,48,42,41,0,0,0,-1.1721988590638621
L4_k3_picard,1,0.1,48,48,48,48,48,48,1.2260202723488924
L4_k3_picard,2,0.2,48,48,48,48,48,48,1.1636324112401621
L4_k3_picard,3,0.30000000000000004,48,48,48,48,48,48,1.110105455052845
L4_k3_picard,4,0.4,48,48,48,48,48,48,1.066008316666189
L4_k3_picard,5,0.5,48,48,48,48,48,48,1.0318060094398465
L4_k3_picard,6,0.6000000000000001,48,48,48,48,48,48,1.0078574406394138
L4_k3_picard,7,0.7000000000000001,48,48,48,48,48,48,0.9944217368631478
L4_k3_picard,8,0.8,48,48,48,48,48,48,0.9916571436721304
L4_k3_picard,9,0.9,48,48,48,48,48,48,0.9966898760661951
L4_k3_picard,10,1.0,48,48,48,48,48,48,1.0048429312081661
L4_k3_picard,11,1.1,48,48,48,48,48,48,1.0234822202457137
L4_k3_picard,12,1.2000000000000002,48,48,48,48,48,48,1.0525471067358747
L4_k3_picard,13,1.3,48,48,48,48,48,48,1.0915694956135353
L4_k3_picard,14,1.4000000000000001,48,48,48,48,48,48,1.1400081545906173
L4_k3_picard,15,1.5,48,48,48,48,48,48,1.1973575443379187
L4_k3_picard,16,1.6,48,48,48,48,48,48,1.262652408857798
L4_k3_picard,17,1.7000000000000002,48,48,48,48,48,48,1.2058670671859653
L4_k3_picard,18,1.8,48,48,48,48,48,48,1.151316200050517
L4_k3_picard,19,1.9000000000000001,48,48,48,48,48,48,1.10560442753976
L4_k3_picard,20,2.0,48,48,48,48,48,48,1.0691624707956084
L4_k3_picard,21,2.1,48,48,48,48,48,48,1.0423171615110824
L4_k3_picard,22,2.2,48,48,48,48,48,48,1.0252882090270186
L4_k3_picard,23,2.3000000000000003,48,48,48,48,48,48,1.0181526245745367
L4_k3_picard,24,2.4000000000000004,48,48,48,48,48,48,1.0206794579032223
L4_k3_picard,25,2.5,48,48,48,48,48,48,1.025175779874231
L4_k3_picard,26,2.6,48,48,48,48,48,48,0.9505218269753901
L4_k3_picard,27,2.7,48,48,48,48,48,48,0.8515699790003406
L4_k3_picard,28,2.8000000000000003,48,48,48,48,48,48,0.7337389378566384
L4_k3_picard,29,2.9000000000000004,48,48,48,48,48,48,0.6147101059391087
L4_k3_picard,30,3.0,48,48,48,48,48,48,0.49559581872566905
L4_k3_picard,31,3.1,48,48,48,48,48,48,0.4517850827288432
L4_k3_picard,32,3.2,48,48,48,48,48,48,0.5551350832674304
L4_k3_picard,33,3.3000000000000003,48,48,48,48,48,48,0.6584850838057446
L4_k3_picard,34,3.4000000000000004,48,48,48,48,48,48,0.7611161031755715
L4_k3_picard,35,3.5,48,48,48,48,48,48,0.6793374674966963
L4_k3_picard,36,3.6,48,48,48,48,48,48,0.5855901075267254
L4_k3_picard,37,3.7,48,48,48,48,48,48,0.5021777476104443
L4_k3_picard,38,3.8000000000000003,48,48,48,48,48,48,0.429100387747823
L4_k3_picard,39,3.9000000000000004,48,48,48,48,48,48,0.3663580279388319
L4_k3_picard,40,4.0,48,48,48,48,48,48,0.31395066818343964
L4_k3_picard,41,4.1000000000000005,48,48,48,48,48,48,0.2557452170841794
L4_k3_picard,42,4.2,48,48,48,48,48,48,0.18772710175186513
L4_k3_picard,43,4.3,48,48,48,48,48,48,0.11233805018890708
L4_k3_picard,44,4.4,48,48,48,48,48,48,0.030505672697696218
L4_k3_picard,45,4.5,48,48,48,45,45,45,-0.11112567092671854
L4_k3_picard,46,4.6000000000000005,48,48,48,30,30,30,-0.40088290192250353
L4_k3_picard,47,4.7,48,48,48,4,4,4,-0.6906401329188485
L4_k3_picard,48,4.800000000000001,48,47,47,1,1,1,-0.9803973639157539
