path	target	resolved_target	target_exists	target_status	target_probe_error	external_absolute_target
auto_LiRPA	/home/huan/projects/Verifier_Development/auto_LiRPA	/home/huan/projects/Verifier_Development/auto_LiRPA	False	INACCESSIBLE	PermissionError: [Errno 13] Permission denied: '/home/huan/projects/Verifier_Development/auto_LiRPA'	True
external_autolirpa	/home/huan/projects/Verifier_Development	/home/huan/projects/Verifier_Development	False	INACCESSIBLE	PermissionError: [Errno 13] Permission denied: '/home/huan/projects/Verifier_Development'	True
flowstar	/home/huan/projects/flowstar	/home/huan/projects/flowstar	False	INACCESSIBLE	PermissionError: [Errno 13] Permission denied: '/home/huan/projects/flowstar'	True
src/auto_LiRPA	../auto_LiRPA/auto_LiRPA/	/home/huan/projects/Verifier_Development/auto_LiRPA/auto_LiRPA	False	INACCESSIBLE	PermissionError: [Errno 13] Permission denied: '/home/huan/projects/Verifier_Development/auto_LiRPA/auto_LiRPA'	False
src/configs/nncs_hard_suite/ACC-Chain/acc_chain_fail_B1.yaml	/home/huan/projects/flowstar_gpu/benchmarks/ACC-Chain/configs/acc_chain_fail_B1.yaml	/home/huan/projects/flowstar_gpu/benchmarks/ACC-Chain/configs/acc_chain_fail_B1.yaml	False	INACCESSIBLE	PermissionError: [Errno 13] Permission denied: '/home/huan/projects/flowstar_gpu/benchmarks/ACC-Chain/configs/acc_chain_fail_B1.yaml'	True
src/configs/nncs_hard_suite/ACC-Chain/acc_chain_fail_B1024.yaml	/home/huan/projects/flowstar_gpu/benchmarks/ACC-Chain/configs/acc_chain_fail_B1024.yaml	/home/huan/projects/flowstar_gpu/benchmarks/ACC-Chain/configs/acc_chain_fail_B1024.yaml	False	INACCESSIBLE	PermissionError: [Errno 13] Permission denied: '/home/huan/projects/flowstar_gpu/benchmarks/ACC-Chain/configs/acc_chain_fail_B1024.yaml'	True
src/configs/nncs_hard_suite/ACC-Chain/acc_chain_hold_B1.yaml	/home/huan/projects/flowstar_gpu/benchmarks/ACC-Chain/configs/acc_chain_hold_B1.yaml	/home/huan/projects/flowstar_gpu/benchmarks/ACC-Chain/configs/acc_chain_hold_B1.yaml	False	INACCESSIBLE	PermissionError: [Errno 13] Permission denied: '/home/huan/projects/flowstar_gpu/benchmarks/ACC-Chain/configs/acc_chain_hold_B1.yaml'	True
src/configs/nncs_hard_suite/ACC-Chain/acc_chain_hold_B1024.yaml	/home/huan/projects/flowstar_gpu/benchmarks/ACC-Chain/configs/acc_chain_hold_B1024.yaml	/home/huan/projects/flowstar_gpu/benchmarks/ACC-Chain/configs/acc_chain_hold_B1024.yaml	False	INACCESSIBLE	PermissionError: [Errno 13] Permission denied: '/home/huan/projects/flowstar_gpu/benchmarks/ACC-Chain/configs/acc_chain_hold_B1024.yaml'	True
src/configs/nncs_hard_suite/ACC-Chain/acc_chain_official_B1.yaml	/home/huan/projects/flowstar_gpu/benchmarks/ACC-Chain/configs/acc_chain_official_B1.yaml	/home/huan/projects/flowstar_gpu/benchmarks/ACC-Chain/configs/acc_chain_official_B1.yaml	False	INACCESSIBLE	PermissionError: [Errno 13] Permission denied: '/home/huan/projects/flowstar_gpu/benchmarks/ACC-Chain/configs/acc_chain_official_B1.yaml'	True
src/configs/nncs_hard_suite/ACC-Chain/acc_chain_official_B1024.yaml	/home/huan/projects/flowstar_gpu/benchmarks/ACC-Chain/configs/acc_chain_official_B1024.yaml	/home/huan/projects/flowstar_gpu/benchmarks/ACC-Chain/configs/acc_chain_official_B1024.yaml	False	INACCESSIBLE	PermissionError: [Errno 13] Permission denied: '/home/huan/projects/flowstar_gpu/benchmarks/ACC-Chain/configs/acc_chain_official_B1024.yaml'	True
src/configs/nncs_hard_suite/ACC-Chain/rungs/acc_chain_n3/acc_chain_n3_fail_B1.yaml	/home/huan/projects/flowstar_gpu/benchmarks/ACC-Chain/rungs/acc_chain_n3/configs/acc_chain_n3_fail_B1.yaml	/home/huan/projects/flowstar_gpu/benchmarks/ACC-Chain/rungs/acc_chain_n3/configs/acc_chain_n3_fail_B1.yaml	False	INACCESSIBLE	PermissionError: [Errno 13] Permission denied: '/home/huan/projects/flowstar_gpu/benchmarks/ACC-Chain/rungs/acc_chain_n3/configs/acc_chain_n3_fail_B1.yaml'	True
src/configs/nncs_hard_suite/ACC-Chain/rungs/acc_chain_n3/acc_chain_n3_fail_B1024.yaml	/home/huan/projects/flowstar_gpu/benchmarks/ACC-Chain/rungs/acc_chain_n3/configs/acc_chain_n3_fail_B1024.yaml	/home/huan/projects/flowstar_gpu/benchmarks/ACC-Chain/rungs/acc_chain_n3/configs/acc_chain_n3_fail_B1024.yaml	False	INACCESSIBLE	PermissionError: [Errno 13] Permission denied: '/home/huan/projects/flowstar_gpu/benchmarks/ACC-Chain/rungs/acc_chain_n3/configs/acc_chain_n3_fail_B1024.yaml'	True
src/configs/nncs_hard_suite/ACC-Chain/rungs/acc_chain_n3/acc_chain_n3_hold_B1.yaml	/home/huan/projects/flowstar_gpu/benchmarks/ACC-Chain/rungs/acc_chain_n3/configs/acc_chain_n3_hold_B1.yaml	/home/huan/projects/flowstar_gpu/benchmarks/ACC-Chain/rungs/acc_chain_n3/configs/acc_chain_n3_hold_B1.yaml	False	INACCESSIBLE	PermissionError: [Errno 13] Permission denied: '/home/huan/projects/flowstar_gpu/benchmarks/ACC-Chain/rungs/acc_chain_n3/configs/acc_chain_n3_hold_B1.yaml'	True
src/configs/nncs_hard_suite/ACC-Chain/rungs/acc_chain_n3/acc_chain_n3_hold_B1024.yaml	/home/huan/projects/flowstar_gpu/benchmarks/ACC-Chain/rungs/acc_chain_n3/configs/acc_chain_n3_hold_B1024.yaml	/home/huan/projects/flowstar_gpu/benchmarks/ACC-Chain/rungs/acc_chain_n3/configs/acc_chain_n3_hold_B1024.yaml	False	INACCESSIBLE	PermissionError: [Errno 13] Permission denied: '/home/huan/projects/flowstar_gpu/benchmarks/ACC-Chain/rungs/acc_chain_n3/configs/acc_chain_n3_hold_B1024.yaml'	True
src/configs/nncs_hard_suite/ACC-Chain/rungs/acc_chain_n3/acc_chain_n3_official_B1.yaml	/home/huan/projects/flowstar_gpu/benchmarks/ACC-Chain/rungs/acc_chain_n3/configs/acc_chain_n3_official_B1.yaml	/home/huan/projects/flowstar_gpu/benchmarks/ACC-Chain/rungs/acc_chain_n3/configs/acc_chain_n3_official_B1.yaml	False	INACCESSIBLE	PermissionError: [Errno 13] Permission denied: '/home/huan/projects/flowstar_gpu/benchmarks/ACC-Chain/rungs/acc_chain_n3/configs/acc_chain_n3_official_B1.yaml'	True
src/configs/nncs_hard_suite/ACC-Chain/rungs/acc_chain_n3/acc_chain_n3_official_B1024.yaml	/home/huan/projects/flowstar_gpu/benchmarks/ACC-Chain/rungs/acc_chain_n3/configs/acc_chain_n3_official_B1024.yaml	/home/huan/projects/flowstar_gpu/benchmarks/ACC-Chain/rungs/acc_chain_n3/configs/acc_chain_n3_official_B1024.yaml	False	INACCESSIBLE	PermissionError: [Errno 13] Permission denied: '/home/huan/projects/flowstar_gpu/benchmarks/ACC-Chain/rungs/acc_chain_n3/configs/acc_chain_n3_official_B1024.yaml'	True
src/configs/nncs_hard_suite/ACC-Chain/rungs/acc_chain_n4/acc_chain_n4_fail_B1.yaml	/home/huan/projects/flowstar_gpu/benchmarks/ACC-Chain/rungs/acc_chain_n4/configs/acc_chain_n4_fail_B1.yaml	/home/huan/projects/flowstar_gpu/benchmarks/ACC-Chain/rungs/acc_chain_n4/configs/acc_chain_n4_fail_B1.yaml	False	INACCESSIBLE	PermissionError: [Errno 13] Permission denied: '/home/huan/projects/flowstar_gpu/benchmarks/ACC-Chain/rungs/acc_chain_n4/configs/acc_chain_n4_fail_B1.yaml'	True
src/configs/nncs_hard_suite/ACC-Chain/rungs/acc_chain_n4/acc_chain_n4_fail_B1024.yaml	/home/huan/projects/flowstar_gpu/benchmarks/ACC-Chain/rungs/acc_chain_n4/configs/acc_chain_n4_fail_B1024.yaml	/home/huan/projects/flowstar_gpu/benchmarks/ACC-Chain/rungs/acc_chain_n4/configs/acc_chain_n4_fail_B1024.yaml	False	INACCESSIBLE	PermissionError: [Errno 13] Permission denied: '/home/huan/projects/flowstar_gpu/benchmarks/ACC-Chain/rungs/acc_chain_n4/configs/acc_chain_n4_fail_B1024.yaml'	True
src/configs/nncs_hard_suite/ACC-Chain/rungs/acc_chain_n4/acc_chain_n4_hold_B1.yaml	/home/huan/projects/flowstar_gpu/benchmarks/ACC-Chain/rungs/acc_chain_n4/configs/acc_chain_n4_hold_B1.yaml	/home/huan/projects/flowstar_gpu/benchmarks/ACC-Chain/rungs/acc_chain_n4/configs/acc_chain_n4_hold_B1.yaml	False	INACCESSIBLE	PermissionError: [Errno 13] Permission denied: '/home/huan/projects/flowstar_gpu/benchmarks/ACC-Chain/rungs/acc_chain_n4/configs/acc_chain_n4_hold_B1.yaml'	True
src/configs/nncs_hard_suite/ACC-Chain/rungs/acc_chain_n4/acc_chain_n4_hold_B1024.yaml	/home/huan/projects/flowstar_gpu/benchmarks/ACC-Chain/rungs/acc_chain_n4/configs/acc_chain_n4_hold_B1024.yaml	/home/huan/projects/flowstar_gpu/benchmarks/ACC-Chain/rungs/acc_chain_n4/configs/acc_chain_n4_hold_B1024.yaml	False	INACCESSIBLE	PermissionError: [Errno 13] Permission denied: '/home/huan/projects/flowstar_gpu/benchmarks/ACC-Chain/rungs/acc_chain_n4/configs/acc_chain_n4_hold_B1024.yaml'	True
src/configs/nncs_hard_suite/ACC-Chain/rungs/acc_chain_n4/acc_chain_n4_official_B1.yaml	/home/huan/projects/flowstar_gpu/benchmarks/ACC-Chain/rungs/acc_chain_n4/configs/acc_chain_n4_official_B1.yaml	/home/huan/projects/flowstar_gpu/benchmarks/ACC-Chain/rungs/acc_chain_n4/configs/acc_chain_n4_official_B1.yaml	False	INACCESSIBLE	PermissionError: [Errno 13] Permission denied: '/home/huan/projects/flowstar_gpu/benchmarks/ACC-Chain/rungs/acc_chain_n4/configs/acc_chain_n4_official_B1.yaml'	True
src/configs/nncs_hard_suite/ACC-Chain/rungs/acc_chain_n4/acc_chain_n4_official_B1024.yaml	/home/huan/projects/flowstar_gpu/benchmarks/ACC-Chain/rungs/acc_chain_n4/configs/acc_chain_n4_official_B1024.yaml	/home/huan/projects/flowstar_gpu/benchmarks/ACC-Chain/rungs/acc_chain_n4/configs/acc_chain_n4_official_B1024.yaml	False	INACCESSIBLE	PermissionError: [Errno 13] Permission denied: '/home/huan/projects/flowstar_gpu/benchmarks/ACC-Chain/rungs/acc_chain_n4/configs/acc_chain_n4_official_B1024.yaml'	True
src/configs/nncs_hard_suite/ACC-Chain/rungs/acc_chain_n5/acc_chain_n5_fail_B1.yaml	/home/huan/projects/flowstar_gpu/benchmarks/ACC-Chain/rungs/acc_chain_n5/configs/acc_chain_n5_fail_B1.yaml	/home/huan/projects/flowstar_gpu/benchmarks/ACC-Chain/rungs/acc_chain_n5/configs/acc_chain_n5_fail_B1.yaml	False	INACCESSIBLE	PermissionError: [Errno 13] Permission denied: '/home/huan/projects/flowstar_gpu/benchmarks/ACC-Chain/rungs/acc_chain_n5/configs/acc_chain_n5_fail_B1.yaml'	True
src/configs/nncs_hard_suite/ACC-Chain/rungs/acc_chain_n5/acc_chain_n5_fail_B1024.yaml	/home/huan/projects/flowstar_gpu/benchmarks/ACC-Chain/rungs/acc_chain_n5/configs/acc_chain_n5_fail_B1024.yaml	/home/huan/projects/flowstar_gpu/benchmarks/ACC-Chain/rungs/acc_chain_n5/configs/acc_chain_n5_fail_B1024.yaml	False	INACCESSIBLE	PermissionError: [Errno 13] Permission denied: '/home/huan/projects/flowstar_gpu/benchmarks/ACC-Chain/rungs/acc_chain_n5/configs/acc_chain_n5_fail_B1024.yaml'	True
src/configs/nncs_hard_suite/ACC-Chain/rungs/acc_chain_n5/acc_chain_n5_hold_B1.yaml	/home/huan/projects/flowstar_gpu/benchmarks/ACC-Chain/rungs/acc_chain_n5/configs/acc_chain_n5_hold_B1.yaml	/home/huan/projects/flowstar_gpu/benchmarks/ACC-Chain/rungs/acc_chain_n5/configs/acc_chain_n5_hold_B1.yaml	False	INACCESSIBLE	PermissionError: [Errno 13] Permission denied: '/home/huan/projects/flowstar_gpu/benchmarks/ACC-Chain/rungs/acc_chain_n5/configs/acc_chain_n5_hold_B1.yaml'	True
src/configs/nncs_hard_suite/ACC-Chain/rungs/acc_chain_n5/acc_chain_n5_hold_B1024.yaml	/home/huan/projects/flowstar_gpu/benchmarks/ACC-Chain/rungs/acc_chain_n5/configs/acc_chain_n5_hold_B1024.yaml	/home/huan/projects/flowstar_gpu/benchmarks/ACC-Chain/rungs/acc_chain_n5/configs/acc_chain_n5_hold_B1024.yaml	False	INACCESSIBLE	PermissionError: [Errno 13] Permission denied: '/home/huan/projects/flowstar_gpu/benchmarks/ACC-Chain/rungs/acc_chain_n5/configs/acc_chain_n5_hold_B1024.yaml'	True
src/configs/nncs_hard_suite/ACC-Chain/rungs/acc_chain_n5/acc_chain_n5_official_B1.yaml	/home/huan/projects/flowstar_gpu/benchmarks/ACC-Chain/rungs/acc_chain_n5/configs/acc_chain_n5_official_B1.yaml	/home/huan/projects/flowstar_gpu/benchmarks/ACC-Chain/rungs/acc_chain_n5/configs/acc_chain_n5_official_B1.yaml	False	INACCESSIBLE	PermissionError: [Errno 13] Permission denied: '/home/huan/projects/flowstar_gpu/benchmarks/ACC-Chain/rungs/acc_chain_n5/configs/acc_chain_n5_official_B1.yaml'	True
src/configs/nncs_hard_suite/ACC-Chain/rungs/acc_chain_n5/acc_chain_n5_official_B1024.yaml	/home/huan/projects/flowstar_gpu/benchmarks/ACC-Chain/rungs/acc_chain_n5/configs/acc_chain_n5_official_B1024.yaml	/home/huan/projects/flowstar_gpu/benchmarks/ACC-Chain/rungs/acc_chain_n5/configs/acc_chain_n5_official_B1024.yaml	False	INACCESSIBLE	PermissionError: [Errno 13] Permission denied: '/home/huan/projects/flowstar_gpu/benchmarks/ACC-Chain/rungs/acc_chain_n5/configs/acc_chain_n5_official_B1024.yaml'	True
src/configs/nncs_hard_suite/ACC-Chain/rungs/acc_chain_n6/acc_chain_n6_fail_B1.yaml	/home/huan/projects/flowstar_gpu/benchmarks/ACC-Chain/rungs/acc_chain_n6/configs/acc_chain_n6_fail_B1.yaml	/home/huan/projects/flowstar_gpu/benchmarks/ACC-Chain/rungs/acc_chain_n6/configs/acc_chain_n6_fail_B1.yaml	False	INACCESSIBLE	PermissionError: [Errno 13] Permission denied: '/home/huan/projects/flowstar_gpu/benchmarks/ACC-Chain/rungs/acc_chain_n6/configs/acc_chain_n6_fail_B1.yaml'	True
src/configs/nncs_hard_suite/ACC-Chain/rungs/acc_chain_n6/acc_chain_n6_fail_B1024.yaml	/home/huan/projects/flowstar_gpu/benchmarks/ACC-Chain/rungs/acc_chain_n6/configs/acc_chain_n6_fail_B1024.yaml	/home/huan/projects/flowstar_gpu/benchmarks/ACC-Chain/rungs/acc_chain_n6/configs/acc_chain_n6_fail_B1024.yaml	False	INACCESSIBLE	PermissionError: [Errno 13] Permission denied: '/home/huan/projects/flowstar_gpu/benchmarks/ACC-Chain/rungs/acc_chain_n6/configs/acc_chain_n6_fail_B1024.yaml'	True
src/configs/nncs_hard_suite/ACC-Chain/rungs/acc_chain_n6/acc_chain_n6_hold_B1.yaml	/home/huan/projects/flowstar_gpu/benchmarks/ACC-Chain/rungs/acc_chain_n6/configs/acc_chain_n6_hold_B1.yaml	/home/huan/projects/flowstar_gpu/benchmarks/ACC-Chain/rungs/acc_chain_n6/configs/acc_chain_n6_hold_B1.yaml	False	INACCESSIBLE	PermissionError: [Errno 13] Permission denied: '/home/huan/projects/flowstar_gpu/benchmarks/ACC-Chain/rungs/acc_chain_n6/configs/acc_chain_n6_hold_B1.yaml'	True
src/configs/nncs_hard_suite/ACC-Chain/rungs/acc_chain_n6/acc_chain_n6_hold_B1024.yaml	/home/huan/projects/flowstar_gpu/benchmarks/ACC-Chain/rungs/acc_chain_n6/configs/acc_chain_n6_hold_B1024.yaml	/home/huan/projects/flowstar_gpu/benchmarks/ACC-Chain/rungs/acc_chain_n6/configs/acc_chain_n6_hold_B1024.yaml	False	INACCESSIBLE	PermissionError: [Errno 13] Permission denied: '/home/huan/projects/flowstar_gpu/benchmarks/ACC-Chain/rungs/acc_chain_n6/configs/acc_chain_n6_hold_B1024.yaml'	True
src/configs/nncs_hard_suite/ACC-Chain/rungs/acc_chain_n6/acc_chain_n6_official_B1.yaml	/home/huan/projects/flowstar_gpu/benchmarks/ACC-Chain/rungs/acc_chain_n6/configs/acc_chain_n6_official_B1.yaml	/home/huan/projects/flowstar_gpu/benchmarks/ACC-Chain/rungs/acc_chain_n6/configs/acc_chain_n6_official_B1.yaml	False	INACCESSIBLE	PermissionError: [Errno 13] Permission denied: '/home/huan/projects/flowstar_gpu/benchmarks/ACC-Chain/rungs/acc_chain_n6/configs/acc_chain_n6_official_B1.yaml'	True
src/configs/nncs_hard_suite/ACC-Chain/rungs/acc_chain_n6/acc_chain_n6_official_B1024.yaml	/home/huan/projects/flowstar_gpu/benchmarks/ACC-Chain/rungs/acc_chain_n6/configs/acc_chain_n6_official_B1024.yaml	/home/huan/projects/flowstar_gpu/benchmarks/ACC-Chain/rungs/acc_chain_n6/configs/acc_chain_n6_official_B1024.yaml	False	INACCESSIBLE	PermissionError: [Errno 13] Permission denied: '/home/huan/projects/flowstar_gpu/benchmarks/ACC-Chain/rungs/acc_chain_n6/configs/acc_chain_n6_official_B1024.yaml'	True
src/configs/nncs_hard_suite/ACC-Chain/rungs/acc_chain_n7/acc_chain_n7_fail_B1.yaml	/home/huan/projects/flowstar_gpu/benchmarks/ACC-Chain/rungs/acc_chain_n7/configs/acc_chain_n7_fail_B1.yaml	/home/huan/projects/flowstar_gpu/benchmarks/ACC-Chain/rungs/acc_chain_n7/configs/acc_chain_n7_fail_B1.yaml	False	INACCESSIBLE	PermissionError: [Errno 13] Permission denied: '/home/huan/projects/flowstar_gpu/benchmarks/ACC-Chain/rungs/acc_chain_n7/configs/acc_chain_n7_fail_B1.yaml'	True
src/configs/nncs_hard_suite/ACC-Chain/rungs/acc_chain_n7/acc_chain_n7_fail_B1024.yaml	/home/huan/projects/flowstar_gpu/benchmarks/ACC-Chain/rungs/acc_chain_n7/configs/acc_chain_n7_fail_B1024.yaml	/home/huan/projects/flowstar_gpu/benchmarks/ACC-Chain/rungs/acc_chain_n7/configs/acc_chain_n7_fail_B1024.yaml	False	INACCESSIBLE	PermissionError: [Errno 13] Permission denied: '/home/huan/projects/flowstar_gpu/benchmarks/ACC-Chain/rungs/acc_chain_n7/configs/acc_chain_n7_fail_B1024.yaml'	True
src/configs/nncs_hard_suite/ACC-Chain/rungs/acc_chain_n7/acc_chain_n7_hold_B1.yaml	/home/huan/projects/flowstar_gpu/benchmarks/ACC-Chain/rungs/acc_chain_n7/configs/acc_chain_n7_hold_B1.yaml	/home/huan/projects/flowstar_gpu/benchmarks/ACC-Chain/rungs/acc_chain_n7/configs/acc_chain_n7_hold_B1.yaml	False	INACCESSIBLE	PermissionError: [Errno 13] Permission denied: '/home/huan/projects/flowstar_gpu/benchmarks/ACC-Chain/rungs/acc_chain_n7/configs/acc_chain_n7_hold_B1.yaml'	True
src/configs/nncs_hard_suite/ACC-Chain/rungs/acc_chain_n7/acc_chain_n7_hold_B1024.yaml	/home/huan/projects/flowstar_gpu/benchmarks/ACC-Chain/rungs/acc_chain_n7/configs/acc_chain_n7_hold_B1024.yaml	/home/huan/projects/flowstar_gpu/benchmarks/ACC-Chain/rungs/acc_chain_n7/configs/acc_chain_n7_hold_B1024.yaml	False	INACCESSIBLE	PermissionError: [Errno 13] Permission denied: '/home/huan/projects/flowstar_gpu/benchmarks/ACC-Chain/rungs/acc_chain_n7/configs/acc_chain_n7_hold_B1024.yaml'	True
src/configs/nncs_hard_suite/ACC-Chain/rungs/acc_chain_n7/acc_chain_n7_official_B1.yaml	/home/huan/projects/flowstar_gpu/benchmarks/ACC-Chain/rungs/acc_chain_n7/configs/acc_chain_n7_official_B1.yaml	/home/huan/projects/flowstar_gpu/benchmarks/ACC-Chain/rungs/acc_chain_n7/configs/acc_chain_n7_official_B1.yaml	False	INACCESSIBLE	PermissionError: [Errno 13] Permission denied: '/home/huan/projects/flowstar_gpu/benchmarks/ACC-Chain/rungs/acc_chain_n7/configs/acc_chain_n7_official_B1.yaml'	True
src/configs/nncs_hard_suite/ACC-Chain/rungs/acc_chain_n7/acc_chain_n7_official_B1024.yaml	/home/huan/projects/flowstar_gpu/benchmarks/ACC-Chain/rungs/acc_chain_n7/configs/acc_chain_n7_official_B1024.yaml	/home/huan/projects/flowstar_gpu/benchmarks/ACC-Chain/rungs/acc_chain_n7/configs/acc_chain_n7_official_B1024.yaml	False	INACCESSIBLE	PermissionError: [Errno 13] Permission denied: '/home/huan/projects/flowstar_gpu/benchmarks/ACC-Chain/rungs/acc_chain_n7/configs/acc_chain_n7_official_B1024.yaml'	True
src/configs/nncs_hard_suite/ACC-Chain/rungs/acc_chain_n8/acc_chain_n8_fail_B1.yaml	/home/huan/projects/flowstar_gpu/benchmarks/ACC-Chain/rungs/acc_chain_n8/configs/acc_chain_n8_fail_B1.yaml	/home/huan/projects/flowstar_gpu/benchmarks/ACC-Chain/rungs/acc_chain_n8/configs/acc_chain_n8_fail_B1.yaml	False	INACCESSIBLE	PermissionError: [Errno 13] Permission denied: '/home/huan/projects/flowstar_gpu/benchmarks/ACC-Chain/rungs/acc_chain_n8/configs/acc_chain_n8_fail_B1.yaml'	True
src/configs/nncs_hard_suite/ACC-Chain/rungs/acc_chain_n8/acc_chain_n8_fail_B1024.yaml	/home/huan/projects/flowstar_gpu/benchmarks/ACC-Chain/rungs/acc_chain_n8/configs/acc_chain_n8_fail_B1024.yaml	/home/huan/projects/flowstar_gpu/benchmarks/ACC-Chain/rungs/acc_chain_n8/configs/acc_chain_n8_fail_B1024.yaml	False	INACCESSIBLE	PermissionError: [Errno 13] Permission denied: '/home/huan/projects/flowstar_gpu/benchmarks/ACC-Chain/rungs/acc_chain_n8/configs/acc_chain_n8_fail_B1024.yaml'	True
src/configs/nncs_hard_suite/ACC-Chain/rungs/acc_chain_n8/acc_chain_n8_hold_B1.yaml	/home/huan/projects/flowstar_gpu/benchmarks/ACC-Chain/rungs/acc_chain_n8/configs/acc_chain_n8_hold_B1.yaml	/home/huan/projects/flowstar_gpu/benchmarks/ACC-Chain/rungs/acc_chain_n8/configs/acc_chain_n8_hold_B1.yaml	False	INACCESSIBLE	PermissionError: [Errno 13] Permission denied: '/home/huan/projects/flowstar_gpu/benchmarks/ACC-Chain/rungs/acc_chain_n8/configs/acc_chain_n8_hold_B1.yaml'	True
src/configs/nncs_hard_suite/ACC-Chain/rungs/acc_chain_n8/acc_chain_n8_hold_B1024.yaml	/home/huan/projects/flowstar_gpu/benchmarks/ACC-Chain/rungs/acc_chain_n8/configs/acc_chain_n8_hold_B1024.yaml	/home/huan/projects/flowstar_gpu/benchmarks/ACC-Chain/rungs/acc_chain_n8/configs/acc_chain_n8_hold_B1024.yaml	False	INACCESSIBLE	PermissionError: [Errno 13] Permission denied: '/home/huan/projects/flowstar_gpu/benchmarks/ACC-Chain/rungs/acc_chain_n8/configs/acc_chain_n8_hold_B1024.yaml'	True
src/configs/nncs_hard_suite/ACC-Chain/rungs/acc_chain_n8/acc_chain_n8_official_B1.yaml	/home/huan/projects/flowstar_gpu/benchmarks/ACC-Chain/rungs/acc_chain_n8/configs/acc_chain_n8_official_B1.yaml	/home/huan/projects/flowstar_gpu/benchmarks/ACC-Chain/rungs/acc_chain_n8/configs/acc_chain_n8_official_B1.yaml	False	INACCESSIBLE	PermissionError: [Errno 13] Permission denied: '/home/huan/projects/flowstar_gpu/benchmarks/ACC-Chain/rungs/acc_chain_n8/configs/acc_chain_n8_official_B1.yaml'	True
src/configs/nncs_hard_suite/ACC-Chain/rungs/acc_chain_n8/acc_chain_n8_official_B1024.yaml	/home/huan/projects/flowstar_gpu/benchmarks/ACC-Chain/rungs/acc_chain_n8/configs/acc_chain_n8_official_B1024.yaml	/home/huan/projects/flowstar_gpu/benchmarks/ACC-Chain/rungs/acc_chain_n8/configs/acc_chain_n8_official_B1024.yaml	False	INACCESSIBLE	PermissionError: [Errno 13] Permission denied: '/home/huan/projects/flowstar_gpu/benchmarks/ACC-Chain/rungs/acc_chain_n8/configs/acc_chain_n8_official_B1024.yaml'	True
src/configs/nncs_hard_suite/ACC-Chain/rungs/acc_chain_n9/acc_chain_n9_fail_B1.yaml	/home/huan/projects/flowstar_gpu/benchmarks/ACC-Chain/rungs/acc_chain_n9/configs/acc_chain_n9_fail_B1.yaml	/home/huan/projects/flowstar_gpu/benchmarks/ACC-Chain/rungs/acc_chain_n9/configs/acc_chain_n9_fail_B1.yaml	False	INACCESSIBLE	PermissionError: [Errno 13] Permission denied: '/home/huan/projects/flowstar_gpu/benchmarks/ACC-Chain/rungs/acc_chain_n9/configs/acc_chain_n9_fail_B1.yaml'	True
src/configs/nncs_hard_suite/ACC-Chain/rungs/acc_chain_n9/acc_chain_n9_fail_B1024.yaml	/home/huan/projects/flowstar_gpu/benchmarks/ACC-Chain/rungs/acc_chain_n9/configs/acc_chain_n9_fail_B1024.yaml	/home/huan/projects/flowstar_gpu/benchmarks/ACC-Chain/rungs/acc_chain_n9/configs/acc_chain_n9_fail_B1024.yaml	False	INACCESSIBLE	PermissionError: [Errno 13] Permission denied: '/home/huan/projects/flowstar_gpu/benchmarks/ACC-Chain/rungs/acc_chain_n9/configs/acc_chain_n9_fail_B1024.yaml'	True
src/configs/nncs_hard_suite/ACC-Chain/rungs/acc_chain_n9/acc_chain_n9_hold_B1.yaml	/home/huan/projects/flowstar_gpu/benchmarks/ACC-Chain/rungs/acc_chain_n9/configs/acc_chain_n9_hold_B1.yaml	/home/huan/projects/flowstar_gpu/benchmarks/ACC-Chain/rungs/acc_chain_n9/configs/acc_chain_n9_hold_B1.yaml	False	INACCESSIBLE	PermissionError: [Errno 13] Permission denied: '/home/huan/projects/flowstar_gpu/benchmarks/ACC-Chain/rungs/acc_chain_n9/configs/acc_chain_n9_hold_B1.yaml'	True
src/configs/nncs_hard_suite/ACC-Chain/rungs/acc_chain_n9/acc_chain_n9_hold_B1024.yaml	/home/huan/projects/flowstar_gpu/benchmarks/ACC-Chain/rungs/acc_chain_n9/configs/acc_chain_n9_hold_B1024.yaml	/home/huan/projects/flowstar_gpu/benchmarks/ACC-Chain/rungs/acc_chain_n9/configs/acc_chain_n9_hold_B1024.yaml	False	INACCESSIBLE	PermissionError: [Errno 13] Permission denied: '/home/huan/projects/flowstar_gpu/benchmarks/ACC-Chain/rungs/acc_chain_n9/configs/acc_chain_n9_hold_B1024.yaml'	True
src/configs/nncs_hard_suite/ACC-Chain/rungs/acc_chain_n9/acc_chain_n9_official_B1.yaml	/home/huan/projects/flowstar_gpu/benchmarks/ACC-Chain/rungs/acc_chain_n9/configs/acc_chain_n9_official_B1.yaml	/home/huan/projects/flowstar_gpu/benchmarks/ACC-Chain/rungs/acc_chain_n9/configs/acc_chain_n9_official_B1.yaml	False	INACCESSIBLE	PermissionError: [Errno 13] Permission denied: '/home/huan/projects/flowstar_gpu/benchmarks/ACC-Chain/rungs/acc_chain_n9/configs/acc_chain_n9_official_B1.yaml'	True
src/configs/nncs_hard_suite/ACC-Chain/rungs/acc_chain_n9/acc_chain_n9_official_B1024.yaml	/home/huan/projects/flowstar_gpu/benchmarks/ACC-Chain/rungs/acc_chain_n9/configs/acc_chain_n9_official_B1024.yaml	/home/huan/projects/flowstar_gpu/benchmarks/ACC-Chain/rungs/acc_chain_n9/configs/acc_chain_n9_official_B1024.yaml	False	INACCESSIBLE	PermissionError: [Errno 13] Permission denied: '/home/huan/projects/flowstar_gpu/benchmarks/ACC-Chain/rungs/acc_chain_n9/configs/acc_chain_n9_official_B1024.yaml'	True
src/configs/nncs_hard_suite/ACC/acc_fail_B1.yaml	/home/huan/projects/flowstar_gpu/benchmarks/ACC/configs/acc_fail_B1.yaml	/home/huan/projects/flowstar_gpu/benchmarks/ACC/configs/acc_fail_B1.yaml	False	INACCESSIBLE	PermissionError: [Errno 13] Permission denied: '/home/huan/projects/flowstar_gpu/benchmarks/ACC/configs/acc_fail_B1.yaml'	True
src/configs/nncs_hard_suite/ACC/acc_fail_B64.yaml	/home/huan/projects/flowstar_gpu/benchmarks/ACC/configs/acc_fail_B64.yaml	/home/huan/projects/flowstar_gpu/benchmarks/ACC/configs/acc_fail_B64.yaml	False	INACCESSIBLE	PermissionError: [Errno 13] Permission denied: '/home/huan/projects/flowstar_gpu/benchmarks/ACC/configs/acc_fail_B64.yaml'	True
src/configs/nncs_hard_suite/ACC/acc_hold_B1.yaml	/home/huan/projects/flowstar_gpu/benchmarks/ACC/configs/acc_hold_B1.yaml	/home/huan/projects/flowstar_gpu/benchmarks/ACC/configs/acc_hold_B1.yaml	False	INACCESSIBLE	PermissionError: [Errno 13] Permission denied: '/home/huan/projects/flowstar_gpu/benchmarks/ACC/configs/acc_hold_B1.yaml'	True
src/configs/nncs_hard_suite/ACC/acc_hold_B64.yaml	/home/huan/projects/flowstar_gpu/benchmarks/ACC/configs/acc_hold_B64.yaml	/home/huan/projects/flowstar_gpu/benchmarks/ACC/configs/acc_hold_B64.yaml	False	INACCESSIBLE	PermissionError: [Errno 13] Permission denied: '/home/huan/projects/flowstar_gpu/benchmarks/ACC/configs/acc_hold_B64.yaml'	True
src/configs/nncs_hard_suite/ArtificialPancreas/artificialpancreas_fail_B1.yaml	/home/huan/projects/flowstar_gpu/benchmarks/ArtificialPancreas/configs/artificialpancreas_fail_B1.yaml	/home/huan/projects/flowstar_gpu/benchmarks/ArtificialPancreas/configs/artificialpancreas_fail_B1.yaml	False	INACCESSIBLE	PermissionError: [Errno 13] Permission denied: '/home/huan/projects/flowstar_gpu/benchmarks/ArtificialPancreas/configs/artificialpancreas_fail_B1.yaml'	True
src/configs/nncs_hard_suite/ArtificialPancreas/artificialpancreas_fail_B8.yaml	/home/huan/projects/flowstar_gpu/benchmarks/ArtificialPancreas/configs/artificialpancreas_fail_B8.yaml	/home/huan/projects/flowstar_gpu/benchmarks/ArtificialPancreas/configs/artificialpancreas_fail_B8.yaml	False	INACCESSIBLE	PermissionError: [Errno 13] Permission denied: '/home/huan/projects/flowstar_gpu/benchmarks/ArtificialPancreas/configs/artificialpancreas_fail_B8.yaml'	True
src/configs/nncs_hard_suite/ArtificialPancreas/artificialpancreas_hold_B1.yaml	/home/huan/projects/flowstar_gpu/benchmarks/ArtificialPancreas/configs/artificialpancreas_hold_B1.yaml	/home/huan/projects/flowstar_gpu/benchmarks/ArtificialPancreas/configs/artificialpancreas_hold_B1.yaml	False	INACCESSIBLE	PermissionError: [Errno 13] Permission denied: '/home/huan/projects/flowstar_gpu/benchmarks/ArtificialPancreas/configs/artificialpancreas_hold_B1.yaml'	True
src/configs/nncs_hard_suite/ArtificialPancreas/artificialpancreas_hold_B8.yaml	/home/huan/projects/flowstar_gpu/benchmarks/ArtificialPancreas/configs/artificialpancreas_hold_B8.yaml	/home/huan/projects/flowstar_gpu/benchmarks/ArtificialPancreas/configs/artificialpancreas_hold_B8.yaml	False	INACCESSIBLE	PermissionError: [Errno 13] Permission denied: '/home/huan/projects/flowstar_gpu/benchmarks/ArtificialPancreas/configs/artificialpancreas_hold_B8.yaml'	True
src/configs/nncs_hard_suite/CSTR-Exothermic/cstr_exothermic_fail_B1.yaml	/home/huan/projects/flowstar_gpu/benchmarks/CSTR-Exothermic/configs/cstr_exothermic_fail_B1.yaml	/home/huan/projects/flowstar_gpu/benchmarks/CSTR-Exothermic/configs/cstr_exothermic_fail_B1.yaml	False	INACCESSIBLE	PermissionError: [Errno 13] Permission denied: '/home/huan/projects/flowstar_gpu/benchmarks/CSTR-Exothermic/configs/cstr_exothermic_fail_B1.yaml'	True
src/configs/nncs_hard_suite/CSTR-Exothermic/cstr_exothermic_fail_B256.yaml	/home/huan/projects/flowstar_gpu/benchmarks/CSTR-Exothermic/configs/cstr_exothermic_fail_B256.yaml	/home/huan/projects/flowstar_gpu/benchmarks/CSTR-Exothermic/configs/cstr_exothermic_fail_B256.yaml	False	INACCESSIBLE	PermissionError: [Errno 13] Permission denied: '/home/huan/projects/flowstar_gpu/benchmarks/CSTR-Exothermic/configs/cstr_exothermic_fail_B256.yaml'	True
src/configs/nncs_hard_suite/CSTR-Exothermic/cstr_exothermic_hold_B1.yaml	/home/huan/projects/flowstar_gpu/benchmarks/CSTR-Exothermic/configs/cstr_exothermic_hold_B1.yaml	/home/huan/projects/flowstar_gpu/benchmarks/CSTR-Exothermic/configs/cstr_exothermic_hold_B1.yaml	False	INACCESSIBLE	PermissionError: [Errno 13] Permission denied: '/home/huan/projects/flowstar_gpu/benchmarks/CSTR-Exothermic/configs/cstr_exothermic_hold_B1.yaml'	True
src/configs/nncs_hard_suite/CSTR-Exothermic/cstr_exothermic_hold_B256.yaml	/home/huan/projects/flowstar_gpu/benchmarks/CSTR-Exothermic/configs/cstr_exothermic_hold_B256.yaml	/home/huan/projects/flowstar_gpu/benchmarks/CSTR-Exothermic/configs/cstr_exothermic_hold_B256.yaml	False	INACCESSIBLE	PermissionError: [Errno 13] Permission denied: '/home/huan/projects/flowstar_gpu/benchmarks/CSTR-Exothermic/configs/cstr_exothermic_hold_B256.yaml'	True
src/configs/nncs_hard_suite/CSTR-Exothermic/cstr_exothermic_official_B1.yaml	/home/huan/projects/flowstar_gpu/benchmarks/CSTR-Exothermic/configs/cstr_exothermic_official_B1.yaml	/home/huan/projects/flowstar_gpu/benchmarks/CSTR-Exothermic/configs/cstr_exothermic_official_B1.yaml	False	INACCESSIBLE	PermissionError: [Errno 13] Permission denied: '/home/huan/projects/flowstar_gpu/benchmarks/CSTR-Exothermic/configs/cstr_exothermic_official_B1.yaml'	True
src/configs/nncs_hard_suite/CSTR-Exothermic/cstr_exothermic_official_B256.yaml	/home/huan/projects/flowstar_gpu/benchmarks/CSTR-Exothermic/configs/cstr_exothermic_official_B256.yaml	/home/huan/projects/flowstar_gpu/benchmarks/CSTR-Exothermic/configs/cstr_exothermic_official_B256.yaml	False	INACCESSIBLE	PermissionError: [Errno 13] Permission denied: '/home/huan/projects/flowstar_gpu/benchmarks/CSTR-Exothermic/configs/cstr_exothermic_official_B256.yaml'	True
src/configs/nncs_hard_suite/CSTR-Runaway/cstr_runaway_fail_B1.yaml	/home/huan/projects/flowstar_gpu/benchmarks/CSTR-Runaway/configs/cstr_runaway_fail_B1.yaml	/home/huan/projects/flowstar_gpu/benchmarks/CSTR-Runaway/configs/cstr_runaway_fail_B1.yaml	False	INACCESSIBLE	PermissionError: [Errno 13] Permission denied: '/home/huan/projects/flowstar_gpu/benchmarks/CSTR-Runaway/configs/cstr_runaway_fail_B1.yaml'	True
src/configs/nncs_hard_suite/CSTR-Runaway/cstr_runaway_fail_B2048.yaml	/home/huan/projects/flowstar_gpu/benchmarks/CSTR-Runaway/configs/cstr_runaway_fail_B2048.yaml	/home/huan/projects/flowstar_gpu/benchmarks/CSTR-Runaway/configs/cstr_runaway_fail_B2048.yaml	False	INACCESSIBLE	PermissionError: [Errno 13] Permission denied: '/home/huan/projects/flowstar_gpu/benchmarks/CSTR-Runaway/configs/cstr_runaway_fail_B2048.yaml'	True
src/configs/nncs_hard_suite/CSTR-Runaway/cstr_runaway_hold_B1.yaml	/home/huan/projects/flowstar_gpu/benchmarks/CSTR-Runaway/configs/cstr_runaway_hold_B1.yaml	/home/huan/projects/flowstar_gpu/benchmarks/CSTR-Runaway/configs/cstr_runaway_hold_B1.yaml	False	INACCESSIBLE	PermissionError: [Errno 13] Permission denied: '/home/huan/projects/flowstar_gpu/benchmarks/CSTR-Runaway/configs/cstr_runaway_hold_B1.yaml'	True
src/configs/nncs_hard_suite/CSTR-Runaway/cstr_runaway_hold_B2048.yaml	/home/huan/projects/flowstar_gpu/benchmarks/CSTR-Runaway/configs/cstr_runaway_hold_B2048.yaml	/home/huan/projects/flowstar_gpu/benchmarks/CSTR-Runaway/configs/cstr_runaway_hold_B2048.yaml	False	INACCESSIBLE	PermissionError: [Errno 13] Permission denied: '/home/huan/projects/flowstar_gpu/benchmarks/CSTR-Runaway/configs/cstr_runaway_hold_B2048.yaml'	True
src/configs/nncs_hard_suite/CSTR-Runaway/cstr_runaway_official_B1.yaml	/home/huan/projects/flowstar_gpu/benchmarks/CSTR-Runaway/configs/cstr_runaway_official_B1.yaml	/home/huan/projects/flowstar_gpu/benchmarks/CSTR-Runaway/configs/cstr_runaway_official_B1.yaml	False	INACCESSIBLE	PermissionError: [Errno 13] Permission denied: '/home/huan/projects/flowstar_gpu/benchmarks/CSTR-Runaway/configs/cstr_runaway_official_B1.yaml'	True
src/configs/nncs_hard_suite/CSTR-Runaway/cstr_runaway_official_B2048.yaml	/home/huan/projects/flowstar_gpu/benchmarks/CSTR-Runaway/configs/cstr_runaway_official_B2048.yaml	/home/huan/projects/flowstar_gpu/benchmarks/CSTR-Runaway/configs/cstr_runaway_official_B2048.yaml	False	INACCESSIBLE	PermissionError: [Errno 13] Permission denied: '/home/huan/projects/flowstar_gpu/benchmarks/CSTR-Runaway/configs/cstr_runaway_official_B2048.yaml'	True
src/configs/nncs_hard_suite/CartPole/cartpole_fail_B1.yaml	/home/huan/projects/flowstar_gpu/benchmarks/CartPole/configs/cartpole_fail_B1.yaml	/home/huan/projects/flowstar_gpu/benchmarks/CartPole/configs/cartpole_fail_B1.yaml	False	INACCESSIBLE	PermissionError: [Errno 13] Permission denied: '/home/huan/projects/flowstar_gpu/benchmarks/CartPole/configs/cartpole_fail_B1.yaml'	True
src/configs/nncs_hard_suite/CartPole/cartpole_fail_B256.yaml	/home/huan/projects/flowstar_gpu/benchmarks/CartPole/configs/cartpole_fail_B256.yaml	/home/huan/projects/flowstar_gpu/benchmarks/CartPole/configs/cartpole_fail_B256.yaml	False	INACCESSIBLE	PermissionError: [Errno 13] Permission denied: '/home/huan/projects/flowstar_gpu/benchmarks/CartPole/configs/cartpole_fail_B256.yaml'	True
src/configs/nncs_hard_suite/CartPole/cartpole_hold_B1.yaml	/home/huan/projects/flowstar_gpu/benchmarks/CartPole/configs/cartpole_hold_B1.yaml	/home/huan/projects/flowstar_gpu/benchmarks/CartPole/configs/cartpole_hold_B1.yaml	False	INACCESSIBLE	PermissionError: [Errno 13] Permission denied: '/home/huan/projects/flowstar_gpu/benchmarks/CartPole/configs/cartpole_hold_B1.yaml'	True
src/configs/nncs_hard_suite/CartPole/cartpole_hold_B256.yaml	/home/huan/projects/flowstar_gpu/benchmarks/CartPole/configs/cartpole_hold_B256.yaml	/home/huan/projects/flowstar_gpu/benchmarks/CartPole/configs/cartpole_hold_B256.yaml	False	INACCESSIBLE	PermissionError: [Errno 13] Permission denied: '/home/huan/projects/flowstar_gpu/benchmarks/CartPole/configs/cartpole_hold_B256.yaml'	True
src/configs/nncs_hard_suite/Docking/docking_fail_B1.yaml	/home/huan/projects/flowstar_gpu/benchmarks/Docking/configs/docking_fail_B1.yaml	/home/huan/projects/flowstar_gpu/benchmarks/Docking/configs/docking_fail_B1.yaml	False	INACCESSIBLE	PermissionError: [Errno 13] Permission denied: '/home/huan/projects/flowstar_gpu/benchmarks/Docking/configs/docking_fail_B1.yaml'	True
src/configs/nncs_hard_suite/Docking/docking_fail_B64.yaml	/home/huan/projects/flowstar_gpu/benchmarks/Docking/configs/docking_fail_B64.yaml	/home/huan/projects/flowstar_gpu/benchmarks/Docking/configs/docking_fail_B64.yaml	False	INACCESSIBLE	PermissionError: [Errno 13] Permission denied: '/home/huan/projects/flowstar_gpu/benchmarks/Docking/configs/docking_fail_B64.yaml'	True
src/configs/nncs_hard_suite/Docking/docking_hold_B1.yaml	/home/huan/projects/flowstar_gpu/benchmarks/Docking/configs/docking_hold_B1.yaml	/home/huan/projects/flowstar_gpu/benchmarks/Docking/configs/docking_hold_B1.yaml	False	INACCESSIBLE	PermissionError: [Errno 13] Permission denied: '/home/huan/projects/flowstar_gpu/benchmarks/Docking/configs/docking_hold_B1.yaml'	True
src/configs/nncs_hard_suite/Docking/docking_hold_B64.yaml	/home/huan/projects/flowstar_gpu/benchmarks/Docking/configs/docking_hold_B64.yaml	/home/huan/projects/flowstar_gpu/benchmarks/Docking/configs/docking_hold_B64.yaml	False	INACCESSIBLE	PermissionError: [Errno 13] Permission denied: '/home/huan/projects/flowstar_gpu/benchmarks/Docking/configs/docking_hold_B64.yaml'	True
src/configs/nncs_hard_suite/Docking/docking_official_B1.yaml	/home/huan/projects/flowstar_gpu/benchmarks/Docking/configs/docking_official_B1.yaml	/home/huan/projects/flowstar_gpu/benchmarks/Docking/configs/docking_official_B1.yaml	False	INACCESSIBLE	PermissionError: [Errno 13] Permission denied: '/home/huan/projects/flowstar_gpu/benchmarks/Docking/configs/docking_official_B1.yaml'	True
src/configs/nncs_hard_suite/Docking/docking_official_B64.yaml	/home/huan/projects/flowstar_gpu/benchmarks/Docking/configs/docking_official_B64.yaml	/home/huan/projects/flowstar_gpu/benchmarks/Docking/configs/docking_official_B64.yaml	False	INACCESSIBLE	PermissionError: [Errno 13] Permission denied: '/home/huan/projects/flowstar_gpu/benchmarks/Docking/configs/docking_official_B64.yaml'	True
src/configs/nncs_hard_suite/Docking6D/docking6d_fail_B1.yaml	/home/huan/projects/flowstar_gpu/benchmarks/Docking6D/configs/docking6d_fail_B1.yaml	/home/huan/projects/flowstar_gpu/benchmarks/Docking6D/configs/docking6d_fail_B1.yaml	False	INACCESSIBLE	PermissionError: [Errno 13] Permission denied: '/home/huan/projects/flowstar_gpu/benchmarks/Docking6D/configs/docking6d_fail_B1.yaml'	True
src/configs/nncs_hard_suite/Docking6D/docking6d_hold_B1.yaml	/home/huan/projects/flowstar_gpu/benchmarks/Docking6D/configs/docking6d_hold_B1.yaml	/home/huan/projects/flowstar_gpu/benchmarks/Docking6D/configs/docking6d_hold_B1.yaml	False	INACCESSIBLE	PermissionError: [Errno 13] Permission denied: '/home/huan/projects/flowstar_gpu/benchmarks/Docking6D/configs/docking6d_hold_B1.yaml'	True
src/configs/nncs_hard_suite/F16-GCAS/f16_gcas_fail_B1.yaml	/home/huan/projects/flowstar_gpu/benchmarks/F16-GCAS/configs/f16_gcas_fail_B1.yaml	/home/huan/projects/flowstar_gpu/benchmarks/F16-GCAS/configs/f16_gcas_fail_B1.yaml	False	INACCESSIBLE	PermissionError: [Errno 13] Permission denied: '/home/huan/projects/flowstar_gpu/benchmarks/F16-GCAS/configs/f16_gcas_fail_B1.yaml'	True
src/configs/nncs_hard_suite/F16-GCAS/f16_gcas_hold_B1.yaml	/home/huan/projects/flowstar_gpu/benchmarks/F16-GCAS/configs/f16_gcas_hold_B1.yaml	/home/huan/projects/flowstar_gpu/benchmarks/F16-GCAS/configs/f16_gcas_hold_B1.yaml	False	INACCESSIBLE	PermissionError: [Errno 13] Permission denied: '/home/huan/projects/flowstar_gpu/benchmarks/F16-GCAS/configs/f16_gcas_hold_B1.yaml'	True
src/configs/nncs_hard_suite/ToraRemain/toraremain_fail_B1.yaml	/home/huan/projects/flowstar_gpu/benchmarks/ToraRemain/configs/toraremain_fail_B1.yaml	/home/huan/projects/flowstar_gpu/benchmarks/ToraRemain/configs/toraremain_fail_B1.yaml	False	INACCESSIBLE	PermissionError: [Errno 13] Permission denied: '/home/huan/projects/flowstar_gpu/benchmarks/ToraRemain/configs/toraremain_fail_B1.yaml'	True
src/configs/nncs_hard_suite/ToraRemain/toraremain_fail_B256.yaml	/home/huan/projects/flowstar_gpu/benchmarks/ToraRemain/configs/toraremain_fail_B256.yaml	/home/huan/projects/flowstar_gpu/benchmarks/ToraRemain/configs/toraremain_fail_B256.yaml	False	INACCESSIBLE	PermissionError: [Errno 13] Permission denied: '/home/huan/projects/flowstar_gpu/benchmarks/ToraRemain/configs/toraremain_fail_B256.yaml'	True
src/configs/nncs_hard_suite/ToraRemain/toraremain_hold_B1.yaml	/home/huan/projects/flowstar_gpu/benchmarks/ToraRemain/configs/toraremain_hold_B1.yaml	/home/huan/projects/flowstar_gpu/benchmarks/ToraRemain/configs/toraremain_hold_B1.yaml	False	INACCESSIBLE	PermissionError: [Errno 13] Permission denied: '/home/huan/projects/flowstar_gpu/benchmarks/ToraRemain/configs/toraremain_hold_B1.yaml'	True
src/configs/nncs_hard_suite/ToraRemain/toraremain_hold_B256.yaml	/home/huan/projects/flowstar_gpu/benchmarks/ToraRemain/configs/toraremain_hold_B256.yaml	/home/huan/projects/flowstar_gpu/benchmarks/ToraRemain/configs/toraremain_hold_B256.yaml	False	INACCESSIBLE	PermissionError: [Errno 13] Permission denied: '/home/huan/projects/flowstar_gpu/benchmarks/ToraRemain/configs/toraremain_hold_B256.yaml'	True
src/configs/nncs_hard_suite/Vehicle-SingleTrack/vehicle_singletrack_fail_B1.yaml	/home/huan/projects/flowstar_gpu/benchmarks/Vehicle-SingleTrack/configs/vehicle_singletrack_fail_B1.yaml	/home/huan/projects/flowstar_gpu/benchmarks/Vehicle-SingleTrack/configs/vehicle_singletrack_fail_B1.yaml	False	INACCESSIBLE	PermissionError: [Errno 13] Permission denied: '/home/huan/projects/flowstar_gpu/benchmarks/Vehicle-SingleTrack/configs/vehicle_singletrack_fail_B1.yaml'	True
src/configs/nncs_hard_suite/Vehicle-SingleTrack/vehicle_singletrack_fail_B64.yaml	/home/huan/projects/flowstar_gpu/benchmarks/Vehicle-SingleTrack/configs/vehicle_singletrack_fail_B64.yaml	/home/huan/projects/flowstar_gpu/benchmarks/Vehicle-SingleTrack/configs/vehicle_singletrack_fail_B64.yaml	False	INACCESSIBLE	PermissionError: [Errno 13] Permission denied: '/home/huan/projects/flowstar_gpu/benchmarks/Vehicle-SingleTrack/configs/vehicle_singletrack_fail_B64.yaml'	True
src/configs/nncs_hard_suite/Vehicle-SingleTrack/vehicle_singletrack_hold_B1.yaml	/home/huan/projects/flowstar_gpu/benchmarks/Vehicle-SingleTrack/configs/vehicle_singletrack_hold_B1.yaml	/home/huan/projects/flowstar_gpu/benchmarks/Vehicle-SingleTrack/configs/vehicle_singletrack_hold_B1.yaml	False	INACCESSIBLE	PermissionError: [Errno 13] Permission denied: '/home/huan/projects/flowstar_gpu/benchmarks/Vehicle-SingleTrack/configs/vehicle_singletrack_hold_B1.yaml'	True
src/configs/nncs_hard_suite/Vehicle-SingleTrack/vehicle_singletrack_hold_B64.yaml	/home/huan/projects/flowstar_gpu/benchmarks/Vehicle-SingleTrack/configs/vehicle_singletrack_hold_B64.yaml	/home/huan/projects/flowstar_gpu/benchmarks/Vehicle-SingleTrack/configs/vehicle_singletrack_hold_B64.yaml	False	INACCESSIBLE	PermissionError: [Errno 13] Permission denied: '/home/huan/projects/flowstar_gpu/benchmarks/Vehicle-SingleTrack/configs/vehicle_singletrack_hold_B64.yaml'	True
