run_id,mode,order,candidate_order,output_order,truncation_range_split,validation_mode,reset_mode,flowstar_symbolic_queue_max_size,cutoff_threshold,target_remainder_radius,center_correction_width_factor,selective_high_degree_terms_top_k,selective_retained_terms_count,selective_dropped_terms_count,selective_nonretained_terms_count,selective_dropped_remainder_width_sum,selective_total_dropped_width_sum,segment_index,status,validation_attempts,t_lo,t_hi,h,x_lo,x_hi,y_lo,y_hi,width_x,width_y,width_sum,reset_box_source,reset_width_x,reset_width_y,reset_width_sum,flowstar_queue_size_before,flowstar_queue_size_after,flowstar_queue_reset,flowstar_propagated_remainder_width_sum,flowstar_total_remainder_width_sum,endpoint_box_width_sum,inserted_endpoint_width_sum,normalized_reset_width_sum,insertion_truncation_width,insertion_cutoff_width,composed_poly_range_width,output_remainder_width,scale_x,scale_y,center_x,center_y,tmv_right_degree,tmv_pre_degree,tmv_right_term_count,tmv_pre_term_count,terms_before_insertion_truncation,terms_after_insertion,step_rejections,next_h,message
flowstar_style_o6_candidate8_output6_cutoff,flowstar_style,6,8,6,,target_remainder,normalized_endpoint_box,,1e-10,0.0001,,,,,,,,0,validated,1,0,0.050000000000000003,0.050000000000000003,1.2152074582892709,1.5176150544840932,2.1485666581987743,2.3525636893406876,0.30240759619482227,0.20399703114191325,0.50640462733673552,normalized_endpoint_reset_box,0.30240759619482382,0.20399703114191592,0.50640462733673974,,,,,,,,,,,,,,,,,,,,,,,1,0.075000000000000011,
flowstar_style_o6_candidate8_output6_cutoff,flowstar_style,6,8,6,,target_remainder,normalized_endpoint_box,,1e-10,0.0001,,,,,,,,1,validated,1,0.050000000000000003,0.125,0.075000000000000011,1.3692063357700957,1.6807302364750356,1.7943747083219947,2.1409499366540383,0.31152390070493996,0.34657522833204357,0.65809912903698353,normalized_endpoint_reset_box,0.31152390070494151,0.34657522833204557,0.65809912903698708,,,,,,,,,,,,,,,,,,,,,,,0,0.10000000000000001,
flowstar_style_o6_candidate8_output6_cutoff,flowstar_style,6,8,6,,target_remainder,normalized_endpoint_box,,1e-10,0.0001,,,,,,,,2,validated,1,0.125,0.17499999999999999,0.050000000000000003,1.4550816558058985,1.7809346484860209,1.5355200430230933,1.9672614556947605,0.32585299268012236,0.43174141267166721,0.75759440535178957,normalized_endpoint_reset_box,0.32585299268012369,0.43174141267166855,0.75759440535179223,,,,,,,,,,,,,,,,,,,,,,,1,0.075000000000000011,
flowstar_style_o6_candidate8_output6_cutoff,flowstar_style,6,8,6,,target_remainder,normalized_endpoint_box,,1e-10,0.0001,,,,,,,,3,validated,1,0.17499999999999999,0.25,0.075000000000000011,1.5610151319846115,1.9121506042266698,1.1440015328937223,1.6745937126549095,0.35113547224205832,0.53059217976118722,0.88172765200324554,normalized_endpoint_reset_box,0.35113547224205988,0.530592179761189,0.88172765200324887,,,,,,,,,,,,,,,,,,,,,,,0,0.10000000000000001,
flowstar_style_o6_candidate8_output6_cutoff,flowstar_style,6,8,6,,target_remainder,normalized_endpoint_box,,1e-10,0.0001,,,,,,,,4,validated,1,0.25,0.29999999999999999,0.050000000000000003,1.6141843495233801,1.9884964722262473,0.89051752062578282,1.4737543353101896,0.37431212270286718,0.5832368146844068,0.95754893738727398,normalized_endpoint_reset_box,0.37431212270286851,0.58323681468440802,0.95754893738727653,,,,,,,,,,,,,,,,,,,,,,,1,0.075000000000000011,
flowstar_style_o6_candidate8_output6_cutoff,flowstar_style,6,8,6,,target_remainder,normalized_endpoint_box,,1e-10,0.0001,,,,,,,,5,validated,1,0.29999999999999999,0.375,0.075000000000000011,1.6724998160771463,2.0830158552387865,0.54618009264389744,1.1757136900186158,0.41051603916164026,0.62953359737471837,1.0400496365363585,normalized_endpoint_reset_box,0.41051603916164203,0.62953359737471959,1.0400496365363616,,,,,,,,,,,,,,,,,,,,,,,0,0.10000000000000001,
flowstar_style_o6_candidate8_output6_cutoff,flowstar_style,6,8,6,,target_remainder,normalized_endpoint_box,,1e-10,0.0001,,,,,,,,6,validated,1,0.375,0.42499999999999999,0.050000000000000003,1.6965312259194021,2.1352000876297299,0.34222961505924759,0.99064446739556478,0.43866886171032782,0.64841485233631713,1.0870837140466449,normalized_endpoint_reset_box,0.43866886171032982,0.6484148523363179,1.0870837140466478,,,,,,,,,,,,,,,,,,,,,,,1,0.075000000000000011,
flowstar_style_o6_candidate8_output6_cutoff,flowstar_style,6,8,6,,target_remainder,normalized_endpoint_box,,1e-10,0.0001,,,,,,,,7,validated,1,0.42499999999999999,0.5,0.075000000000000011,1.715818388510117,2.1961093407287127,0.085705144712730261,0.73489398229015379,0.48029095221859563,0.64918883757742352,1.1294797897960192,normalized_endpoint_reset_box,0.48029095221859763,0.64918883757742407,1.1294797897960218,,,,,,,,,,,,,,,,,,,,,,,0,0.10000000000000001,
flowstar_style_o6_candidate8_output6_cutoff,flowstar_style,6,8,6,,target_remainder,normalized_endpoint_box,,1e-10,0.0001,,,,,,,,8,validated,1,0.5,0.55000000000000004,0.050000000000000003,1.7177845185498377,2.2276828861733935,-0.056875062195617228,0.58433726787059292,0.50989836762355578,0.64121233006621015,1.151110697689766,normalized_endpoint_reset_box,0.509898367623558,0.64121233006621081,1.1511106976897687,,,,,,,,,,,,,,,,,,,,,,,1,0.075000000000000011,
flowstar_style_o6_candidate8_output6_cutoff,flowstar_style,6,8,6,,target_remainder,normalized_endpoint_box,,1e-10,0.0001,,,,,,,,9,validated,1,0.55000000000000004,0.625,0.075000000000000011,1.7091385307567497,2.2614824314361797,-0.2271560764622185,0.3836983481947927,0.55234390067942996,0.61085442465701123,1.1631983253364413,normalized_endpoint_reset_box,0.55234390067943218,0.61085442465701167,1.163198325336444,,,,,,,,,,,,,,,,,,,,,,,0,0.10000000000000001,
flowstar_style_o6_candidate8_output6_cutoff,flowstar_style,6,8,6,,target_remainder,normalized_endpoint_box,,1e-10,0.0001,,,,,,,,10,validated,1,0.625,0.67500000000000004,0.050000000000000003,1.6961898471167924,2.2769755170694022,-0.31766119038849289,0.26800281897597306,0.58078566995260972,0.58566400936446594,1.1664496793170755,normalized_endpoint_reset_box,0.58078566995261172,0.58566400936446639,1.1664496793170782,,,,,,,,,,,,,,,,,,,,,,,1,0.075000000000000011,
flowstar_style_o6_candidate8_output6_cutoff,flowstar_style,6,8,6,,target_remainder,normalized_endpoint_box,,1e-10,0.0001,,,,,,,,11,validated,1,0.67500000000000004,0.75,0.075000000000000011,1.6692850215229478,2.2901613214764835,-0.42205713886505181,0.11548933483937547,0.62087629995353577,0.53754647370442732,1.1584227736579631,normalized_endpoint_reset_box,0.62087629995353799,0.53754647370442776,1.1584227736579658,,,,,,,,,,,,,,,,,,,,,,,0,0.10000000000000001,
flowstar_style_o6_candidate8_output6_cutoff,flowstar_style,6,8,6,,target_remainder,normalized_endpoint_box,,1e-10,0.0001,,,,,,,,12,validated,1,0.75,0.80000000000000004,0.050000000000000003,1.6469917985049558,2.2934947215402741,-0.47583988029446239,0.027481174595654471,0.64650292303531831,0.50332105489011691,1.1498239779254353,normalized_endpoint_reset_box,0.64650292303532053,0.50332105489011736,1.149823977925438,,,,,,,,,,,,,,,,,,,,,,,1,0.075000000000000011,
flowstar_style_o6_candidate8_output6_cutoff,flowstar_style,6,8,6,,target_remainder,normalized_endpoint_box,,1e-10,0.0001,,,,,,,,13,validated,1,0.80000000000000004,0.875,0.075000000000000011,1.6088660901275138,2.2911083199141609,-0.53917298166628569,-0.086590451136478952,0.68224222978664706,0.45258253052980674,1.1348247603164539,normalized_endpoint_reset_box,0.68224222978664928,0.45258253052980724,1.1348247603164565,,,,,,,,,,,,,,,,,,,,,,,0,0.10000000000000001,
flowstar_style_o6_candidate8_output6_cutoff,flowstar_style,6,8,6,,target_remainder,normalized_endpoint_box,,1e-10,0.0001,,,,,,,,14,validated,1,0.875,0.92500000000000004,0.050000000000000003,1.5808831015124676,2.2852770467864194,-0.57936835496001959,-0.14531658745597437,0.70439394527395183,0.43405176750404523,1.138445712777997,normalized_endpoint_reset_box,0.70439394527395405,0.43405176750404573,1.1384457127779997,,,,,,,,,,,,,,,,,,,,,,,1,0.075000000000000011,
flowstar_style_o6_candidate8_output6_cutoff,flowstar_style,6,8,6,,target_remainder,normalized_endpoint_box,,1e-10,0.0001,,,,,,,,15,validated,1,0.92500000000000004,1,0.075000000000000011,1.5352388043881589,2.2716937174495486,-0.63650360392332639,-0.21459158347321636,0.73645491306138977,0.42191202045011,1.1583669335114997,normalized_endpoint_reset_box,0.73645491306139199,0.4219120204501105,1.1583669335115026,,,,,,,,,,,,,,,,,,,,,,,0,0.10000000000000001,
flowstar_style_o6_candidate8_output6_cutoff,flowstar_style,6,8,6,,target_remainder,normalized_endpoint_box,,1e-10,0.0001,,,,,,,,16,validated,1,1,1.05,0.050000000000000003,1.5024517774987154,2.2600908140827758,-0.67432780187875363,-0.24902214378298015,0.7576390365840604,0.42530565809577348,1.1829446946798339,normalized_endpoint_reset_box,0.75763903658406262,0.42530565809577398,1.1829446946798365,,,,,,,,,,,,,,,,,,,,,,,1,0.075000000000000011,
flowstar_style_o6_candidate8_output6_cutoff,flowstar_style,6,8,6,,target_remainder,normalized_endpoint_box,,1e-10,0.0001,,,,,,,,17,validated,1,1.05,1.0875000000000001,0.037500000000000006,1.4766214382312519,2.2503643417806667,-0.70285658284393238,-0.26966318112266729,0.77374290354941477,0.43319340172126508,1.2069363052706799,normalized_endpoint_reset_box,0.77374290354941699,0.43319340172126564,1.2069363052706827,,,,,,,,,,,,,,,,,,,,,,,1,0.056250000000000008,
flowstar_style_o6_candidate8_output6_cutoff,flowstar_style,6,8,6,,target_remainder,normalized_endpoint_box,,1e-10,0.0001,,,,,,,,18,validated,1,1.0875000000000001,1.14375,0.056250000000000008,1.4358713665161382,2.2344825682404066,-0.74535369210744629,-0.29488083664603176,0.79861120172426836,0.45047285546141452,1.2490840571856829,normalized_endpoint_reset_box,0.79861120172427014,0.45047285546141513,1.2490840571856854,,,,,,,,,,,,,,,,,,,,,,,0,0.084375000000000006,
flowstar_style_o6_candidate8_output6_cutoff,flowstar_style,6,8,6,,target_remainder,normalized_endpoint_box,,1e-10,0.0001,,,,,,,,19,validated,1,1.14375,1.1859375000000001,0.042187500000000003,1.4037243319422252,2.2217571475300435,-0.77820019117506456,-0.30856021790256621,0.81803281558781826,0.46963997327249835,1.2876727888603166,normalized_endpoint_reset_box,0.81803281558782048,0.46963997327249907,1.2876727888603194,,,,,,,,,,,,,,,,,,,,,,,1,0.063281250000000011,
flowstar_style_o6_candidate8_output6_cutoff,flowstar_style,6,8,6,,target_remainder,normalized_endpoint_box,,1e-10,0.0001,,,,,,,,20,validated,1,1.1859375000000001,1.24921875,0.063281250000000011,1.3528747978342901,2.2017573202425305,-0.82819003620880827,-0.32387783098342898,0.84888252240824036,0.50431220522537923,1.3531947276336196,normalized_endpoint_reset_box,0.84888252240824258,0.50431220522538001,1.3531947276336225,,,,,,,,,,,,,,,,,,,,,,,0,0.094921875000000017,
flowstar_style_o6_candidate8_output6_cutoff,flowstar_style,6,8,6,,target_remainder,normalized_endpoint_box,,1e-10,0.0001,,,,,,,,21,validated,1,1.24921875,1.2966796875,0.047460937500000008,1.3126111676240568,2.1862581431710959,-0.86804413418555404,-0.32971531043913521,0.87364697554703907,0.53832882374641877,1.4119757992934578,normalized_endpoint_reset_box,0.87364697554704129,0.53832882374641955,1.4119757992934607,,,,,,,,,,,,,,,,,,,,,,,1,0.071191406250000006,
flowstar_style_o6_candidate8_output6_cutoff,flowstar_style,6,8,6,,target_remainder,normalized_endpoint_box,,1e-10,0.0001,,,,,,,,22,validated,1,1.2966796875,1.332275390625,0.035595703125000003,1.2811441629972333,2.1745069407556925,-0.89963388852560777,-0.33095631692849853,0.89336277775845918,0.5686775715971093,1.4620403493555685,normalized_endpoint_reset_box,0.8933627777584614,0.56867757159711008,1.4620403493555716,,,,,,,,,,,,,,,,,,,,,,,1,0.053393554687500004,
flowstar_style_o6_candidate8_output6_cutoff,flowstar_style,6,8,6,,target_remainder,normalized_endpoint_box,,1e-10,0.0001,,,,,,,,23,validated,1,1.332275390625,1.3856689453125,0.053393554687500004,1.2317842835526884,2.1568784227412756,-0.94877910624343531,-0.33012822674966019,0.92509413918858718,0.61865087949377506,1.5437450186823622,normalized_endpoint_reset_box,0.92509413918858896,0.61865087949377584,1.5437450186823649,,,,,,,,,,,,,,,,,,,,,,,0,0.080090332031250003,
flowstar_style_o6_candidate8_output6_cutoff,flowstar_style,6,8,6,,target_remainder,normalized_endpoint_box,,1e-10,0.0001,,,,,,,,24,validated,1,1.3856689453125,1.4257141113281249,0.040045166015625001,1.1929846973192162,2.1437648296197276,-0.98865530842637828,-0.3254137041834308,0.95078013230051139,0.66324160424294742,1.6140217365434588,normalized_endpoint_reset_box,0.95078013230051361,0.6632416042429482,1.6140217365434619,,,,,,,,,,,,,,,,,,,,,,,1,0.060067749023437506,
flowstar_style_o6_candidate8_output6_cutoff,flowstar_style,6,8,6,,target_remainder,normalized_endpoint_box,,1e-10,0.0001,,,,,,,,25,validated,1,1.4257141113281249,1.4857818603515625,0.060067749023437506,1.1316815076221265,2.1245681957868978,-1.0519911455400182,-0.31492465282342386,0.99288668816477132,0.7370664927165943,1.7299531808813655,normalized_endpoint_reset_box,0.99288668816477355,0.7370664927165953,1.7299531808813688,,,,,,,,,,,,,,,,,,,,,,,0,0.090101623535156258,
flowstar_style_o6_candidate8_output6_cutoff,flowstar_style,6,8,6,,target_remainder,normalized_endpoint_box,,1e-10,0.0001,,,,,,,,26,validated,1,1.4857818603515625,1.5308326721191405,0.045050811767578129,1.0830895883283036,2.110711752801703,-1.1048654760484693,-0.30108650180837276,1.0276221644733994,0.80377897424009648,1.8314011387134959,normalized_endpoint_reset_box,1.0276221644734016,0.80377897424009748,1.831401138713499,,,,,,,,,,,,,,,,,,,,,,,1,0.06757621765136719,
flowstar_style_o6_candidate8_output6_cutoff,flowstar_style,6,8,6,,target_remainder,normalized_endpoint_box,,1e-10,0.0001,,,,,,,,27,validated,1,1.5308326721191405,1.564620780944824,0.033788108825683595,1.0450224755399955,2.1007891629514632,-1.1481486824582086,-0.2868740912936078,1.0557666874114677,0.8612745911646007,1.9170412785760684,normalized_endpoint_reset_box,1.0557666874114697,0.8612745911646017,1.9170412785760713,,,,,,,,,,,,,,,,,,,,,,,1,0.050682163238525396,
flowstar_style_o6_candidate8_output6_cutoff,flowstar_style,6,8,6,,target_remainder,normalized_endpoint_box,,1e-10,0.0001,,,,,,,,28,validated,1,1.564620780944824,1.6153029441833495,0.050682163238525396,0.98506522943996677,2.0869045526377694,-1.2175520694084661,-0.26219565881600626,1.1018393231978028,0.95535641059245979,2.0571957337902624,normalized_endpoint_reset_box,1.1018393231978048,0.95535641059246079,2.0571957337902655,,,,,,,,,,,,,,,,,,,,,,,0,0.076023244857788094,
flowstar_style_o6_candidate8_output6_cutoff,flowstar_style,6,8,6,,target_remainder,normalized_endpoint_box,,1e-10,0.0001,,,,,,,,29,validated,1,1.6153029441833495,1.6533145666122435,0.038011622428894047,0.93767403315026987,2.0774217345874648,-1.2757233389039233,-0.23755189013862937,1.1397477014371948,1.038171448765294,2.1779191502024888,normalized_endpoint_reset_box,1.1397477014371968,1.0381714487652953,2.1779191502024924,,,,,,,,,,,,,,,,,,,,,,,1,0.057017433643341067,
flowstar_style_o6_candidate8_output6_cutoff,flowstar_style,6,8,6,,target_remainder,normalized_endpoint_box,,1e-10,0.0001,,,,,,,,30,validated,1,1.6533145666122435,1.681823283433914,0.028508716821670534,0.90062232857260882,2.0709785327860692,-1.3234004912243462,-0.21502753487870155,1.1703562042134603,1.1083729563456446,2.2787291605591049,normalized_endpoint_reset_box,1.1703562042134623,1.1083729563456457,2.278729160559108,,,,,,,,,,,,,,,,,,,,,,,1,0.042763075232505804,
flowstar_style_o6_candidate8_output6_cutoff,flowstar_style,6,8,6,,target_remainder,normalized_endpoint_box,,1e-10,0.0001,,,,,,,,31,validated,1,1.681823283433914,1.7245863586664198,0.042763075232505804,0.84238619975267204,2.0626109470845839,-1.4001069108871267,-0.17733491435590776,1.2202247473319119,1.2227719965312189,2.442996743863131,normalized_endpoint_reset_box,1.2202247473319139,1.2227719965312203,2.4429967438631341,,,,,,,,,,,,,,,,,,,,,,,0,0.064144612848758706,
flowstar_style_o6_candidate8_output6_cutoff,flowstar_style,6,8,6,,target_remainder,normalized_endpoint_box,,1e-10,0.0001,,,,,,,,32,validated,1,1.7245863586664198,1.7566586650907992,0.032072306424379353,0.79645000336699312,2.0574938677167194,-1.4642954693963468,-0.14245186183011721,1.2610438643497264,1.3218436075662297,2.582887471915956,normalized_endpoint_reset_box,1.2610438643497284,1.3218436075662308,2.5828874719159591,,,,,,,,,,,,,,,,,,,,,,,1,0.048108459636569026,
flowstar_style_o6_candidate8_output6_cutoff,flowstar_style,6,8,6,,target_remainder,normalized_endpoint_box,,1e-10,0.0001,,,,,,,,33,validated,1,1.7566586650907992,1.7807128949090836,0.024054229818284513,0.76059447807371316,2.0544402353386788,-1.5167890258951715,-0.11192829602812256,1.2938457572649655,1.404860729867049,2.6987064871320143,normalized_endpoint_reset_box,1.2938457572649675,1.4048607298670504,2.6987064871320179,,,,,,,,,,,,,,,,,,,,,,,1,0.036081344727426773,
flowstar_style_o6_candidate8_output6_cutoff,flowstar_style,6,8,6,,target_remainder,normalized_endpoint_box,,1e-10,0.0001,,,,,,,,34,validated,1,1.7807128949090836,1.8167942396365104,0.036081344727426773,0.70434225448928278,2.051325445178807,-1.6012699031046254,-0.061552545701346648,1.3469831906895242,1.5397173574032788,2.886700548092803,normalized_endpoint_reset_box,1.3469831906895262,1.5397173574032799,2.8867005480928061,,,,,,,,,,,,,,,,,,,,,,,0,0.054122017091140159,
flowstar_style_o6_candidate8_output6_cutoff,flowstar_style,6,8,6,,target_remainder,normalized_endpoint_box,,1e-10,0.0001,,,,,,,,35,validated,1,1.8167942396365104,1.8438552481820805,0.02706100854557008,0.66005706633234373,2.0502747809577704,-1.671670051579802,-0.016659379476964737,1.3902177146254266,1.6550106721028373,3.0452283867282639,normalized_endpoint_reset_box,1.3902177146254286,1.6550106721028386,3.045228386728267,,,,,,,,,,,,,,,,,,,,,,,1,0.040591512818355116,
flowstar_style_o6_candidate8_output6_cutoff,flowstar_style,6,8,6,,target_remainder,normalized_endpoint_box,,1e-10,0.0001,,,,,,,,36,validated,1,1.8438552481820805,1.8641510045912579,0.020295756409177558,0.62554635303911221,2.0503296467102303,-1.7290261444985051,0.021665196586491395,1.4247832936711182,1.7506913410849965,3.1754746347561147,normalized_endpoint_reset_box,1.4247832936711202,1.7506913410849976,3.1754746347561178,,,,,,,,,,,,,,,,,,,,,,,1,0.030443634613766337,
flowstar_style_o6_candidate8_output6_cutoff,flowstar_style,6,8,6,,target_remainder,normalized_endpoint_box,,1e-10,0.0001,,,,,,,,37,validated,1,1.8641510045912579,1.8945946392050244,0.030443634613766337,0.57150697641309645,2.0519533528957679,-1.8212064229608034,0.084374995009841414,1.4804463764826714,1.9055814179706447,3.3860277944533159,normalized_endpoint_reset_box,1.4804463764826734,1.9055814179706461,3.3860277944533195,,,,,,,,,,,,,,,,,,,,,,,0,0.045665451920649504,
flowstar_style_o6_candidate8_output6_cutoff,flowstar_style,6,8,6,,target_remainder,normalized_endpoint_box,,1e-10,0.0001,,,,,,,,38,validated,1,1.8945946392050244,1.9174273651653491,0.022832725960324752,0.52905196936519061,2.0545073263101554,-1.8976093204232733,0.13890501819348622,1.5254553569449647,2.0365143386167595,3.5619696955617242,normalized_endpoint_reset_box,1.5254553569449667,2.0365143386167608,3.5619696955617277,,,,,,,,,,,,,,,,,,,,,,,1,0.03424908894048713,
flowstar_style_o6_candidate8_output6_cutoff,flowstar_style,6,8,6,,target_remainder,normalized_endpoint_box,,1e-10,0.0001,,,,,,,,39,validated,1,1.9174273651653491,1.9345519096355925,0.017124544470243565,0.49602540716714838,2.0572805299972279,-1.9595728917019415,0.18466087233208636,1.5612551228300795,2.1442337640340279,3.7054888868641074,normalized_endpoint_reset_box,1.5612551228300813,2.1442337640340297,3.7054888868641109,,,,,,,,,,,,,,,,,,,,,,,1,0.025686816705365347,
flowstar_style_o6_candidate8_output6_cutoff,flowstar_style,6,8,6,,target_remainder,normalized_endpoint_box,,1e-10,0.0001,,,,,,,,40,validated,1,1.9345519096355925,1.960238726340958,0.025686816705365347,0.4444170095951534,2.0629844220680669,-2.0589222258248423,0.2590081437570006,1.6185674124729135,2.317930369581843,3.9364977820547562,normalized_endpoint_reset_box,1.6185674124729152,2.3179303695818447,3.9364977820547598,,,,,,,,,,,,,,,,,,,,,,,0,0.038530225058048019,
flowstar_style_o6_candidate8_output6_cutoff,flowstar_style,6,8,6,,target_remainder,normalized_endpoint_box,,1e-10,0.0001,,,,,,,,41,validated,1,1.960238726340958,1.9795038388699819,0.01926511252902401,0.40396414549115567,2.0685886349541813,-2.1407731745288792,0.32247790848399827,1.6646244894630255,2.4632510830128775,4.1278755724759026,normalized_endpoint_reset_box,1.6646244894630273,2.4632510830128798,4.1278755724759071,,,,,,,,,,,,,,,,,,,,,,,1,0.028897668793536016,
flowstar_style_o6_candidate8_output6_cutoff,flowstar_style,6,8,6,,target_remainder,normalized_endpoint_box,,1e-10,0.0001,,,,,,,,42,validated,1,1.9795038388699819,1.9939526732667499,0.014448834396768008,0.37255528496317997,2.0736294628389413,-2.2068272495771621,0.37502247820997764,1.7010741778757614,2.5818497277871399,4.2829239056629014,normalized_endpoint_reset_box,1.7010741778757632,2.5818497277871422,4.2829239056629049,,,,,,,,,,,,,,,,,,,,,,,1,0.021673251595152012,
flowstar_style_o6_candidate8_output6_cutoff,flowstar_style,6,8,6,,target_remainder,normalized_endpoint_box,,1e-10,0.0001,,,,,,,,43,validated,1,1.9939526732667499,2.0156259248619017,0.021673251595152012,0.32358528063216657,2.0826797092555593,-2.3124143819852798,0.45985727218428102,1.7590944286233927,2.7722716541695607,4.5313660827929532,normalized_endpoint_reset_box,1.7590944286233947,2.7722716541695629,4.5313660827929576,,,,,,,,,,,,,,,,,,,,,,,0,0.032509877392728016,
flowstar_style_o6_candidate8_output6_cutoff,flowstar_style,6,8,6,,target_remainder,normalized_endpoint_box,,1e-10,0.0001,,,,,,,,44,validated,1,2.0156259248619017,2.0318808635582659,0.016254938696364008,0.28529580930295523,2.0907362314637283,-2.3988547102949194,0.53120311244060781,1.8054404221607732,2.9300578227355274,4.7354982448963003,normalized_endpoint_reset_box,1.8054404221607749,2.9300578227355292,4.7354982448963039,,,,,,,,,,,,,,,,,,,,,,,1,0.024382408044546014,
flowstar_style_o6_candidate8_output6_cutoff,flowstar_style,6,8,6,,target_remainder,normalized_endpoint_box,,1e-10,0.0001,,,,,,,,45,validated,1,2.0318808635582659,2.0562632716028117,0.024382408044546014,0.22510617407106975,2.1051149261494144,-2.5389909673729649,0.6480978599694377,1.8800087520783446,3.1870888273424027,5.0670975794207473,normalized_endpoint_reset_box,1.8800087520783464,3.187088827342405,5.0670975794207518,,,,,,,,,,,,,,,,,,,,,,,0,0.036573612066819021,
flowstar_style_o6_candidate8_output6_cutoff,flowstar_style,6,8,6,,target_remainder,normalized_endpoint_box,,1e-10,0.0001,,,,,,,,46,validated,1,2.0562632716028117,2.0745500776362213,0.01828680603340951,0.17761169215448838,2.1178839710751061,-2.6558505243802788,0.74834226241878976,1.9402722789206177,3.4041927867990687,5.3444650657196862,normalized_endpoint_reset_box,1.9402722789206195,3.4041927867990709,5.3444650657196906,,,,,,,,,,,,,,,,,,,,,,,1,0.027430209050114264,
flowstar_style_o6_candidate8_output6_cutoff,flowstar_style,6,8,6,,target_remainder,normalized_endpoint_box,,1e-10,0.0001,,,,,,,,47,validated,1,2.0745500776362213,2.0882651821612783,0.013715104525057132,0.14053494854171653,2.1287198138818817,-2.7510856200036655,0.83169325639554958,1.9881848653401653,3.5827788763992152,5.57096374173938,normalized_endpoint_reset_box,1.988184865340167,3.5827788763992174,5.5709637417393845,,,,,,,,,,,,,,,,,,,,,,,1,0.0205726567875857,
flowstar_style_o6_candidate8_output6_cutoff,flowstar_style,6,8,6,,target_remainder,normalized_endpoint_box,,1e-10,0.0001,,,,,,,,48,validated,1,2.0882651821612783,2.108837838948864,0.0205726567875857,0.082363104334189266,2.1472253255843925,-2.9050821574436165,0.96748628065436071,2.0648622212502032,3.8725684380979772,5.9374306593481805,normalized_endpoint_reset_box,2.0648622212502055,3.8725684380979795,5.9374306593481849,,,,,,,,,,,,,,,,,,,,,,,0,0.03085898518137855,
flowstar_style_o6_candidate8_output6_cutoff,flowstar_style,6,8,6,,target_remainder,normalized_endpoint_box,,1e-10,0.0001,,,,,,,,49,validated,1,2.108837838948864,2.1242673315395533,0.015429492590689275,0.036558562693602574,2.1630394493629477,-3.0327551907479244,1.0824488045034875,2.126480886669345,4.1152039952514121,6.2416848819207571,normalized_endpoint_reset_box,2.1264808866693472,4.1152039952514157,6.2416848819207633,,,,,,,,,,,,,,,,,,,,,,,1,0.02314423888603391,
flowstar_style_o6_candidate8_output6_cutoff,flowstar_style,6,8,6,,target_remainder,normalized_endpoint_box,,1e-10,0.0001,,,,,,,,50,validated,1,2.1242673315395533,2.1358394509825702,0.011572119443016955,0.00086577001814117788,2.1761133554222853,-3.1363085850603234,1.1771090430983884,2.175247585404144,4.313417628158712,6.4886652135628555,normalized_endpoint_reset_box,2.1752475854041466,4.3134176281587155,6.4886652135628626,,,,,,,,,,,,,,,,,,,,,,,1,0.017358179164525433,
flowstar_style_o6_candidate8_output6_cutoff,flowstar_style,6,8,6,,target_remainder,normalized_endpoint_box,,1e-10,0.0001,,,,,,,,51,validated,1,2.1358394509825702,2.1531976301470959,0.017358179164525433,-0.055014236186774278,2.1978736651071751,-3.3032389106333118,1.330484473114629,2.2528879012939496,4.6337233837479408,6.8866112850418908,normalized_endpoint_reset_box,2.2528879012939522,4.6337233837479435,6.8866112850418961,,,,,,,,,,,,,,,,,,,,,,,0,0.026037268746788148,
flowstar_style_o6_candidate8_output6_cutoff,flowstar_style,6,8,6,,target_remainder,normalized_endpoint_box,,1e-10,0.0001,,,,,,,,52,validated,1,2.1531976301470959,2.1662162645204899,0.013018634373394074,-0.098908956141750659,2.2160290327412717,-3.4407978069328329,1.4588767670514127,2.3149379888830222,4.899674573984246,7.2146125628672682,normalized_endpoint_reset_box,2.3149379888830248,4.8996745739842495,7.2146125628672744,,,,,,,,,,,,,,,,,,,,,,,1,0.019527951560091111,
flowstar_style_o6_candidate8_output6_cutoff,flowstar_style,6,8,6,,target_remainder,normalized_endpoint_box,,1e-10,0.0001,,,,,,,,53,validated,1,2.1662162645204899,2.1759802403005355,0.0097639757800455553,-0.13304504201191611,2.2307846842340653,-3.5518197693901392,1.5636834404245052,2.3638297262459815,5.1155032098146442,7.4793329360606258,normalized_endpoint_reset_box,2.3638297262459838,5.1155032098146478,7.4793329360606311,,,,,,,,,,,,,,,,,,,,,,,1,0.014645963670068332,
flowstar_style_o6_candidate8_output6_cutoff,flowstar_style,6,8,6,,target_remainder,normalized_endpoint_box,,1e-10,0.0001,,,,,,,,54,validated,1,2.1759802403005355,2.1906262039706039,0.014645963670068332,-0.18636188965159953,2.2549189496096043,-3.7301554837149271,1.7325890639554744,2.441280839261204,5.4627445476704013,7.9040253869316057,normalized_endpoint_reset_box,2.4412808392612066,5.4627445476704048,7.9040253869316111,,,,,,,,,,,,,,,,,,,,,,,0,0.021968945505102498,
flowstar_style_o6_candidate8_output6_cutoff,flowstar_style,6,8,6,,target_remainder,normalized_endpoint_box,,1e-10,0.0001,,,,,,,,55,validated,1,2.1906262039706039,2.2016106767231554,0.010984472752551249,-0.22813367538861601,2.2747173510378409,-3.87619425077636,1.8725527008571348,2.5028510264264567,5.7487469516334944,8.2515979780599515,normalized_endpoint_reset_box,2.502851026426459,5.7487469516334979,8.2515979780599569,,,,,,,,,,,,,,,,,,,,,,,1,0.016476709128826872,
flowstar_style_o6_candidate8_output6_cutoff,flowstar_style,6,8,6,,target_remainder,normalized_endpoint_box,,1e-10,0.0001,,,,,,,,56,validated,1,2.2016106767231554,2.2098490312875687,0.0082383545644134359,-0.26054851598256951,2.2906103827517295,-3.993463305254382,1.9859097364889731,2.551158898734299,5.9793730417433553,8.5305319404776547,normalized_endpoint_reset_box,2.5511588987343012,5.9793730417433588,8.5305319404776601,,,,,,,,,,,,,,,,,,,,,,,1,0.012357531846620154,
flowstar_style_o6_candidate8_output6_cutoff,flowstar_style,6,8,6,,target_remainder,normalized_endpoint_box,,1e-10,0.0001,,,,,,,,57,validated,1,2.2098490312875687,2.222206563134189,0.012357531846620154,-0.31104911708133837,2.3162695760907099,-4.1810924721738978,2.1676285565346225,2.6273186931720485,6.3487210287085203,8.9760397218805679,normalized_endpoint_reset_box,2.6273186931720507,6.3487210287085247,8.976039721880575,,,,,,,,,,,,,,,,,,,,,,,0,0.018536297769930231,
flowstar_style_o6_candidate8_output6_cutoff,flowstar_style,6,8,6,,target_remainder,normalized_endpoint_box,,1e-10,0.0001,,,,,,,,58,validated,1,2.222206563134189,2.2314747120191543,0.0092681488849651154,-0.35050393190985862,2.3370488198592718,-4.3337587900154091,2.316811393324135,2.6875527517691307,6.6505701833395445,9.3381229351086752,normalized_endpoint_reset_box,2.6875527517691324,6.6505701833395499,9.3381229351086823,,,,,,,,,,,,,,,,,,,,,,,1,0.013902223327447673,
flowstar_style_o6_candidate8_output6_cutoff,flowstar_style,6,8,6,,target_remainder,normalized_endpoint_box,,1e-10,0.0001,,,,,,,,59,validated,1,2.2314747120191543,2.2384258236828782,0.0069511116637238366,-0.38105077279009791,2.3535694112991563,-4.4557182200131829,2.4367611270884231,2.7346201840892541,6.8924793471016059,9.6270995311908596,normalized_endpoint_reset_box,2.7346201840892563,6.8924793471016104,9.6270995311908667,,,,,,,,,,,,,,,,,,,,,,,1,0.010426667495585755,
flowstar_style_o6_candidate8_output6_cutoff,flowstar_style,6,8,6,,target_remainder,normalized_endpoint_box,,1e-10,0.0001,,,,,,,,60,validated,1,2.2384258236828782,2.248852491178464,0.010426667495585755,-0.42851506484583446,2.3799695837612007,-4.6500228488487076,2.6280427009882987,2.8084846486070352,7.2780655498370059,10.086550198444041,normalized_endpoint_reset_box,2.8084846486070374,7.2780655498370113,10.086550198444048,,,,,,,,,,,,,,,,,,,,,,,0,0.015640001243378634,
flowstar_style_o6_candidate8_output6_cutoff,flowstar_style,6,8,6,,target_remainder,normalized_endpoint_box,,1e-10,0.0001,,,,,,,,61,validated,1,2.248852491178464,2.2566724918001535,0.0078200006216893169,-0.465489314613591,2.4011277153751456,-4.8070982139304297,2.7837203863056836,2.8666170299887366,7.5908186002361138,10.45743563022485,normalized_endpoint_reset_box,2.8666170299887384,7.5908186002361182,10.457435630224857,,,,,,,,,,,,,,,,,,,,,,,1,0.011730000932533974,
flowstar_style_o6_candidate8_output6_cutoff,flowstar_style,6,8,6,,target_remainder,normalized_endpoint_box,,1e-10,0.0001,,,,,,,,62,validated,1,2.2566724918001535,2.2625374922664205,0.0058650004662669872,-0.49404778085924111,2.4178181577139815,-4.931930167996696,2.9080487236276995,2.9118659385732224,7.839978891624396,10.751844830197619,normalized_endpoint_reset_box,2.9118659385732246,7.8399788916244004,10.751844830197625,,,,,,,,,,,,,,,,,,,,,,,1,0.0087975006994004817,
flowstar_style_o6_candidate8_output6_cutoff,flowstar_style,6,8,6,,target_remainder,normalized_endpoint_box,,1e-10,0.0001,,,,,,,,63,validated,1,2.2625374922664205,2.2713349929658211,0.0087975006994004817,-0.53830156724282052,2.444265494013421,-5.1299224644252188,3.1052907855557979,2.9825670612562414,8.2352132499810171,11.217780311237259,normalized_endpoint_reset_box,2.9825670612562436,8.2352132499810224,11.217780311237266,,,,,,,,,,,,,,,,,,,,,,,0,0.013196251049100723,
flowstar_style_o6_candidate8_output6_cutoff,flowstar_style,6,8,6,,target_remainder,normalized_endpoint_box,,1e-10,0.0001,,,,,,,,64,validated,1,2.2713349929658211,2.2779331184903713,0.0065981255245503613,-0.57267154532011877,2.4652782938142415,-5.2889461143405754,3.2645235125652534,3.0379498391343605,8.5534696269058283,11.59141946604019,normalized_endpoint_reset_box,3.0379498391343622,8.5534696269058355,11.591419466040197,,,,,,,,,,,,,,,,,,,,,,,1,0.009897188286825542,
flowstar_style_o6_candidate8_output6_cutoff,flowstar_style,6,8,6,,target_remainder,normalized_endpoint_box,,1e-10,0.0001,,,,,,,,65,validated,1,2.2779331184903713,2.2828817126337841,0.004948594143412771,-0.59915450456347741,2.4817451898675942,-5.4146774873366903,3.3908893219099978,3.0808996944310714,8.8055668092466881,11.886466503677759,normalized_endpoint_reset_box,3.0808996944310736,8.8055668092466952,11.886466503677768,,,,,,,,,,,,,,,,,,,,,,,1,0.007422891215119156,
flowstar_style_o6_candidate8_output6_cutoff,flowstar_style,6,8,6,,target_remainder,normalized_endpoint_box,,1e-10,0.0001,,,,,,,,66,validated,1,2.2828817126337841,2.2903046038489032,0.007422891215119156,-0.6400791753505406,2.5076524812455272,-5.6131813282881389,3.5903522168743649,3.1477316565960676,9.2035335451625038,12.351265201758572,normalized_endpoint_reset_box,3.1477316565960698,9.2035335451625109,12.351265201758581,,,,,,,,,,,,,,,,,,,,,,,0,0.011134336822678734,
flowstar_style_o6_candidate8_output6_cutoff,flowstar_style,6,8,6,,target_remainder,normalized_endpoint_box,,1e-10,0.0001,,,,,,,,67,validated,1,2.2903046038489032,2.2958717722602424,0.005567168411339367,-0.67176771027558069,2.5280840997706555,-5.7716037784928682,3.7501606359050821,3.1998518100462361,9.5217644143979498,12.721616224444187,normalized_endpoint_reset_box,3.1998518100462383,9.521764414397957,12.721616224444196,,,,,,,,,,,,,,,,,,,,,,,1,0.008350752617009051,
flowstar_style_o6_candidate8_output6_cutoff,flowstar_style,6,8,6,,target_remainder,normalized_endpoint_box,,1e-10,0.0001,,,,,,,,68,validated,1,2.2958717722602424,2.3000471485687468,0.0041753763085045255,-0.69612576320217656,2.5440051866849913,-5.8962308339932017,3.8762354988324264,3.2401309498871678,9.772466332825628,13.012597282712797,normalized_endpoint_reset_box,3.24013094988717,9.7724663328256334,13.012597282712804,,,,,,,,,,,,,,,,,,,,,,,1,0.0062630644627567882,
flowstar_style_o6_candidate8_output6_cutoff,flowstar_style,6,8,6,,target_remainder,normalized_endpoint_box,,1e-10,0.0001,,,,,,,,69,validated,1,2.3000471485687468,2.3063102130315034,0.0062630644627567882,-0.73366399590664488,2.5688998923903239,-6.0920847533720863,4.0742653146546264,3.3025638882969686,10.166350068026713,13.468913956323682,normalized_endpoint_reset_box,3.3025638882969708,10.16635006802672,13.468913956323691,,,,,,,,,,,,,,,,,,,,,,,0,0.0093945966941351815,
flowstar_style_o6_candidate8_output6_cutoff,flowstar_style,6,8,6,,target_remainder,normalized_endpoint_box,,1e-10,0.0001,,,,,,,,70,validated,1,2.3063102130315034,2.3110075113785711,0.0046972983470675907,-0.76264370586314745,2.5884069243731429,-6.2474301552855298,4.2318052684299143,3.3510506302362906,10.479235423715444,13.830286053951735,normalized_endpoint_reset_box,3.3510506302362923,10.479235423715451,13.830286053951744,,,,,,,,,,,,,,,,,,,,,,,1,0.0070459475206013861,
flowstar_style_o6_candidate8_output6_cutoff,flowstar_style,6,8,6,,target_remainder,normalized_endpoint_box,,1e-10,0.0001,,,,,,,,71,validated,1,2.3110075113785711,2.3180534588991724,0.0070459475206013861,-0.80752374935848825,2.6190981939165381,-6.4936442615691092,4.4813125888348448,3.4266219432750264,10.974956850403954,14.401578793678981,normalized_endpoint_reset_box,3.4266219432750287,10.974956850403961,14.40157879367899,,,,,,,,,,,,,,,,,,,,,,,0,0.01056892128090208,
flowstar_style_o6_candidate8_output6_cutoff,flowstar_style,6,8,6,,target_remainder,normalized_endpoint_box,,1e-10,0.0001,,,,,,,,72,validated,1,2.3180534588991724,2.3233379195396235,0.0052844606404510398,-0.84235756058823608,2.6433072650047653,-6.6909182782394341,4.681840703913295,3.4856648255930014,11.372758982152728,14.85842380774573,normalized_endpoint_reset_box,3.4856648255930036,11.372758982152735,14.858423807745739,,,,,,,,,,,,,,,,,,,,,,,1,0.0079266909606765593,
flowstar_style_o6_candidate8_output6_cutoff,flowstar_style,6,8,6,,target_remainder,normalized_endpoint_box,,1e-10,0.0001,,,,,,,,73,validated,1,2.3233379195396235,2.3273012650199618,0.0039633454803382796,-0.86918331332784171,2.6621764813994506,-6.8465891318123706,4.8404336841426927,3.5313597947272921,11.687022815955064,15.218382610682356,normalized_endpoint_reset_box,3.5313597947272943,11.687022815955071,15.218382610682365,,,,,,,,,,,,,,,,,,,,,,,1,0.0059450182205074194,
flowstar_style_o6_candidate8_output6_cutoff,flowstar_style,6,8,6,,target_remainder,normalized_endpoint_box,,1e-10,0.0001,,,,,,,,74,validated,1,2.3273012650199618,2.3332462832404692,0.0059450182205074194,-0.9106112829663251,2.6916919973882178,-7.0921413427617814,5.0903605834087857,3.6023032803545432,12.182501926170566,15.78480520652511,normalized_endpoint_reset_box,3.6023032803545458,12.182501926170573,15.784805206525119,,,,,,,,,,,,,,,,,,,,,,,0,0.0089175273307611283,
flowstar_style_o6_candidate8_output6_cutoff,flowstar_style,6,8,6,,target_remainder,normalized_endpoint_box,,1e-10,0.0001,,,,,,,,75,validated,1,2.3332462832404692,2.33770504690585,0.0044587636653805642,-0.94266713248013867,2.7148317139160332,-7.287643381829878,5.2898066780476052,3.6574988463961717,12.577450059877483,16.234948906273655,normalized_endpoint_reset_box,3.657498846396174,12.57745005987749,16.234948906273665,,,,,,,,,,,,,,,,,,,,,,,1,0.0066881454980708462,
flowstar_style_o6_candidate8_output6_cutoff,flowstar_style,6,8,6,,target_remainder,normalized_endpoint_box,,1e-10,0.0001,,,,,,,,76,validated,1,2.33770504690585,2.3410491196548855,0.0033440727490354231,-0.96729334142622525,2.7327828777033218,-7.4411479980724193,5.4466729849095907,3.7000762191295471,12.88782098298201,16.587897202111556,normalized_endpoint_reset_box,3.7000762191295493,12.887820982982017,16.587897202111566,,,,,,,,,,,,,,,,,,,,,,,1,0.0050161091235531342,
flowstar_style_o6_candidate8_output6_cutoff,flowstar_style,6,8,6,,target_remainder,normalized_endpoint_box,,1e-10,0.0001,,,,,,,,77,validated,1,2.3410491196548855,2.3460652287784387,0.0050161091235531342,-1.0052195516277163,2.7607180277900811,-7.6821366617019082,5.692686957425086,3.7659375794177974,13.374823619126994,17.140761198544791,normalized_endpoint_reset_box,3.7659375794177996,13.374823619127001,17.140761198544801,,,,,,,,,,,,,,,,,,,,,,,0,0.0075241636853297014,
flowstar_style_o6_candidate8_output6_cutoff,flowstar_style,6,8,6,,target_remainder,normalized_endpoint_box,,1e-10,0.0001,,,,,,,,78,validated,1,2.3460652287784387,2.3498273106211034,0.0037620818426648507,-1.0344774794330098,2.7824999919311333,-7.8728381028788288,5.8877072685136129,3.8169774713641429,13.760545371392443,17.577522842756586,normalized_endpoint_reset_box,3.8169774713641456,13.76054537139245,17.577522842756593,,,,,,,,,,,,,,,,,,,,,,,1,0.0056431227639972756,
flowstar_style_o6_candidate8_output6_cutoff,flowstar_style,6,8,6,,target_remainder,normalized_endpoint_box,,1e-10,0.0001,,,,,,,,79,validated,1,2.3498273106211034,2.352648872003102,0.0028215613819986378,-1.0569007902140157,2.7993273457488597,-8.0218588061056,6.0402992452226947,3.8562281359628754,14.062158051328295,17.918386187291169,normalized_endpoint_reset_box,3.8562281359628776,14.062158051328304,17.91838618729118,,,,,,,,,,,,,,,,,,,,,,,1,0.0042323420729979567,
flowstar_style_o6_candidate8_output6_cutoff,flowstar_style,6,8,6,,target_remainder,normalized_endpoint_box,,1e-10,0.0001,,,,,,,,80,validated,1,2.352648872003102,2.3568812140761,0.0042323420729979567,-1.0913420404200476,2.8253938372712755,-8.2547302283959745,6.2785043084830896,3.9167358776913233,14.533234536879064,18.449970414570387,normalized_endpoint_reset_box,3.9167358776913259,14.533234536879073,18.449970414570398,,,,,,,,,,,,,,,,,,,,,,,0,0.006348513109496935,
flowstar_style_o6_candidate8_output6_cutoff,flowstar_style,6,8,6,,target_remainder,normalized_endpoint_box,,1e-10,0.0001,,,,,,,,81,validated,1,2.3568812140761,2.3600554706308485,0.0031742565547484675,-1.1178342988822816,2.845620377214495,-8.4379427020965849,6.4661652538794812,3.9634546760967764,14.904107955976066,18.867562632072843,normalized_endpoint_reset_box,3.963454676096779,14.904107955976075,18.867562632072854,,,,,,,,,,,,,,,,,,,,,,,1,0.0047613848321227011,
flowstar_style_o6_candidate8_output6_cutoff,flowstar_style,6,8,6,,target_remainder,normalized_endpoint_box,,1e-10,0.0001,,,,,,,,82,validated,1,2.3600554706308485,2.3648168554629714,0.0047613848321227011,-1.1586921893946449,2.8771065885938865,-8.72627846721333,6.7611330712796454,4.0357987779885311,15.487411538492974,19.523210316481507,normalized_endpoint_reset_box,4.0357987779885347,15.487411538492985,19.523210316481521,,,,,,,,,,,,,,,,,,,,,,,0,0.0071420772481840516,
flowstar_style_o6_candidate8_output6_cutoff,flowstar_style,6,8,6,,target_remainder,normalized_endpoint_box,,1e-10,0.0001,,,,,,,,83,validated,1,2.3648168554629714,2.3683878940870633,0.0035710386240920258,-1.1902603571090589,2.9016675418232967,-8.9550029173330543,6.9954418382232983,4.0919278989323553,15.950444755556353,20.042372654488709,normalized_endpoint_reset_box,4.0919278989323589,15.950444755556362,20.04237265448872,,,,,,,,,,,,,,,,,,,,,,,1,0.0053565579361380383,
flowstar_style_o6_candidate8_output6_cutoff,flowstar_style,6,8,6,,target_remainder,normalized_endpoint_box,,1e-10,0.0001,,,,,,,,84,validated,1,2.3683878940870633,2.3710661730551323,0.0026782789680690191,-1.2144833086791917,2.92064853764355,-9.1340752586469041,7.179072069653845,4.135131846322742,16.313147328300751,20.448279174623494,normalized_endpoint_reset_box,4.1351318463227447,16.313147328300765,20.448279174623508,,,,,,,,,,,,,,,,,,,,,,,1,0.0040174184521035283,
flowstar_style_o6_candidate8_output6_cutoff,flowstar_style,6,8,6,,target_remainder,normalized_endpoint_box,,1e-10,0.0001,,,,,,,,85,validated,1,2.3710661730551323,2.3750835915072357,0.0040174184521035283,-1.251738515015014,2.9500639732604705,-9.4145521613353473,7.4663389647922704,4.2018024882754847,16.880891126127619,21.082693614403105,normalized_endpoint_reset_box,4.2018024882754883,16.880891126127629,21.082693614403119,,,,,,,,,,,,,,,,,,,,,,,0,0.0060261276781552924,
flowstar_style_o6_candidate8_output6_cutoff,flowstar_style,6,8,6,,target_remainder,normalized_endpoint_box,,1e-10,0.0001,,,,,,,,86,validated,1,2.3750835915072357,2.3780966553463134,0.0030130638390776462,-1.2804368358102134,2.9729009262290642,-9.6357236511161553,7.6931017375045379,4.253337762039278,17.328825388620693,21.582163150659973,normalized_endpoint_reset_box,4.2533377620392816,17.328825388620707,21.582163150659987,,,,,,,,,,,,,,,,,,,,,,,1,0.0045195957586164695,
flowstar_style_o6_candidate8_output6_cutoff,flowstar_style,6,8,6,,target_remainder,normalized_endpoint_box,,1e-10,0.0001,,,,,,,,87,validated,1,2.3780966553463134,2.3803564532256218,0.0022597978793082348,-1.3024057720272726,2.9904851410868143,-9.8080803144744877,7.8699518443672147,4.2928909131140873,17.678032158841702,21.970923071955788,normalized_endpoint_reset_box,4.2928909131140909,17.678032158841717,21.970923071955809,,,,,,,,,,,,,,,,,,,,,,,1,0.0033896968189623521,
flowstar_style_o6_candidate8_output6_cutoff,flowstar_style,6,8,6,,target_remainder,normalized_endpoint_box,,1e-10,0.0001,,,,,,,,88,validated,1,2.3803564532256218,2.3837461500445842,0.0033896968189623521,-1.3361050478626184,3.0176265486412981,-10.076803116611346,8.1453661362515231,4.3537315965039163,18.222169252862869,22.575900849366786,normalized_endpoint_reset_box,4.3537315965039198,18.222169252862884,22.575900849366803,,,,,,,,,,,,,,,,,,,,,,,0,0.0050845452284435282,
flowstar_style_o6_candidate8_output6_cutoff,flowstar_style,6,8,6,,target_remainder,normalized_endpoint_box,,1e-10,0.0001,,,,,,,,89,validated,1,2.3837461500445842,2.3862884226588061,0.0025422726142217641,-1.3619898075002868,3.038608166470981,-10.287522259369053,8.3615054747434492,4.4005979739712675,18.649027734112501,23.049625708083767,normalized_endpoint_reset_box,4.4005979739712711,18.649027734112515,23.049625708083788,,,,,,,,,,,,,,,,,,,,,,,1,0.0038134089213326464,
flowstar_style_o6_candidate8_output6_cutoff,flowstar_style,6,8,6,,target_remainder,normalized_endpoint_box,,1e-10,0.0001,,,,,,,,90,validated,1,2.3862884226588061,2.390101831580139,0.0038134089213326464,-1.4018464620500075,3.0711361994524884,-10.618207613952697,8.7002452453399766,4.4729826615024955,19.318452859292673,23.791435520795169,normalized_endpoint_reset_box,4.472982661502499,19.318452859292687,23.791435520795186,,,,,,,,,,,,,,,,,,,,,,,0,0.0057201133819989695,
flowstar_style_o6_candidate8_output6_cutoff,flowstar_style,6,8,6,,target_remainder,normalized_endpoint_box,,1e-10,0.0001,,,,,,,,91,validated,1,2.390101831580139,2.3929618882711385,0.0028600566909994848,-1.4325868446634504,3.0964008396321336,-10.879468074884304,8.9680882296131106,4.5289876842955845,19.847556304497417,24.376543988793003,normalized_endpoint_reset_box,4.5289876842955881,19.847556304497431,24.376543988793017,,,,,,,,,,,,,,,,,,,,,,,1,0.0042900850364992272,
flowstar_style_o6_candidate8_output6_cutoff,flowstar_style,6,8,6,,target_remainder,normalized_endpoint_box,,1e-10,0.0001,,,,,,,,92,validated,1,2.3929618882711385,2.395106930789388,0.0021450425182496136,-1.4561416808149361,3.1158614766184605,-11.083366966363556,9.1772507940482235,4.5720031574333966,20.26061776041178,24.832620917845176,normalized_endpoint_reset_box,4.5720031574334001,20.260617760411794,24.832620917845194,,,,,,,,,,,,,,,,,,,,,,,1,0.0032175637773744206,
flowstar_style_o6_candidate8_output6_cutoff,flowstar_style,6,8,6,,target_remainder,normalized_endpoint_box,,1e-10,0.0001,,,,,,,,93,validated,1,2.395106930789388,2.3983244945667623,0.0032175637773744206,-1.4923122787550893,3.1459121047200629,-11.40183968039609,9.5035434763193969,4.6382243834751522,20.905383156715487,25.543607540190639,normalized_endpoint_reset_box,4.6382243834751549,20.905383156715502,25.543607540190656,,,,,,,,,,,,,,,,,,,,,,,0,0.0048263456660616304,
flowstar_style_o6_candidate8_output6_cutoff,flowstar_style,6,8,6,,target_remainder,normalized_endpoint_box,,1e-10,0.0001,,,,,,,,94,validated,1,2.3983244945667623,2.4007376673997931,0.0024131728330308152,-1.5201273888284446,3.1691541295556336,-11.652013796870204,9.7600200147730103,4.6892815183840781,21.412033811643212,26.10131533002729,normalized_endpoint_reset_box,4.6892815183840817,21.412033811643226,26.101315330027308,,,,,,,,,,,,,,,,,,,,,,,1,0.0036197592495462228,
flowstar_style_o6_candidate8_output6_cutoff,flowstar_style,6,8,6,,target_remainder,normalized_endpoint_box,,1e-10,0.0001,,,,,,,,95,failed,2,2.4007376673997931,2.4043574266493395,0.0036197592495462228,-1.5631111007215734,3.2053069583095155,-12.045442686347476,10.162794779348477,4.768418059031089,22.208237465695952,26.97665552472704,normalized_endpoint_reset_box,4.768418059031089,22.208237465695952,26.97665552472704,,,,,,,,,,,,,,,,,,,,,,,1,0.0018098796247731114,Picard residual not subset of target remainder
flowstar_style_o6_candidate8_output6_cutoff_insert,flowstar_style,6,8,6,,target_remainder,normalized_insertion,,1e-10,0.0001,,,,,,,,0,validated,1,0,0.050000000000000003,0.050000000000000003,1.2152074582892709,1.5176150544840932,2.1485666581987743,2.3525636893406876,0.30240759619482227,0.20399703114191325,0.50640462733673552,normalized_insertion,0.30246437144019289,0.20604027562221106,0.50850464706240395,,,,,,0.50640462733673564,0.50640462733671499,0.50850464706240406,9.8813129168249309e-324,9.8813129168249309e-324,0.50629477746504259,0.00010984987167231932,0.15123218572009586,0.10302013781110422,1.3664396440093696,2.2515867960098861,5,6,28,68,28,28,1,0.075000000000000011,
flowstar_style_o6_candidate8_output6_cutoff_insert,flowstar_style,6,8,6,,target_remainder,normalized_insertion,,1e-10,0.0001,,,,,,,,1,validated,1,0.050000000000000003,0.125,0.075000000000000011,1.3692062292723295,1.6809324357024105,1.7942788493171571,2.1428570349175349,0.31172620643008098,0.34857818560037779,0.66030439203045876,normalized_insertion,0.29664526334979069,0.33888282156361638,0.63552808491340707,,,,,,0.66030439203045888,0.63291264457895524,0.63552808491340718,2.6616468844048692e-10,2.5357808592438671e-10,0.63260780689382379,0.00030483768513131325,0.14832263167489468,0.16944141078180722,1.5251215209970321,1.9696800196483615,6,6,36,68,458,36,0,0.10000000000000001,
flowstar_style_o6_candidate8_output6_cutoff_insert,flowstar_style,6,8,6,,target_remainder,normalized_insertion,,1e-10,0.0001,,,,,,,,2,validated,1,0.125,0.17499999999999999,0.050000000000000003,1.4629057556703822,1.7736129009089687,1.5437204672203497,1.9628219969827705,0.31070714523858656,0.41910152976242077,0.72980867500100732,normalized_insertion,0.28690245686250471,0.40113327635488494,0.68803573321738964,,,,,,0.72980867500100743,0.68680443548869696,0.68803573321738976,5.5715525616350318e-10,3.2941090027185568e-10,0.68636816345889662,0.00043627202980022796,0.14345122843125169,0.20056663817744186,1.6182807754577426,1.7540157431080914,6,6,39,68,653,39,1,0.075000000000000011,
flowstar_style_o6_candidate8_output6_cutoff_insert,flowstar_style,6,8,6,,target_remainder,normalized_insertion,,1e-10,0.0001,,,,,,,,3,validated,1,0.17499999999999999,0.25,0.075000000000000011,1.5817573597872912,1.8923297659904561,1.1695774154681402,1.6536418481313409,0.31057240620316495,0.48406443266320065,0.7946368388663656,normalized_insertion,0.26525811008012345,0.46167866813680947,0.72693677821693292,,,,,,0.79463683886636571,0.72381346236241861,0.72693677821693303,2.1964660753074344e-09,1.1390222100484578e-10,0.72316629504203633,0.000647167320382257,0.13262905504006112,0.23083933406840415,1.7370780706881856,1.4123191191670095,6,6,42,68,684,42,0,0.10000000000000001,
flowstar_style_o6_candidate8_output6_cutoff_insert,flowstar_style,6,8,6,,target_remainder,normalized_insertion,,1e-10,0.0001,,,,,,,,4,validated,1,0.25,0.29999999999999999,0.050000000000000003,1.6591853322663226,1.9447822874509251,0.93839833209850598,1.4315645526529459,0.28559695518460249,0.49316622055443993,0.77876317573904241,normalized_insertion,0.24753152669557599,0.47771535331585091,0.7252468800114269,,,,,,0.77876317573904252,0.71953311238779072,0.72524688001142701,2.6759804263053099e-09,2.4406738064668621e-10,0.71875983689245049,0.00077327549534012951,0.12376576334778731,0.23885767665792493,1.8019961830230378,1.1854146841879258,6,6,43,68,748,43,1,0.075000000000000011,
flowstar_style_o6_candidate8_output6_cutoff_insert,flowstar_style,6,8,6,,target_remainder,normalized_insertion,,1e-10,0.0001,,,,,,,,5,validated,1,0.29999999999999999,0.375,0.075000000000000011,1.739837975586122,2.0174595133164033,0.61937260461851285,1.1081954708058077,0.27762153773028131,0.48882286618729487,0.76644440391757618,normalized_insertion,0.22062326988340342,0.46757133146220831,0.68819460134561172,,,,,,0.76644440391757629,0.67841307335242662,0.68819460134561183,4.7610472687651437e-09,2.9986030346067804e-10,0.67745741421012207,0.00095565914230444934,0.11031163494170103,0.23378566573110371,1.8786675842979887,0.86420058979765491,6,6,44,68,764,44,0,0.10000000000000001,
flowstar_style_o6_candidate8_output6_cutoff_insert,flowstar_style,6,8,6,,target_remainder,normalized_insertion,,1e-10,0.0001,,,,,,,,6,validated,1,0.375,0.42499999999999999,0.050000000000000003,1.7960782738840126,2.037791039101676,0.44046965616995432,0.89847454313031383,0.24171276521766338,0.45800488696035951,0.69971765217802284,normalized_insertion,0.20293012143077505,0.4437024342250272,0.64663255565580224,,,,,,0.69971765217802295,0.63468516067736813,0.64663255565580235,3.6503985752180325e-09,1.8937064105513122e-10,0.63363127935304875,0.001053881324319285,0.10146506071538663,0.22185121711251329,1.9169405202956342,0.66969200947823015,6,6,45,68,790,45,1,0.075000000000000011,
flowstar_style_o6_candidate8_output6_cutoff_insert,flowstar_style,6,8,6,,target_remainder,normalized_insertion,,1e-10,0.0001,,,,,,,,7,validated,1,0.42499999999999999,0.5,0.075000000000000011,1.8414299275990207,2.0731082009463555,0.20755025151727299,0.61850401490883844,0.23167827334733482,0.41095376339156542,0.64263203673890024,normalized_insertion,0.17796146567044779,0.39289412598493423,0.57085559165538202,,,,,,0.64263203673890035,0.55677894797120109,0.57085559165538213,7.0074473937788729e-09,9.3116373255691884e-11,0.55559703525835724,0.0011819127128437424,0.088980732835222967,0.19644706299246692,1.9572781527179373,0.41325812424557495,6,6,46,68,794,46,0,0.10000000000000001,
flowstar_style_o6_candidate8_output6_cutoff_insert,flowstar_style,6,8,6,,target_remainder,normalized_insertion,,1e-10,0.0001,,,,,,,,8,validated,1,0.5,0.59999999999999998,0.10000000000000001,1.8788251994864105,2.0896268871276051,-0.02877893239669348,0.30478511025325955,0.21080168764119467,0.33356404264995304,0.54436573029114776,normalized_insertion,0.14911249820115802,0.3175582555369254,0.46667075373808342,,,,,,0.54436573029114776,0.45153313915332238,0.46667075373808353,8.4210045336563657e-09,1.7180727481546364e-10,0.45021463930151184,0.0013184998518104773,0.074556249100578009,0.15877912776846259,1.9842359615959364,0.13820854530983306,6,6,47,68,848,47,0,0.10000000000000001,
flowstar_style_o6_candidate8_output6_cutoff_insert,flowstar_style,6,8,6,,target_remainder,normalized_insertion,,1e-10,0.0001,,,,,,,,9,validated,1,0.59999999999999998,0.69999999999999996,0.10000000000000001,1.8991024946214816,2.0752482337023745,-0.19773611486148507,0.059099535350037889,0.17614573908089293,0.25683565021152294,0.43298138929241586,normalized_insertion,0.12597370654831508,0.24892600902792505,0.37489971557624013,,,,,,0.43298138929241592,0.35992484930365387,0.37489971557624019,5.5069468521003163e-09,1.4558988749621963e-10,0.35853491207206128,0.0013899372315925342,0.062986853274156693,0.12446300451396247,1.9871802783687216,-0.069200120434031218,6,6,48,68,864,48,0,0.10000000000000001,
flowstar_style_o6_candidate8_output6_cutoff_insert,flowstar_style,6,8,6,,target_remainder,normalized_insertion,,1e-10,0.0001,,,,,,,,10,validated,1,0.69999999999999996,0.79999999999999993,0.10000000000000001,1.8983977840832724,2.0459312517057544,-0.3209319654331303,-0.12612765761760536,0.14753346762248198,0.19480430781552494,0.34233777543800692,normalized_insertion,0.10817844961384404,0.19295614827859281,0.30113459789243685,,,,,,0.34233777543800697,0.28677236773724657,0.30113459789243691,8.9712401052308224e-09,2.7518352592982014e-10,0.28533114528561454,0.001441222451631968,0.054089224806921236,0.09647807413929628,1.9721665745672516,-0.22346892571019095,6,6,48,68,879,48,0,0.10000000000000001,
flowstar_style_o6_candidate8_output6_cutoff_insert,flowstar_style,6,8,6,,target_remainder,normalized_insertion,,1e-10,0.0001,,,,,,,,11,validated,1,0.79999999999999993,0.89999999999999991,0.10000000000000001,1.8811843781857085,2.0063696501367372,-0.41392959773012811,-0.26395458364833208,0.12518527195102869,0.14997501408179603,0.27516028603282472,normalized_insertion,0.094918240818062216,0.14721802802451101,0.24213626884257322,,,,,,0.27516028603282477,0.22837871904402535,0.24213626884257328,1.388936654812076e-08,4.2233901223208624e-10,0.22688458093243868,0.001494138111586648,0.047459120409030331,0.073609014012255308,1.9437775316329584,-0.33891552387884688,6,6,48,68,879,48,0,0.10000000000000001,
flowstar_style_o6_candidate8_output6_cutoff_insert,flowstar_style,6,8,6,,target_remainder,normalized_insertion,,1e-10,0.0001,,,,,,,,12,validated,1,0.89999999999999991,0.99999999999999989,0.10000000000000001,1.8512123100348008,1.9593496368376404,-0.48686097897513619,-0.36784802358562113,0.10813732680283961,0.11901295538951506,0.22715028219235467,normalized_insertion,0.085224384718748603,0.11320718698278387,0.19843157170153247,,,,,,0.2271502821923547,0.1850702519987345,0.1984315717015325,1.9663116320189749e-08,2.2711926288870169e-10,0.1834875972660302,0.0015826547327042655,0.042612192359373614,0.056603593491391768,1.9052806385836361,-0.4273488803274067,6,6,49,68,756,49,0,0.10000000000000001,
flowstar_style_o6_candidate8_output6_cutoff_insert,flowstar_style,6,8,6,,target_remainder,normalized_insertion,,1e-10,0.0001,,,,,,,,13,validated,1,0.99999999999999989,1.0999999999999999,0.10000000000000001,1.8111091045488339,1.9067070191139097,-0.54542511755267098,-0.44999221407861628,0.095597914565075826,0.095432903474054698,0.19103081803913052,normalized_insertion,0.078300832851355029,0.089639340664343481,0.16794017351569851,,,,,,0.19103081803913055,0.15471024823633794,0.16794017351569854,2.5629711331575232e-08,2.0848005500138333e-10,0.1530084853465998,0.0017017628897381344,0.039150416425676904,0.044819670332171484,1.8589072922389998,-0.4977145914161879,6,6,49,68,756,49,0,0.10000000000000001,
flowstar_style_o6_candidate8_output6_cutoff_insert,flowstar_style,6,8,6,,target_remainder,normalized_insertion,,1e-10,0.0001,,,,,,,,14,validated,1,1.0999999999999999,1.2,0.10000000000000001,1.7627748099447651,1.8494688344838328,-0.5959824389681152,-0.51704640171619154,0.086694024539067716,0.078936037251923663,0.16563006179099138,normalized_insertion,0.073516636124005164,0.073190268487230092,0.14670690461123526,,,,,,0.16563006179099141,0.13334880817071848,0.14670690461123528,3.220007884474015e-08,1.8247223506210384e-10,0.13149991095272928,0.0018488972179891957,0.036758318062001985,0.036595134243614706,1.8061208349263287,-0.55652653020710297,6,6,49,68,756,49,0,0.10000000000000001,
flowstar_style_o6_candidate8_output6_cutoff_insert,flowstar_style,6,8,6,,target_remainder,normalized_insertion,,1e-10,0.0001,,,,,,,,15,validated,1,1.2,1.3,0.10000000000000001,1.7075674530585636,1.788093307237246,-0.64216222158462954,-0.57476293255889133,0.08052585417868241,0.067399289025738218,0.14792514320442063,normalized_insertion,0.070397944819730274,0.062068082620997167,0.13246602744072744,,,,,,0.14792514320442066,0.11874248107620557,0.13246602744072747,3.8515764216139326e-08,1.5687148485304397e-10,0.11671884210058563,0.0020236389756199211,0.035198972409864512,0.031034041310498219,1.7478292606977746,-0.60847852480270848,6,6,49,68,749,49,0,0.10000000000000001,
flowstar_style_o6_candidate8_output6_cutoff_insert,flowstar_style,6,8,6,,target_remainder,normalized_insertion,,1e-10,0.0001,,,,,,,,16,validated,1,1.3,1.4000000000000001,0.10000000000000001,1.6463008203635243,1.7227789202546504,-0.68684898317555521,-0.62710887227248857,0.076478099891126083,0.059740110903066634,0.13621821079419272,normalized_insertion,0.068603117014548687,0.054933632628084927,0.12353674964263361,,,,,,0.13621821079419275,0.10922978738306444,0.12353674964263364,4.540675201965412e-08,2.1145969461593893e-10,0.10700212143119867,0.0022276659518657514,0.034301558507273691,0.027466816314042089,1.6845386452435569,-0.65699775606194977,6,6,48,68,749,48,0,0.10000000000000001,
flowstar_style_o6_candidate8_output6_cutoff_insert,flowstar_style,6,8,6,,target_remainder,normalized_insertion,,1e-10,0.0001,,,,,,,,17,validated,1,1.4000000000000001,1.5000000000000002,0.10000000000000001,1.5794073462461473,1.6535095238848403,-0.732219929955924,-0.67709421061874964,0.074102177638692979,0.055125719337174361,0.12922789697586734,normalized_insertion,0.067894797040647603,0.050845811101211114,0.11874060814185872,,,,,,0.12922789697586737,0.10364120949876027,0.11874060814185874,5.3399632015579732e-08,1.2516846653587958e-10,0.10117659741876772,0.0024646120799925349,0.033947398520323122,0.025422905550605168,1.6164570986435618,-0.70467861434899381,6,6,49,68,592,49,0,0.10000000000000001,
flowstar_style_o6_candidate8_output6_cutoff_insert,flowstar_style,6,8,6,,target_remainder,normalized_insertion,,1e-10,0.0001,,,,,,,,18,validated,1,1.5000000000000002,1.6000000000000003,0.10000000000000001,1.5070198425996608,1.58010536050411,-0.78006489582528105,-0.72709464314333483,0.073085517904449171,0.052970252681946217,0.12605577058639539,normalized_insertion,0.068120091293237817,0.049174404771718194,0.11729449606495601,,,,,,0.12605577058639542,0.10119020397313136,0.11729449606495604,6.1485206146687806e-08,1.4213644102785241e-10,0.098450107556916355,0.0027400964162149991,0.034060045646618131,0.024587202385858705,1.5435611279280796,-0.75360436275751375,6,6,49,68,603,49,0,0.10000000000000001,
flowstar_style_o6_candidate8_output6_cutoff_insert,flowstar_style,6,8,6,,target_remainder,normalized_insertion,,1e-10,0.0001,,,,,,,,19,validated,1,1.6000000000000003,1.7000000000000004,0.10000000000000001,1.4290232448050497,1.5022487764555728,-0.83200210599246804,-0.77910720783009246,0.073225531650523035,0.052894898162375581,0.12612042981289862,normalized_insertion,0.069200936682930703,0.049527130126888919,0.11872806680981962,,,,,,0.12612042981289864,0.1013903906308716,0.11872806680981965,6.9388053201947788e-08,1.5636046726309124e-10,0.098328591774003077,0.0030617988568685025,0.034600468341464602,0.024763565063444175,1.4656343576869979,-0.80558302247441615,6,6,49,68,603,49,0,0.10000000000000001,
flowstar_style_o6_candidate8_output6_cutoff_insert,flowstar_style,6,8,6,,target_remainder,normalized_insertion,,1e-10,0.0001,,,,,,,,20,validated,1,1.7000000000000004,1.8000000000000005,0.10000000000000001,1.3450804224708337,1.4194950210942008,-0.88963610950629768,-0.83494514914062723,0.074414598623367079,0.054690960365670449,0.12910555898903753,normalized_insertion,0.071317598212253586,0.051694374577217372,0.12301197278947096,,,,,,0.12910555898903756,0.10418386038688213,0.12301197278947099,7.6364288073566539e-08,1.6705329816747893e-10,0.10074409270058381,0.0034397676862982975,0.035658799106126127,0.025847187288608343,1.3822858294387845,-0.86232389584267843,6,6,49,68,603,49,0,0.10000000000000001,
flowstar_style_o6_candidate8_output6_cutoff_insert,flowstar_style,6,8,6,,target_remainder,normalized_insertion,,1e-10,0.0001,,,,,,,,21,validated,1,1.8000000000000005,1.9000000000000006,0.10000000000000001,1.2545445862466609,1.3313653420763452,-0.95469346628165119,-0.89637673093532899,0.076820755829684284,0.058316735346322202,0.13513749117600649,normalized_insertion,0.074231555198045918,0.055609001050114237,0.12984055624816015,,,,,,0.13513749117600651,0.10922377211700009,0.12984055624816018,8.0773736998232379e-08,1.7278122860843245e-10,0.10533684356607816,0.0038869285509219162,0.037115777599022182,0.027804500525056751,1.2929527354189563,-0.92557515582842242,6,6,49,68,603,49,0,0.10000000000000001,
flowstar_style_o6_candidate8_output6_cutoff_insert,flowstar_style,6,8,6,,target_remainder,normalized_insertion,,1e-10,0.0001,,,,,,,,22,validated,1,1.9000000000000006,2.0000000000000004,0.10000000000000001,1.1567921745501621,1.236994728079817,-1.0290744516550225,-0.96529789996773541,0.080202553529654885,0.063776551687287131,0.14397910521694202,normalized_insertion,0.078001973532010549,0.061316365924905081,0.13931833945691563,,,,,,0.14397910521694204,0.11656076344057248,0.13931833945691566,7.9274712153865958e-08,1.6521586844343865e-10,0.11214141689188803,0.0044193465486844193,0.039000986766004588,0.030658182962452075,1.1968907696653237,-0.99723538054118877,6,6,49,68,603,49,0,0.10000000000000001,
flowstar_style_o6_candidate8_output6_cutoff_insert,flowstar_style,6,8,6,,target_remainder,normalized_insertion,,1e-10,0.0001,,,,,,,,23,validated,1,2.0000000000000004,2.1000000000000005,0.10000000000000001,1.050843747908951,1.1354716816579205,-1.1149791669001134,-1.0437835739222021,0.084627933748969486,0.071195592977911337,0.15582352672688082,normalized_insertion,0.082708436991120404,0.068947215537189077,0.15165565252830948,,,,,,0.15582352672688085,0.12633926543775026,0.15165565252830951,6.6745427433120312e-08,1.264505619065793e-10,0.12128266618956923,0.0050565992481810106,0.041354218495559508,0.034473607768593852,1.0931544153558894,-1.0794431182284632,6,6,49,68,749,49,0,0.10000000000000001,
flowstar_style_o6_candidate8_output6_cutoff_insert,flowstar_style,6,8,6,,target_remainder,normalized_insertion,,1e-10,0.0001,,,,,,,,24,validated,1,2.1000000000000005,2.2000000000000006,0.10000000000000001,0.93547776177018804,1.0256698252423051,-1.2149307834261578,-1.134183802158991,0.090192063472117057,0.08074698126716684,0.1709390447392839,normalized_insertion,0.088472998228088517,0.078681202428358965,0.16715420065644748,,,,,,0.17093904473928392,0.13878613858829536,0.16715420065644751,7.0088122341446424e-08,5.2590922420746115e-11,0.13296461927367098,0.0058215193146243654,0.044236499114043835,0.039340601214178796,0.98056964096707333,-1.1746365025045922,6,6,49,68,756,49,0,0.10000000000000001,
flowstar_style_o6_candidate8_output6_cutoff_insert,flowstar_style,6,8,6,,target_remainder,normalized_insertion,,1e-10,0.0001,,,,,,,,25,validated,1,2.2000000000000006,2.3000000000000007,0.10000000000000001,0.80919114969789929,0.90622587765297835,-1.3317499332313123,-1.2391530668815753,0.097034727955079059,0.092596866349736962,0.18963159430481602,normalized_insertion,0.095447800330271892,0.090687491041856028,0.18613529137212792,,,,,,0.18963159430481605,0.15414749693548857,0.18613529137212795,1.1716194108447444e-07,2.567255344724555e-10,0.14740284628241479,0.0067446506530737717,0.047723900165135572,0.045343745520927396,0.85770316618624631,-1.2855554023724567,6,6,49,68,756,49,0,0.10000000000000001,
flowstar_style_o6_candidate8_output6_cutoff_insert,flowstar_style,6,8,6,,target_remainder,normalized_insertion,,1e-10,0.0001,,,,,,,,26,validated,1,2.3000000000000007,2.4000000000000008,0.10000000000000001,0.6701841605789941,0.77550342565857944,-1.468369188038958,-1.361601543440651,0.10531926507958533,0.10676764459830701,0.21208690967789234,normalized_insertion,0.10380243955051083,0.10498767621498173,0.20879011576549256,,,,,,0.21208690967789237,0.17255895949130273,0.20879011576549258,2.8185907710653779e-07,5.8129785023472945e-11,0.16470742826637191,0.0078515312249307946,0.051901219775255039,0.052493838107490302,0.72283674953109123,-1.4151246611677279,6,6,51,68,756,51,0,0.10000000000000001,
flowstar_style_o6_candidate8_output6_cutoff_insert,flowstar_style,6,8,6,,target_remainder,normalized_insertion,,1e-10,0.0001,,,,,,,,27,validated,1,2.4000000000000008,2.5000000000000009,0.10000000000000001,0.51637273344232193,0.63157372027774272,-1.6273552651678889,-1.5044615897652736,0.11520098683542079,0.12289367540261531,0.2380946622380361,normalized_insertion,0.11369466900553737,0.1212102211679098,0.23490489017344718,,,,,,0.23809466223803613,0.1938123262295135,0.23490489017344721,6.2599178654489669e-07,1.1992295290517685e-10,0.18466000587938591,0.0091523203501275574,0.056847334502768375,0.060605110583954201,0.57396375240940789,-1.5660988948899937,6,6,51,68,785,51,0,0.10000000000000001,
flowstar_style_o6_candidate8_output6_cutoff_insert,flowstar_style,6,8,6,,target_remainder,normalized_insertion,,1e-10,0.0001,,,,,,,,28,validated,1,2.5000000000000009,2.600000000000001,0.10000000000000001,0.34547226285313065,0.47223657297705579,-1.8098857298734714,-1.6701020122902055,0.12676431012392514,0.13978371758326591,0.26654802770719105,normalized_insertion,0.12520814212618392,0.1381549945195788,0.26336313664576272,,,,,,0.2665480277071911,0.21693684583589107,0.26336313664576277,1.1739786057445904e-06,2.024460762567156e-10,0.20631289659115332,0.010623949244737693,0.062604071063091807,0.069077497259788789,0.40884145258568549,-1.7402582585399529,6,6,51,68,944,51,0,0.10000000000000001,
flowstar_style_o6_candidate8_output6_cutoff_insert,flowstar_style,6,8,6,,target_remainder,normalized_insertion,,1e-10,0.0001,,,,,,,,29,validated,1,2.600000000000001,2.7000000000000011,0.10000000000000001,0.15522534103817254,0.29512917380338483,-2.0138154400064923,-1.8591055957028884,0.13990383276521229,0.15470984430360391,0.29461367706881619,normalized_insertion,0.1382353442447562,0.15315649861039171,0.29139184285514791,,,,,,0.29461367706881625,0.23958118108306359,0.29139184285514796,1.9025053690863174e-06,8.4914182650481642e-12,0.22740820779662546,0.012172973286438061,0.06911767212237796,0.076578249305195065,0.22515933999397353,-1.9368297778198129,6,6,52,68,944,52,0,0.10000000000000001,
flowstar_style_o6_candidate8_output6_cutoff_insert,flowstar_style,6,8,6,,target_remainder,normalized_insertion,,1e-10,0.0001,,,,,,,,30,validated,1,2.7000000000000011,2.8000000000000012,0.10000000000000001,-0.056120416004555806,0.098010434903594776,-2.2376385896270303,-2.0608362206291715,0.1541308509081506,0.17680236899785884,0.33093321990600943,normalized_insertion,0.15228098348197075,0.16143476678470936,0.31371575026668008,,,,,,0.33093321990600949,0.25736799420230627,0.31371575026668019,2.5396123049456733e-06,8.0960690836646456e-12,0.24324768484062054,0.014120309361685651,0.076140491740985333,0.080717383392353501,0.020920322183767829,-2.149748517056842,6,6,53,68,960,53,0,0.10000000000000001,
flowstar_style_o6_candidate8_output6_cutoff_insert,flowstar_style,6,8,6,,target_remainder,normalized_insertion,,1e-10,0.0001,,,,,,,,31,validated,1,2.8000000000000012,2.9000000000000012,0.10000000000000001,-0.28898023625546709,-0.1206287507877319,-2.4636263789842059,-2.2622468597089229,0.16835148546773521,0.20137951927528297,0.36973100474301818,normalized_insertion,0.16736937651107248,0.15870943310043728,0.32607880961150976,,,,,,0.36973100474301823,0.26762958965818734,0.32607880961150981,2.6203843815433182e-06,4.8161885714464479e-11,0.25065645460556729,0.016973135052619999,0.083684688255536127,0.079354716550217155,-0.2048377281887255,-2.3636213793040501,6,6,53,68,974,53,0,0.10000000000000001,
flowstar_style_o6_candidate8_output6_cutoff_insert,flowstar_style,6,8,6,,target_remainder,normalized_insertion,,1e-10,0.0001,,,,,,,,32,validated,1,2.9000000000000012,3.0000000000000013,0.10000000000000001,-0.54185392036109026,-0.35982722410996321,-2.6583045916981205,-2.438647713093494,0.18202669625112705,0.21965687860462646,0.40168357485575351,normalized_insertion,0.18143067211773012,0.1353701397681748,0.31680081188590492,,,,,,0.40168357485575357,0.26099276767059942,0.31680081188590498,3.2390471093550876e-06,9.8813129168249309e-324,0.23982895267537274,0.021163814995226661,0.090715336058864851,0.067685069884085999,-0.45088364414282106,-2.5493472528613141,6,6,54,68,974,54,0,0.10000000000000001,
flowstar_style_o6_candidate8_output6_cutoff_insert,flowstar_style,6,8,6,,target_remainder,normalized_insertion,,1e-10,0.0001,,,,,,,,33,validated,1,3.0000000000000013,3.1000000000000014,0.10000000000000001,-0.80829221879956137,-0.61622020734847471,-2.7720758425521694,-2.5514970634900123,0.19207201145108665,0.22057877906215717,0.41265079051324383,normalized_insertion,0.19061975337335624,0.080145461288146258,0.2707652146615025,,,,,,0.41265079051324388,0.22479460305744903,0.27076521466150255,5.8188178419818966e-06,1.5751534921193524e-10,0.19775202270972148,0.027042580347727531,0.095309876686677772,0.040072730644071609,-0.7123077877497197,-2.6627906421604481,6,6,53,68,990,53,0,0.10000000000000001,
flowstar_style_o6_candidate8_output6_cutoff_insert,flowstar_style,6,8,6,,target_remainder,normalized_insertion,,1e-10,0.0001,,,,,,,,34,validated,1,3.1000000000000014,3.2000000000000015,0.10000000000000001,-1.0761767221144636,-0.88232833648762199,-2.7461298743911615,-2.5571080539084661,0.19384838562684159,0.18902182048269545,0.38287020610953704,normalized_insertion,0.19172568730784267,0.10398286598772,0.29570855329556267,,,,,,0.38287020610953709,0.2531001788092056,0.29570855329556273,8.9727783877157415e-06,9.8813129168249309e-324,0.21845444159032407,0.034645737218881471,0.095862843653920837,0.05199143299385859,-0.97930658712774177,-2.6526064030667014,6,6,54,68,990,54,0,0.10000000000000001,
flowstar_style_o6_candidate8_output6_cutoff_insert,flowstar_style,6,8,6,,target_remainder,normalized_insertion,,1e-10,0.0001,,,,,,,,35,validated,1,3.2000000000000015,3.3000000000000016,0.10000000000000001,-1.3353423736669743,-1.1393801093952425,-2.5942525978316695,-2.366582353449926,0.1959622642717318,0.22767024438174355,0.42363250865347535,normalized_insertion,0.1845827049654476,0.22032557961128685,0.40490828457673445,,,,,,0.4236325086534754,0.34196643224397139,0.4049082845767345,8.8579356609229607e-06,9.8813129168249309e-324,0.29835192411901135,0.043614508124960032,0.092291352482723174,0.11016278980564199,-1.2374095589064029,-2.4812291715471053,6,6,54,68,990,54,0,0.10000000000000001,
flowstar_style_o6_candidate8_output6_cutoff_insert,flowstar_style,6,8,6,,target_remainder,normalized_insertion,,1e-10,0.0001,,,,,,,,36,validated,1,3.3000000000000016,3.3500000000000014,0.050000000000000003,-1.4548573865174408,-1.2610088307938572,-2.4733843350786717,-2.1932281651448329,0.19384855572358362,0.28015616993383885,0.47400472565742247,normalized_insertion,0.17718392214718026,0.27309822688448193,0.45028214903166219,,,,,,0.47400472565742258,0.3784127786744389,0.4502821490316623,3.3280467699082271e-06,8.612096312236664e-11,0.32924589025208767,0.049166888422351195,0.088591961073589479,0.13654911344223972,-1.3579445656648514,-2.3337268190311109,6,6,53,68,990,53,1,0.075000000000000011,
flowstar_style_o6_candidate8_output6_cutoff_insert,flowstar_style,6,8,6,,target_remainder,normalized_insertion,,1e-10,0.0001,,,,,,,,37,validated,1,3.3500000000000014,3.4250000000000016,0.075000000000000011,-1.6194058782641849,-1.4259279895846615,-2.2203581909373504,-1.8750894453274192,0.19347788867952342,0.34526874560993126,0.53874663428945468,normalized_insertion,0.16150131683470814,0.33244084182277889,0.49394215865748703,,,,,,0.5387466342894548,0.41251423162335676,0.49394215865748714,7.0489009622131925e-06,9.8813129168249309e-324,0.35552239723205298,0.056991834391303731,0.08075065841735328,0.16622042091138819,-1.5226870174051039,-2.0481791328026921,6,6,54,68,974,54,0,0.10000000000000001,
flowstar_style_o6_candidate8_output6_cutoff_insert,flowstar_style,6,8,6,,target_remainder,normalized_insertion,,1e-10,0.0001,,,,,,,,38,validated,1,3.4250000000000016,3.4750000000000014,0.050000000000000003,-1.7077482010182636,-1.5315268579476835,-2.0097238186972,-1.6439678913423239,0.17622134307058013,0.36575592735487605,0.54197727042545618,normalized_insertion,0.14896357724840348,0.35647334469645364,0.50543692194485712,,,,,,0.54197727042545629,0.42100007890265118,0.50543692194485723,4.5852004499674582e-06,9.8813129168249309e-324,0.35855460017868573,0.062445478723965428,0.074481788624201073,0.17823667234822602,-1.6196447334001125,-1.8271103539541889,6,6,54,68,990,54,1,0.075000000000000011,
flowstar_style_o6_candidate8_output6_cutoff_insert,flowstar_style,6,8,6,,target_remainder,normalized_insertion,,1e-10,0.0001,,,,,,,,39,validated,1,3.4750000000000014,3.5500000000000016,0.075000000000000011,-1.8292393491765311,-1.657782545647204,-1.6635608300625067,-1.2843797643399235,0.17145680352932713,0.37918106572258314,0.55063786925191027,normalized_insertion,0.12828643944664941,0.36943249593609639,0.49771893538274581,,,,,,0.55063786925191038,0.41416667666885371,0.49771893538274592,5.2056381018725987e-06,2.9768659088155435e-11,0.345104071889484,0.069062604779369652,0.064143219723323944,0.18471624796804756,-1.7435227979184156,-1.4742525969642499,6,6,53,68,990,53,0,0.10000000000000001,
flowstar_style_o6_candidate8_output6_cutoff_insert,flowstar_style,6,8,6,,target_remainder,normalized_insertion,,1e-10,0.0001,,,,,,,,40,validated,1,3.5500000000000016,3.6000000000000014,0.050000000000000003,-1.8838093115198253,-1.7388387715326286,-1.4230522854124581,-1.0544517159503966,0.14497053998719678,0.36860056946206154,0.51357110944925832,normalized_insertion,0.11448702924179299,0.36643099019644199,0.48091801943823498,,,,,,0.51357110944925843,0.4011542165480384,0.48091801943823503,3.0678713733115757e-06,2.0493574991574062e-10,0.32800806723598691,0.073146149312051462,0.057243514620895913,0.18321549509822033,-1.8113277717522107,-1.2388990401864568,6,6,52,68,810,52,1,0.075000000000000011,
flowstar_style_o6_candidate8_output6_cutoff_insert,flowstar_style,6,8,6,,target_remainder,normalized_insertion,,1e-10,0.0001,,,,,,,,41,validated,1,3.6000000000000014,3.6750000000000016,0.075000000000000011,-1.9606304157947028,-1.8224245417149809,-1.0773572486679981,-0.73251988047180494,0.13820587407972185,0.34483736819619315,0.483043242275915,normalized_insertion,0.094747845220308768,0.34348793587495963,0.4382357810952684,,,,,,0.48304324227591511,0.36757494461065909,0.43823578109526845,2.9198193692327221e-06,9.0765287531659521e-11,0.29041233913679015,0.077162605473868828,0.047373922610153628,0.17174396793747934,-1.8915339724429394,-0.90511780874014636,6,6,53,68,958,53,0,0.10000000000000001,
flowstar_style_o6_candidate8_output6_cutoff_insert,flowstar_style,6,8,6,,target_remainder,normalized_insertion,,1e-10,0.0001,,,,,,,,42,validated,1,3.6750000000000016,3.7750000000000017,0.10000000000000001,-2.0237986330639139,-1.9005063491570717,-0.66641379325999217,-0.37417398449231581,0.12329228390684221,0.29223980876767636,0.41553209267451857,normalized_insertion,0.071997114540634843,0.29071118698463005,0.3627083015252649,,,,,,0.41553209267451863,0.30723369553930446,0.36270830152526495,2.7502506789933932e-06,3.1981221800108189e-11,0.22806990447588243,0.079163791063422015,0.035998557270316728,0.14535559349231472,-1.9621611315572698,-0.52048969876399798,6,6,53,68,974,53,0,0.10000000000000001,
flowstar_style_o6_candidate8_output6_cutoff_insert,flowstar_style,6,8,6,,target_remainder,normalized_insertion,,1e-10,0.0001,,,,,,,,43,validated,1,3.7750000000000017,3.8750000000000018,0.10000000000000001,-2.0465722499835004,-1.9501029301128372,-0.33268235207929575,-0.10006060368971395,0.096469319870663206,0.2326217483895818,0.32909106826024503,normalized_insertion,0.054486718683473878,0.23175751515977666,0.28624423384325054,,,,,,0.32909106826024503,0.24573307657911661,0.2862442338432506,2.5498147947171038e-06,3.0578468447144449e-11,0.16711248186563604,0.078620594713480541,0.027243359341735999,0.11587875757988823,-1.9983430153174786,-0.21650563487345215,6,6,53,68,810,53,0,0.10000000000000001,
flowstar_style_o6_candidate8_output6_cutoff_insert,flowstar_style,6,8,6,,target_remainder,normalized_insertion,,1e-10,0.0001,,,,,,,,44,validated,1,3.8750000000000018,3.9750000000000019,0.10000000000000001,-2.0450537064850138,-1.970850167610023,-0.076327667496821419,0.10241043190855872,0.074203538874990871,0.17873809940538016,0.25294163828037103,normalized_insertion,0.045176158110228348,0.17826704635443208,0.22344320446466043,,,,,,0.25294163828037108,0.19550839197368594,0.22344320446466046,1.7041738455036672e-06,5.3382865127107384e-11,0.11931671552881987,0.076191676444866047,0.022588079055113165,0.089133523177215998,-2.0079551400744804,0.012957883065787375,6,6,52,68,810,52,0,0.10000000000000001,
flowstar_style_o6_candidate8_output6_cutoff_insert,flowstar_style,6,8,6,,target_remainder,normalized_insertion,,1e-10,0.0001,,,,,,,,45,validated,1,3.9750000000000019,4.075000000000002,0.10000000000000001,-2.0279890102090636,-1.9674968350643276,0.11511235975195401,0.2502555058115255,0.060492175144736038,0.13514314605957151,0.19563532120430754,normalized_insertion,0.05803711890833041,0.13465076941080711,0.19268788831913752,,,,,,0.19563532120430757,0.17026164266474506,0.19268788831913755,8.7372334661137396e-07,1.3140863252022053e-10,0.097654416089113488,0.072607226575631525,0.029018559454164278,0.067325384705403474,-1.9977446888870425,0.18263612303299795,6,6,52,68,801,52,0,0.10000000000000001,
flowstar_style_o6_candidate8_output6_cutoff_insert,flowstar_style,6,8,6,,target_remainder,normalized_insertion,,1e-10,0.0001,,,,,,,,46,validated,1,4.075000000000002,4.1750000000000016,0.10000000000000001,-2.0077723298506025,-1.93801854664164,0.25735501135648053,0.35904433069707453,0.069753783208962528,0.101689319340594,0.17144310254955653,normalized_insertion,0.068571210165356833,0.1011775370108875,0.16974874717624433,,,,,,0.17144310254955655,0.15081076372137414,0.16974874717624436,3.5179327747221259e-07,1.6367156536057856e-10,0.082286538432499473,0.068524225288874654,0.034285605082677514,0.050588768505443554,-1.9728960863832774,0.30817922545432036,6,6,51,68,801,51,0,0.10000000000000001,
flowstar_style_o6_candidate8_output6_cutoff_insert,flowstar_style,6,8,6,,target_remainder,normalized_insertion,,1e-10,0.0001,,,,,,,,47,validated,1,4.1750000000000016,4.2750000000000012,0.10000000000000001,-1.9759189049798715,-1.8983511301656282,0.36278463837164276,0.44288785743680742,0.077567774814243373,0.080103219065164655,0.15767099387940803,normalized_insertion,0.076791860670244461,0.079332515832248096,0.15612437650249256,,,,,,0.15767099387940806,0.13948454197418611,0.15612437650249258,1.084738361968454e-07,2.0950996664109799e-10,0.072135298706145864,0.067349243268040218,0.038395930335121647,0.039666257916123875,-1.9371348309918546,0.4028343817834163,6,6,50,68,801,50,0,0.10000000000000001,
flowstar_style_o6_candidate8_output6_cutoff_insert,flowstar_style,6,8,6,,target_remainder,normalized_insertion,,1e-10,0.0001,,,,,,,,48,validated,1,4.2750000000000012,4.3750000000000009,0.10000000000000001,-1.9350463988160085,-1.8509923776251878,0.44332560540047922,0.51008407766792851,0.084054021190820727,0.066758472267449298,0.15081249345827002,normalized_insertion,0.083517581490844428,0.065905592570863591,0.14942317406170802,,,,,,0.15081249345827005,0.13416302211322664,0.14942317406170805,4.8375811931621368e-08,5.2316439727369438e-11,0.065930339418145509,0.068232682695081107,0.041758790745421576,0.032952796285431546,-1.8930185788895617,0.47671543302646385,6,6,50,68,769,50,0,0.10000000000000001,
flowstar_style_o6_candidate8_output6_cutoff_insert,flowstar_style,6,8,6,,target_remainder,normalized_insertion,,1e-10,0.0001,,,,,,,,49,validated,1,4.3750000000000009,4.4750000000000005,0.10000000000000001,-1.8871150296163628,-1.7973614933445343,0.50749811256904476,0.56680361511525046,0.089753536271828471,0.059305502546205702,0.14905903881803417,normalized_insertion,0.089404912591219965,0.058438806292570478,0.14784371888379044,,,,,,0.1490590388180342,0.13328266402892147,0.14784371888379047,5.6419767564481814e-08,2.4475075607986448e-11,0.062658332555546439,0.070624331473375018,0.044702456295609323,0.029219403146284888,-1.8422369282335387,0.53717115945869609,6,6,50,68,769,50,0,0.10000000000000001,
flowstar_style_o6_candidate8_output6_cutoff_insert,flowstar_style,6,8,6,,target_remainder,normalized_insertion,,1e-10,0.0001,,,,,,,,50,validated,1,4.4750000000000005,4.5750000000000002,0.10000000000000001,-1.8334165073068998,-1.738297888428266,0.56137346185519177,0.61746332262776027,0.095118618878633709,0.056089860772568501,0.15120847965120221,normalized_insertion,0.094915024893432065,0.055225956660932329,0.15014098155436439,,,,,,0.15120847965120224,0.13577562324091574,0.15014098155436442,5.459232456891236e-08,4.3032238537356829e-11,0.061560501589706849,0.074215121651208887,0.047457512446715366,0.027612978330465787,-1.7858553697450306,0.58944753836457098,6,6,50,68,769,50,0,0.10000000000000001,
flowstar_style_o6_candidate8_output6_cutoff_insert,flowstar_style,6,8,6,,target_remainder,normalized_insertion,,1e-10,0.0001,,,,,,,,51,validated,1,4.5750000000000002,4.6749999999999998,0.10000000000000001,-1.7747319207210743,-1.67425948511074,0.6092619718466693,0.66528844176483237,0.10047243561033437,0.056026469918163069,0.15649890552849743,normalized_insertion,0.10037859392567539,0.05522900056229374,0.15560759448796913,,,,,,0.15649890552849746,0.14105432197417728,0.15560759448796915,4.5542107805885909e-08,5.0525679588075978e-11,0.062184697815178769,0.078869624158998466,0.050189296962836985,0.027614500281146526,-1.7244933613582154,0.63731350294798916,6,6,50,68,769,50,0,0.10000000000000001,
flowstar_style_o6_candidate8_output6_cutoff_insert,flowstar_style,6,8,6,,target_remainder,normalized_insertion,,1e-10,0.0001,,,,,,,,52,validated,1,4.6749999999999998,4.7749999999999995,0.10000000000000001,-1.7114815478610952,-1.6054164776451929,0.65424926102561554,0.71276637758450923,0.10606507021590228,0.058517116558893689,0.16458218677479597,normalized_insertion,0.10605409028595902,0.058395602233076271,0.1644496925190353,,,,,,0.164582186774796,0.14939876790672255,0.16444969251903532,3.5833147908399542e-08,5.6058447258962953e-11,0.064819906800329979,0.084578861106392553,0.053027045142978825,0.029197801116537848,-1.6584461003172863,0.68355640631117309,6,6,50,68,769,50,0,0.10000000000000001,
flowstar_style_o6_candidate8_output6_cutoff_insert,flowstar_style,6,8,6,,target_remainder,normalized_insertion,,1e-10,0.0001,,,,,,,,53,validated,1,4.7749999999999995,4.8749999999999991,0.10000000000000001,-1.6438483697857971,-1.5316856184744194,0.6984085842506218,0.76216549387314159,0.11216275131137765,0.063756909622519786,0.17591966093389744,normalized_insertion,0.11215912572142628,0.063696426069516976,0.17585555179094325,,,,,,0.17591966093389746,0.16003634650971255,0.17585555179094328,3.6834064709070105e-08,1.5389479550491899e-10,0.068599548080214595,0.091436798429497923,0.056079562860712383,0.031848213034758197,-1.5877634171435804,0.73034776361790443,6,6,49,68,769,49,0,0.10000000000000001,
flowstar_style_o6_candidate8_output6_cutoff_insert,flowstar_style,6,8,6,,target_remainder,normalized_insertion,,1e-10,0.0001,,,,,,,,54,validated,1,4.8749999999999991,4.9749999999999988,0.10000000000000001,-1.5717512254185393,-1.4528523965411702,0.74389608026651721,0.81496788129833309,0.11889882887736913,0.071071801031815873,0.18997062990918501,normalized_insertion,0.11889603203652488,0.071019698769258621,0.1899157308057835,,,,,,0.18997062990918503,0.17307036212626487,0.18991573080578353,4.2778647034846193e-08,1.4437921951342482e-10,0.073454127104288044,0.099616235021976807,0.059448016018261739,0.035509849384628929,-1.5122974238264206,0.77950776141861766,6,6,49,68,760,49,0,0.10000000000000001,
flowstar_style_o6_candidate8_output6_cutoff_insert,flowstar_style,6,8,6,,target_remainder,normalized_insertion,,1e-10,0.0001,,,,,,,,55,validated,1,4.9749999999999988,5,0.025000000000001243,-1.5530018544605819,-1.4322981143845588,0.75571306051232545,0.82895191372985277,0.12070374007602314,0.073238853217527322,0.19394259329355046,normalized_insertion,0.12070354405432182,0.073224649454479929,0.19392819350880175,,,,,,0.19394259329355049,0.17678544559323484,0.19392819350880178,1.166685544224365e-08,5.0966019891422472e-11,0.074841435499978001,0.10194401009325679,0.060351772027160126,0.036612324727239666,-1.4926495793170351,0.79236391369038539,6,6,49,68,744,49,0,0.037500000000001865,
