run_id,segment_index,t_lo,t_hi,x_lo,x_hi,y_lo,y_hi,h,order,reset_box_source,validation_mode,reset_mode,width_x,width_y,width_sum
flowstar_style_o6_candidate8_output6_cutoff,0,0,0.050000000000000003,1.2152074582892709,1.5176150544840932,2.1485666581987743,2.3525636893406876,0.050000000000000003,6,normalized_endpoint_reset_box,target_remainder,normalized_endpoint_box,0.30240759619482382,0.20399703114191592,0.50640462733673974
flowstar_style_o6_candidate8_output6_cutoff,1,0.050000000000000003,0.125,1.3692063357700957,1.6807302364750356,1.7943747083219947,2.1409499366540383,0.075000000000000011,6,normalized_endpoint_reset_box,target_remainder,normalized_endpoint_box,0.31152390070494151,0.34657522833204557,0.65809912903698708
flowstar_style_o6_candidate8_output6_cutoff,2,0.125,0.17499999999999999,1.4550816558058985,1.7809346484860209,1.5355200430230933,1.9672614556947605,0.050000000000000003,6,normalized_endpoint_reset_box,target_remainder,normalized_endpoint_box,0.32585299268012369,0.43174141267166855,0.75759440535179223
flowstar_style_o6_candidate8_output6_cutoff,3,0.17499999999999999,0.25,1.5610151319846115,1.9121506042266698,1.1440015328937223,1.6745937126549095,0.075000000000000011,6,normalized_endpoint_reset_box,target_remainder,normalized_endpoint_box,0.35113547224205988,0.530592179761189,0.88172765200324887
flowstar_style_o6_candidate8_output6_cutoff,4,0.25,0.29999999999999999,1.6141843495233801,1.9884964722262473,0.89051752062578282,1.4737543353101896,0.050000000000000003,6,normalized_endpoint_reset_box,target_remainder,normalized_endpoint_box,0.37431212270286851,0.58323681468440802,0.95754893738727653
flowstar_style_o6_candidate8_output6_cutoff,5,0.29999999999999999,0.375,1.6724998160771463,2.0830158552387865,0.54618009264389744,1.1757136900186158,0.075000000000000011,6,normalized_endpoint_reset_box,target_remainder,normalized_endpoint_box,0.41051603916164203,0.62953359737471959,1.0400496365363616
flowstar_style_o6_candidate8_output6_cutoff,6,0.375,0.42499999999999999,1.6965312259194021,2.1352000876297299,0.34222961505924759,0.99064446739556478,0.050000000000000003,6,normalized_endpoint_reset_box,target_remainder,normalized_endpoint_box,0.43866886171032982,0.6484148523363179,1.0870837140466478
flowstar_style_o6_candidate8_output6_cutoff,7,0.42499999999999999,0.5,1.715818388510117,2.1961093407287127,0.085705144712730261,0.73489398229015379,0.075000000000000011,6,normalized_endpoint_reset_box,target_remainder,normalized_endpoint_box,0.48029095221859763,0.64918883757742407,1.1294797897960218
flowstar_style_o6_candidate8_output6_cutoff,8,0.5,0.55000000000000004,1.7177845185498377,2.2276828861733935,-0.056875062195617228,0.58433726787059292,0.050000000000000003,6,normalized_endpoint_reset_box,target_remainder,normalized_endpoint_box,0.509898367623558,0.64121233006621081,1.1511106976897687
flowstar_style_o6_candidate8_output6_cutoff,9,0.55000000000000004,0.625,1.7091385307567497,2.2614824314361797,-0.2271560764622185,0.3836983481947927,0.075000000000000011,6,normalized_endpoint_reset_box,target_remainder,normalized_endpoint_box,0.55234390067943218,0.61085442465701167,1.163198325336444
flowstar_style_o6_candidate8_output6_cutoff,10,0.625,0.67500000000000004,1.6961898471167924,2.2769755170694022,-0.31766119038849289,0.26800281897597306,0.050000000000000003,6,normalized_endpoint_reset_box,target_remainder,normalized_endpoint_box,0.58078566995261172,0.58566400936446639,1.1664496793170782
flowstar_style_o6_candidate8_output6_cutoff,11,0.67500000000000004,0.75,1.6692850215229478,2.2901613214764835,-0.42205713886505181,0.11548933483937547,0.075000000000000011,6,normalized_endpoint_reset_box,target_remainder,normalized_endpoint_box,0.62087629995353799,0.53754647370442776,1.1584227736579658
flowstar_style_o6_candidate8_output6_cutoff,12,0.75,0.80000000000000004,1.6469917985049558,2.2934947215402741,-0.47583988029446239,0.027481174595654471,0.050000000000000003,6,normalized_endpoint_reset_box,target_remainder,normalized_endpoint_box,0.64650292303532053,0.50332105489011736,1.149823977925438
flowstar_style_o6_candidate8_output6_cutoff,13,0.80000000000000004,0.875,1.6088660901275138,2.2911083199141609,-0.53917298166628569,-0.086590451136478952,0.075000000000000011,6,normalized_endpoint_reset_box,target_remainder,normalized_endpoint_box,0.68224222978664928,0.45258253052980724,1.1348247603164565
flowstar_style_o6_candidate8_output6_cutoff,14,0.875,0.92500000000000004,1.5808831015124676,2.2852770467864194,-0.57936835496001959,-0.14531658745597437,0.050000000000000003,6,normalized_endpoint_reset_box,target_remainder,normalized_endpoint_box,0.70439394527395405,0.43405176750404573,1.1384457127779997
flowstar_style_o6_candidate8_output6_cutoff,15,0.92500000000000004,1,1.5352388043881589,2.2716937174495486,-0.63650360392332639,-0.21459158347321636,0.075000000000000011,6,normalized_endpoint_reset_box,target_remainder,normalized_endpoint_box,0.73645491306139199,0.4219120204501105,1.1583669335115026
flowstar_style_o6_candidate8_output6_cutoff,16,1,1.05,1.5024517774987154,2.2600908140827758,-0.67432780187875363,-0.24902214378298015,0.050000000000000003,6,normalized_endpoint_reset_box,target_remainder,normalized_endpoint_box,0.75763903658406262,0.42530565809577398,1.1829446946798365
flowstar_style_o6_candidate8_output6_cutoff,17,1.05,1.0875000000000001,1.4766214382312519,2.2503643417806667,-0.70285658284393238,-0.26966318112266729,0.037500000000000006,6,normalized_endpoint_reset_box,target_remainder,normalized_endpoint_box,0.77374290354941699,0.43319340172126564,1.2069363052706827
flowstar_style_o6_candidate8_output6_cutoff,18,1.0875000000000001,1.14375,1.4358713665161382,2.2344825682404066,-0.74535369210744629,-0.29488083664603176,0.056250000000000008,6,normalized_endpoint_reset_box,target_remainder,normalized_endpoint_box,0.79861120172427014,0.45047285546141513,1.2490840571856854
flowstar_style_o6_candidate8_output6_cutoff,19,1.14375,1.1859375000000001,1.4037243319422252,2.2217571475300435,-0.77820019117506456,-0.30856021790256621,0.042187500000000003,6,normalized_endpoint_reset_box,target_remainder,normalized_endpoint_box,0.81803281558782048,0.46963997327249907,1.2876727888603194
flowstar_style_o6_candidate8_output6_cutoff,20,1.1859375000000001,1.24921875,1.3528747978342901,2.2017573202425305,-0.82819003620880827,-0.32387783098342898,0.063281250000000011,6,normalized_endpoint_reset_box,target_remainder,normalized_endpoint_box,0.84888252240824258,0.50431220522538001,1.3531947276336225
flowstar_style_o6_candidate8_output6_cutoff,21,1.24921875,1.2966796875,1.3126111676240568,2.1862581431710959,-0.86804413418555404,-0.32971531043913521,0.047460937500000008,6,normalized_endpoint_reset_box,target_remainder,normalized_endpoint_box,0.87364697554704129,0.53832882374641955,1.4119757992934607
flowstar_style_o6_candidate8_output6_cutoff,22,1.2966796875,1.332275390625,1.2811441629972333,2.1745069407556925,-0.89963388852560777,-0.33095631692849853,0.035595703125000003,6,normalized_endpoint_reset_box,target_remainder,normalized_endpoint_box,0.8933627777584614,0.56867757159711008,1.4620403493555716
flowstar_style_o6_candidate8_output6_cutoff,23,1.332275390625,1.3856689453125,1.2317842835526884,2.1568784227412756,-0.94877910624343531,-0.33012822674966019,0.053393554687500004,6,normalized_endpoint_reset_box,target_remainder,normalized_endpoint_box,0.92509413918858896,0.61865087949377584,1.5437450186823649
flowstar_style_o6_candidate8_output6_cutoff,24,1.3856689453125,1.4257141113281249,1.1929846973192162,2.1437648296197276,-0.98865530842637828,-0.3254137041834308,0.040045166015625001,6,normalized_endpoint_reset_box,target_remainder,normalized_endpoint_box,0.95078013230051361,0.6632416042429482,1.6140217365434619
flowstar_style_o6_candidate8_output6_cutoff,25,1.4257141113281249,1.4857818603515625,1.1316815076221265,2.1245681957868978,-1.0519911455400182,-0.31492465282342386,0.060067749023437506,6,normalized_endpoint_reset_box,target_remainder,normalized_endpoint_box,0.99288668816477355,0.7370664927165953,1.7299531808813688
flowstar_style_o6_candidate8_output6_cutoff,26,1.4857818603515625,1.5308326721191405,1.0830895883283036,2.110711752801703,-1.1048654760484693,-0.30108650180837276,0.045050811767578129,6,normalized_endpoint_reset_box,target_remainder,normalized_endpoint_box,1.0276221644734016,0.80377897424009748,1.831401138713499
flowstar_style_o6_candidate8_output6_cutoff,27,1.5308326721191405,1.564620780944824,1.0450224755399955,2.1007891629514632,-1.1481486824582086,-0.2868740912936078,0.033788108825683595,6,normalized_endpoint_reset_box,target_remainder,normalized_endpoint_box,1.0557666874114697,0.8612745911646017,1.9170412785760713
flowstar_style_o6_candidate8_output6_cutoff,28,1.564620780944824,1.6153029441833495,0.98506522943996677,2.0869045526377694,-1.2175520694084661,-0.26219565881600626,0.050682163238525396,6,normalized_endpoint_reset_box,target_remainder,normalized_endpoint_box,1.1018393231978048,0.95535641059246079,2.0571957337902655
flowstar_style_o6_candidate8_output6_cutoff,29,1.6153029441833495,1.6533145666122435,0.93767403315026987,2.0774217345874648,-1.2757233389039233,-0.23755189013862937,0.038011622428894047,6,normalized_endpoint_reset_box,target_remainder,normalized_endpoint_box,1.1397477014371968,1.0381714487652953,2.1779191502024924
flowstar_style_o6_candidate8_output6_cutoff,30,1.6533145666122435,1.681823283433914,0.90062232857260882,2.0709785327860692,-1.3234004912243462,-0.21502753487870155,0.028508716821670534,6,normalized_endpoint_reset_box,target_remainder,normalized_endpoint_box,1.1703562042134623,1.1083729563456457,2.278729160559108
flowstar_style_o6_candidate8_output6_cutoff,31,1.681823283433914,1.7245863586664198,0.84238619975267204,2.0626109470845839,-1.4001069108871267,-0.17733491435590776,0.042763075232505804,6,normalized_endpoint_reset_box,target_remainder,normalized_endpoint_box,1.2202247473319139,1.2227719965312203,2.4429967438631341
flowstar_style_o6_candidate8_output6_cutoff,32,1.7245863586664198,1.7566586650907992,0.79645000336699312,2.0574938677167194,-1.4642954693963468,-0.14245186183011721,0.032072306424379353,6,normalized_endpoint_reset_box,target_remainder,normalized_endpoint_box,1.2610438643497284,1.3218436075662308,2.5828874719159591
flowstar_style_o6_candidate8_output6_cutoff,33,1.7566586650907992,1.7807128949090836,0.76059447807371316,2.0544402353386788,-1.5167890258951715,-0.11192829602812256,0.024054229818284513,6,normalized_endpoint_reset_box,target_remainder,normalized_endpoint_box,1.2938457572649675,1.4048607298670504,2.6987064871320179
flowstar_style_o6_candidate8_output6_cutoff,34,1.7807128949090836,1.8167942396365104,0.70434225448928278,2.051325445178807,-1.6012699031046254,-0.061552545701346648,0.036081344727426773,6,normalized_endpoint_reset_box,target_remainder,normalized_endpoint_box,1.3469831906895262,1.5397173574032799,2.8867005480928061
flowstar_style_o6_candidate8_output6_cutoff,35,1.8167942396365104,1.8438552481820805,0.66005706633234373,2.0502747809577704,-1.671670051579802,-0.016659379476964737,0.02706100854557008,6,normalized_endpoint_reset_box,target_remainder,normalized_endpoint_box,1.3902177146254286,1.6550106721028386,3.045228386728267
flowstar_style_o6_candidate8_output6_cutoff,36,1.8438552481820805,1.8641510045912579,0.62554635303911221,2.0503296467102303,-1.7290261444985051,0.021665196586491395,0.020295756409177558,6,normalized_endpoint_reset_box,target_remainder,normalized_endpoint_box,1.4247832936711202,1.7506913410849976,3.1754746347561178
flowstar_style_o6_candidate8_output6_cutoff,37,1.8641510045912579,1.8945946392050244,0.57150697641309645,2.0519533528957679,-1.8212064229608034,0.084374995009841414,0.030443634613766337,6,normalized_endpoint_reset_box,target_remainder,normalized_endpoint_box,1.4804463764826734,1.9055814179706461,3.3860277944533195
flowstar_style_o6_candidate8_output6_cutoff,38,1.8945946392050244,1.9174273651653491,0.52905196936519061,2.0545073263101554,-1.8976093204232733,0.13890501819348622,0.022832725960324752,6,normalized_endpoint_reset_box,target_remainder,normalized_endpoint_box,1.5254553569449667,2.0365143386167608,3.5619696955617277
flowstar_style_o6_candidate8_output6_cutoff,39,1.9174273651653491,1.9345519096355925,0.49602540716714838,2.0572805299972279,-1.9595728917019415,0.18466087233208636,0.017124544470243565,6,normalized_endpoint_reset_box,target_remainder,normalized_endpoint_box,1.5612551228300813,2.1442337640340297,3.7054888868641109
flowstar_style_o6_candidate8_output6_cutoff,40,1.9345519096355925,1.960238726340958,0.4444170095951534,2.0629844220680669,-2.0589222258248423,0.2590081437570006,0.025686816705365347,6,normalized_endpoint_reset_box,target_remainder,normalized_endpoint_box,1.6185674124729152,2.3179303695818447,3.9364977820547598
flowstar_style_o6_candidate8_output6_cutoff,41,1.960238726340958,1.9795038388699819,0.40396414549115567,2.0685886349541813,-2.1407731745288792,0.32247790848399827,0.01926511252902401,6,normalized_endpoint_reset_box,target_remainder,normalized_endpoint_box,1.6646244894630273,2.4632510830128798,4.1278755724759071
flowstar_style_o6_candidate8_output6_cutoff,42,1.9795038388699819,1.9939526732667499,0.37255528496317997,2.0736294628389413,-2.2068272495771621,0.37502247820997764,0.014448834396768008,6,normalized_endpoint_reset_box,target_remainder,normalized_endpoint_box,1.7010741778757632,2.5818497277871422,4.2829239056629049
flowstar_style_o6_candidate8_output6_cutoff,43,1.9939526732667499,2.0156259248619017,0.32358528063216657,2.0826797092555593,-2.3124143819852798,0.45985727218428102,0.021673251595152012,6,normalized_endpoint_reset_box,target_remainder,normalized_endpoint_box,1.7590944286233947,2.7722716541695629,4.5313660827929576
flowstar_style_o6_candidate8_output6_cutoff,44,2.0156259248619017,2.0318808635582659,0.28529580930295523,2.0907362314637283,-2.3988547102949194,0.53120311244060781,0.016254938696364008,6,normalized_endpoint_reset_box,target_remainder,normalized_endpoint_box,1.8054404221607749,2.9300578227355292,4.7354982448963039
flowstar_style_o6_candidate8_output6_cutoff,45,2.0318808635582659,2.0562632716028117,0.22510617407106975,2.1051149261494144,-2.5389909673729649,0.6480978599694377,0.024382408044546014,6,normalized_endpoint_reset_box,target_remainder,normalized_endpoint_box,1.8800087520783464,3.187088827342405,5.0670975794207518
flowstar_style_o6_candidate8_output6_cutoff,46,2.0562632716028117,2.0745500776362213,0.17761169215448838,2.1178839710751061,-2.6558505243802788,0.74834226241878976,0.01828680603340951,6,normalized_endpoint_reset_box,target_remainder,normalized_endpoint_box,1.9402722789206195,3.4041927867990709,5.3444650657196906
flowstar_style_o6_candidate8_output6_cutoff,47,2.0745500776362213,2.0882651821612783,0.14053494854171653,2.1287198138818817,-2.7510856200036655,0.83169325639554958,0.013715104525057132,6,normalized_endpoint_reset_box,target_remainder,normalized_endpoint_box,1.988184865340167,3.5827788763992174,5.5709637417393845
flowstar_style_o6_candidate8_output6_cutoff,48,2.0882651821612783,2.108837838948864,0.082363104334189266,2.1472253255843925,-2.9050821574436165,0.96748628065436071,0.0205726567875857,6,normalized_endpoint_reset_box,target_remainder,normalized_endpoint_box,2.0648622212502055,3.8725684380979795,5.9374306593481849
flowstar_style_o6_candidate8_output6_cutoff,49,2.108837838948864,2.1242673315395533,0.036558562693602574,2.1630394493629477,-3.0327551907479244,1.0824488045034875,0.015429492590689275,6,normalized_endpoint_reset_box,target_remainder,normalized_endpoint_box,2.1264808866693472,4.1152039952514157,6.2416848819207633
flowstar_style_o6_candidate8_output6_cutoff,50,2.1242673315395533,2.1358394509825702,0.00086577001814117788,2.1761133554222853,-3.1363085850603234,1.1771090430983884,0.011572119443016955,6,normalized_endpoint_reset_box,target_remainder,normalized_endpoint_box,2.1752475854041466,4.3134176281587155,6.4886652135628626
flowstar_style_o6_candidate8_output6_cutoff,51,2.1358394509825702,2.1531976301470959,-0.055014236186774278,2.1978736651071751,-3.3032389106333118,1.330484473114629,0.017358179164525433,6,normalized_endpoint_reset_box,target_remainder,normalized_endpoint_box,2.2528879012939522,4.6337233837479435,6.8866112850418961
flowstar_style_o6_candidate8_output6_cutoff,52,2.1531976301470959,2.1662162645204899,-0.098908956141750659,2.2160290327412717,-3.4407978069328329,1.4588767670514127,0.013018634373394074,6,normalized_endpoint_reset_box,target_remainder,normalized_endpoint_box,2.3149379888830248,4.8996745739842495,7.2146125628672744
flowstar_style_o6_candidate8_output6_cutoff,53,2.1662162645204899,2.1759802403005355,-0.13304504201191611,2.2307846842340653,-3.5518197693901392,1.5636834404245052,0.0097639757800455553,6,normalized_endpoint_reset_box,target_remainder,normalized_endpoint_box,2.3638297262459838,5.1155032098146478,7.4793329360606311
flowstar_style_o6_candidate8_output6_cutoff,54,2.1759802403005355,2.1906262039706039,-0.18636188965159953,2.2549189496096043,-3.7301554837149271,1.7325890639554744,0.014645963670068332,6,normalized_endpoint_reset_box,target_remainder,normalized_endpoint_box,2.4412808392612066,5.4627445476704048,7.9040253869316111
flowstar_style_o6_candidate8_output6_cutoff,55,2.1906262039706039,2.2016106767231554,-0.22813367538861601,2.2747173510378409,-3.87619425077636,1.8725527008571348,0.010984472752551249,6,normalized_endpoint_reset_box,target_remainder,normalized_endpoint_box,2.502851026426459,5.7487469516334979,8.2515979780599569
flowstar_style_o6_candidate8_output6_cutoff,56,2.2016106767231554,2.2098490312875687,-0.26054851598256951,2.2906103827517295,-3.993463305254382,1.9859097364889731,0.0082383545644134359,6,normalized_endpoint_reset_box,target_remainder,normalized_endpoint_box,2.5511588987343012,5.9793730417433588,8.5305319404776601
flowstar_style_o6_candidate8_output6_cutoff,57,2.2098490312875687,2.222206563134189,-0.31104911708133837,2.3162695760907099,-4.1810924721738978,2.1676285565346225,0.012357531846620154,6,normalized_endpoint_reset_box,target_remainder,normalized_endpoint_box,2.6273186931720507,6.3487210287085247,8.976039721880575
flowstar_style_o6_candidate8_output6_cutoff,58,2.222206563134189,2.2314747120191543,-0.35050393190985862,2.3370488198592718,-4.3337587900154091,2.316811393324135,0.0092681488849651154,6,normalized_endpoint_reset_box,target_remainder,normalized_endpoint_box,2.6875527517691324,6.6505701833395499,9.3381229351086823
flowstar_style_o6_candidate8_output6_cutoff,59,2.2314747120191543,2.2384258236828782,-0.38105077279009791,2.3535694112991563,-4.4557182200131829,2.4367611270884231,0.0069511116637238366,6,normalized_endpoint_reset_box,target_remainder,normalized_endpoint_box,2.7346201840892563,6.8924793471016104,9.6270995311908667
flowstar_style_o6_candidate8_output6_cutoff,60,2.2384258236828782,2.248852491178464,-0.42851506484583446,2.3799695837612007,-4.6500228488487076,2.6280427009882987,0.010426667495585755,6,normalized_endpoint_reset_box,target_remainder,normalized_endpoint_box,2.8084846486070374,7.2780655498370113,10.086550198444048
flowstar_style_o6_candidate8_output6_cutoff,61,2.248852491178464,2.2566724918001535,-0.465489314613591,2.4011277153751456,-4.8070982139304297,2.7837203863056836,0.0078200006216893169,6,normalized_endpoint_reset_box,target_remainder,normalized_endpoint_box,2.8666170299887384,7.5908186002361182,10.457435630224857
flowstar_style_o6_candidate8_output6_cutoff,62,2.2566724918001535,2.2625374922664205,-0.49404778085924111,2.4178181577139815,-4.931930167996696,2.9080487236276995,0.0058650004662669872,6,normalized_endpoint_reset_box,target_remainder,normalized_endpoint_box,2.9118659385732246,7.8399788916244004,10.751844830197625
flowstar_style_o6_candidate8_output6_cutoff,63,2.2625374922664205,2.2713349929658211,-0.53830156724282052,2.444265494013421,-5.1299224644252188,3.1052907855557979,0.0087975006994004817,6,normalized_endpoint_reset_box,target_remainder,normalized_endpoint_box,2.9825670612562436,8.2352132499810224,11.217780311237266
flowstar_style_o6_candidate8_output6_cutoff,64,2.2713349929658211,2.2779331184903713,-0.57267154532011877,2.4652782938142415,-5.2889461143405754,3.2645235125652534,0.0065981255245503613,6,normalized_endpoint_reset_box,target_remainder,normalized_endpoint_box,3.0379498391343622,8.5534696269058355,11.591419466040197
flowstar_style_o6_candidate8_output6_cutoff,65,2.2779331184903713,2.2828817126337841,-0.59915450456347741,2.4817451898675942,-5.4146774873366903,3.3908893219099978,0.004948594143412771,6,normalized_endpoint_reset_box,target_remainder,normalized_endpoint_box,3.0808996944310736,8.8055668092466952,11.886466503677768
flowstar_style_o6_candidate8_output6_cutoff,66,2.2828817126337841,2.2903046038489032,-0.6400791753505406,2.5076524812455272,-5.6131813282881389,3.5903522168743649,0.007422891215119156,6,normalized_endpoint_reset_box,target_remainder,normalized_endpoint_box,3.1477316565960698,9.2035335451625109,12.351265201758581
flowstar_style_o6_candidate8_output6_cutoff,67,2.2903046038489032,2.2958717722602424,-0.67176771027558069,2.5280840997706555,-5.7716037784928682,3.7501606359050821,0.005567168411339367,6,normalized_endpoint_reset_box,target_remainder,normalized_endpoint_box,3.1998518100462383,9.521764414397957,12.721616224444196
flowstar_style_o6_candidate8_output6_cutoff,68,2.2958717722602424,2.3000471485687468,-0.69612576320217656,2.5440051866849913,-5.8962308339932017,3.8762354988324264,0.0041753763085045255,6,normalized_endpoint_reset_box,target_remainder,normalized_endpoint_box,3.24013094988717,9.7724663328256334,13.012597282712804
flowstar_style_o6_candidate8_output6_cutoff,69,2.3000471485687468,2.3063102130315034,-0.73366399590664488,2.5688998923903239,-6.0920847533720863,4.0742653146546264,0.0062630644627567882,6,normalized_endpoint_reset_box,target_remainder,normalized_endpoint_box,3.3025638882969708,10.16635006802672,13.468913956323691
flowstar_style_o6_candidate8_output6_cutoff,70,2.3063102130315034,2.3110075113785711,-0.76264370586314745,2.5884069243731429,-6.2474301552855298,4.2318052684299143,0.0046972983470675907,6,normalized_endpoint_reset_box,target_remainder,normalized_endpoint_box,3.3510506302362923,10.479235423715451,13.830286053951744
flowstar_style_o6_candidate8_output6_cutoff,71,2.3110075113785711,2.3180534588991724,-0.80752374935848825,2.6190981939165381,-6.4936442615691092,4.4813125888348448,0.0070459475206013861,6,normalized_endpoint_reset_box,target_remainder,normalized_endpoint_box,3.4266219432750287,10.974956850403961,14.40157879367899
flowstar_style_o6_candidate8_output6_cutoff,72,2.3180534588991724,2.3233379195396235,-0.84235756058823608,2.6433072650047653,-6.6909182782394341,4.681840703913295,0.0052844606404510398,6,normalized_endpoint_reset_box,target_remainder,normalized_endpoint_box,3.4856648255930036,11.372758982152735,14.858423807745739
flowstar_style_o6_candidate8_output6_cutoff,73,2.3233379195396235,2.3273012650199618,-0.86918331332784171,2.6621764813994506,-6.8465891318123706,4.8404336841426927,0.0039633454803382796,6,normalized_endpoint_reset_box,target_remainder,normalized_endpoint_box,3.5313597947272943,11.687022815955071,15.218382610682365
flowstar_style_o6_candidate8_output6_cutoff,74,2.3273012650199618,2.3332462832404692,-0.9106112829663251,2.6916919973882178,-7.0921413427617814,5.0903605834087857,0.0059450182205074194,6,normalized_endpoint_reset_box,target_remainder,normalized_endpoint_box,3.6023032803545458,12.182501926170573,15.784805206525119
flowstar_style_o6_candidate8_output6_cutoff,75,2.3332462832404692,2.33770504690585,-0.94266713248013867,2.7148317139160332,-7.287643381829878,5.2898066780476052,0.0044587636653805642,6,normalized_endpoint_reset_box,target_remainder,normalized_endpoint_box,3.657498846396174,12.57745005987749,16.234948906273665
flowstar_style_o6_candidate8_output6_cutoff,76,2.33770504690585,2.3410491196548855,-0.96729334142622525,2.7327828777033218,-7.4411479980724193,5.4466729849095907,0.0033440727490354231,6,normalized_endpoint_reset_box,target_remainder,normalized_endpoint_box,3.7000762191295493,12.887820982982017,16.587897202111566
flowstar_style_o6_candidate8_output6_cutoff,77,2.3410491196548855,2.3460652287784387,-1.0052195516277163,2.7607180277900811,-7.6821366617019082,5.692686957425086,0.0050161091235531342,6,normalized_endpoint_reset_box,target_remainder,normalized_endpoint_box,3.7659375794177996,13.374823619127001,17.140761198544801
flowstar_style_o6_candidate8_output6_cutoff,78,2.3460652287784387,2.3498273106211034,-1.0344774794330098,2.7824999919311333,-7.8728381028788288,5.8877072685136129,0.0037620818426648507,6,normalized_endpoint_reset_box,target_remainder,normalized_endpoint_box,3.8169774713641456,13.76054537139245,17.577522842756593
flowstar_style_o6_candidate8_output6_cutoff,79,2.3498273106211034,2.352648872003102,-1.0569007902140157,2.7993273457488597,-8.0218588061056,6.0402992452226947,0.0028215613819986378,6,normalized_endpoint_reset_box,target_remainder,normalized_endpoint_box,3.8562281359628776,14.062158051328304,17.91838618729118
flowstar_style_o6_candidate8_output6_cutoff,80,2.352648872003102,2.3568812140761,-1.0913420404200476,2.8253938372712755,-8.2547302283959745,6.2785043084830896,0.0042323420729979567,6,normalized_endpoint_reset_box,target_remainder,normalized_endpoint_box,3.9167358776913259,14.533234536879073,18.449970414570398
flowstar_style_o6_candidate8_output6_cutoff,81,2.3568812140761,2.3600554706308485,-1.1178342988822816,2.845620377214495,-8.4379427020965849,6.4661652538794812,0.0031742565547484675,6,normalized_endpoint_reset_box,target_remainder,normalized_endpoint_box,3.963454676096779,14.904107955976075,18.867562632072854
flowstar_style_o6_candidate8_output6_cutoff,82,2.3600554706308485,2.3648168554629714,-1.1586921893946449,2.8771065885938865,-8.72627846721333,6.7611330712796454,0.0047613848321227011,6,normalized_endpoint_reset_box,target_remainder,normalized_endpoint_box,4.0357987779885347,15.487411538492985,19.523210316481521
flowstar_style_o6_candidate8_output6_cutoff,83,2.3648168554629714,2.3683878940870633,-1.1902603571090589,2.9016675418232967,-8.9550029173330543,6.9954418382232983,0.0035710386240920258,6,normalized_endpoint_reset_box,target_remainder,normalized_endpoint_box,4.0919278989323589,15.950444755556362,20.04237265448872
flowstar_style_o6_candidate8_output6_cutoff,84,2.3683878940870633,2.3710661730551323,-1.2144833086791917,2.92064853764355,-9.1340752586469041,7.179072069653845,0.0026782789680690191,6,normalized_endpoint_reset_box,target_remainder,normalized_endpoint_box,4.1351318463227447,16.313147328300765,20.448279174623508
flowstar_style_o6_candidate8_output6_cutoff,85,2.3710661730551323,2.3750835915072357,-1.251738515015014,2.9500639732604705,-9.4145521613353473,7.4663389647922704,0.0040174184521035283,6,normalized_endpoint_reset_box,target_remainder,normalized_endpoint_box,4.2018024882754883,16.880891126127629,21.082693614403119
flowstar_style_o6_candidate8_output6_cutoff,86,2.3750835915072357,2.3780966553463134,-1.2804368358102134,2.9729009262290642,-9.6357236511161553,7.6931017375045379,0.0030130638390776462,6,normalized_endpoint_reset_box,target_remainder,normalized_endpoint_box,4.2533377620392816,17.328825388620707,21.582163150659987
flowstar_style_o6_candidate8_output6_cutoff,87,2.3780966553463134,2.3803564532256218,-1.3024057720272726,2.9904851410868143,-9.8080803144744877,7.8699518443672147,0.0022597978793082348,6,normalized_endpoint_reset_box,target_remainder,normalized_endpoint_box,4.2928909131140909,17.678032158841717,21.970923071955809
flowstar_style_o6_candidate8_output6_cutoff,88,2.3803564532256218,2.3837461500445842,-1.3361050478626184,3.0176265486412981,-10.076803116611346,8.1453661362515231,0.0033896968189623521,6,normalized_endpoint_reset_box,target_remainder,normalized_endpoint_box,4.3537315965039198,18.222169252862884,22.575900849366803
flowstar_style_o6_candidate8_output6_cutoff,89,2.3837461500445842,2.3862884226588061,-1.3619898075002868,3.038608166470981,-10.287522259369053,8.3615054747434492,0.0025422726142217641,6,normalized_endpoint_reset_box,target_remainder,normalized_endpoint_box,4.4005979739712711,18.649027734112515,23.049625708083788
flowstar_style_o6_candidate8_output6_cutoff,90,2.3862884226588061,2.390101831580139,-1.4018464620500075,3.0711361994524884,-10.618207613952697,8.7002452453399766,0.0038134089213326464,6,normalized_endpoint_reset_box,target_remainder,normalized_endpoint_box,4.472982661502499,19.318452859292687,23.791435520795186
flowstar_style_o6_candidate8_output6_cutoff,91,2.390101831580139,2.3929618882711385,-1.4325868446634504,3.0964008396321336,-10.879468074884304,8.9680882296131106,0.0028600566909994848,6,normalized_endpoint_reset_box,target_remainder,normalized_endpoint_box,4.5289876842955881,19.847556304497431,24.376543988793017
flowstar_style_o6_candidate8_output6_cutoff,92,2.3929618882711385,2.395106930789388,-1.4561416808149361,3.1158614766184605,-11.083366966363556,9.1772507940482235,0.0021450425182496136,6,normalized_endpoint_reset_box,target_remainder,normalized_endpoint_box,4.5720031574334001,20.260617760411794,24.832620917845194
flowstar_style_o6_candidate8_output6_cutoff,93,2.395106930789388,2.3983244945667623,-1.4923122787550893,3.1459121047200629,-11.40183968039609,9.5035434763193969,0.0032175637773744206,6,normalized_endpoint_reset_box,target_remainder,normalized_endpoint_box,4.6382243834751549,20.905383156715502,25.543607540190656
flowstar_style_o6_candidate8_output6_cutoff,94,2.3983244945667623,2.4007376673997931,-1.5201273888284446,3.1691541295556336,-11.652013796870204,9.7600200147730103,0.0024131728330308152,6,normalized_endpoint_reset_box,target_remainder,normalized_endpoint_box,4.6892815183840817,21.412033811643226,26.101315330027308
flowstar_style_o6_candidate8_output6_cutoff_insert,0,0,0.050000000000000003,1.2152074582892709,1.5176150544840932,2.1485666581987743,2.3525636893406876,0.050000000000000003,6,normalized_insertion,target_remainder,normalized_insertion,0.30246437144019289,0.20604027562221106,0.50850464706240395
flowstar_style_o6_candidate8_output6_cutoff_insert,1,0.050000000000000003,0.125,1.3692062292723295,1.6809324357024105,1.7942788493171571,2.1428570349175349,0.075000000000000011,6,normalized_insertion,target_remainder,normalized_insertion,0.29664526334979069,0.33888282156361638,0.63552808491340707
flowstar_style_o6_candidate8_output6_cutoff_insert,2,0.125,0.17499999999999999,1.4629057556703822,1.7736129009089687,1.5437204672203497,1.9628219969827705,0.050000000000000003,6,normalized_insertion,target_remainder,normalized_insertion,0.28690245686250471,0.40113327635488494,0.68803573321738964
flowstar_style_o6_candidate8_output6_cutoff_insert,3,0.17499999999999999,0.25,1.5817573597872912,1.8923297659904561,1.1695774154681402,1.6536418481313409,0.075000000000000011,6,normalized_insertion,target_remainder,normalized_insertion,0.26525811008012345,0.46167866813680947,0.72693677821693292
flowstar_style_o6_candidate8_output6_cutoff_insert,4,0.25,0.29999999999999999,1.6591853322663226,1.9447822874509251,0.93839833209850598,1.4315645526529459,0.050000000000000003,6,normalized_insertion,target_remainder,normalized_insertion,0.24753152669557599,0.47771535331585091,0.7252468800114269
flowstar_style_o6_candidate8_output6_cutoff_insert,5,0.29999999999999999,0.375,1.739837975586122,2.0174595133164033,0.61937260461851285,1.1081954708058077,0.075000000000000011,6,normalized_insertion,target_remainder,normalized_insertion,0.22062326988340342,0.46757133146220831,0.68819460134561172
flowstar_style_o6_candidate8_output6_cutoff_insert,6,0.375,0.42499999999999999,1.7960782738840126,2.037791039101676,0.44046965616995432,0.89847454313031383,0.050000000000000003,6,normalized_insertion,target_remainder,normalized_insertion,0.20293012143077505,0.4437024342250272,0.64663255565580224
flowstar_style_o6_candidate8_output6_cutoff_insert,7,0.42499999999999999,0.5,1.8414299275990207,2.0731082009463555,0.20755025151727299,0.61850401490883844,0.075000000000000011,6,normalized_insertion,target_remainder,normalized_insertion,0.17796146567044779,0.39289412598493423,0.57085559165538202
flowstar_style_o6_candidate8_output6_cutoff_insert,8,0.5,0.59999999999999998,1.8788251994864105,2.0896268871276051,-0.02877893239669348,0.30478511025325955,0.10000000000000001,6,normalized_insertion,target_remainder,normalized_insertion,0.14911249820115802,0.3175582555369254,0.46667075373808342
flowstar_style_o6_candidate8_output6_cutoff_insert,9,0.59999999999999998,0.69999999999999996,1.8991024946214816,2.0752482337023745,-0.19773611486148507,0.059099535350037889,0.10000000000000001,6,normalized_insertion,target_remainder,normalized_insertion,0.12597370654831508,0.24892600902792505,0.37489971557624013
flowstar_style_o6_candidate8_output6_cutoff_insert,10,0.69999999999999996,0.79999999999999993,1.8983977840832724,2.0459312517057544,-0.3209319654331303,-0.12612765761760536,0.10000000000000001,6,normalized_insertion,target_remainder,normalized_insertion,0.10817844961384404,0.19295614827859281,0.30113459789243685
flowstar_style_o6_candidate8_output6_cutoff_insert,11,0.79999999999999993,0.89999999999999991,1.8811843781857085,2.0063696501367372,-0.41392959773012811,-0.26395458364833208,0.10000000000000001,6,normalized_insertion,target_remainder,normalized_insertion,0.094918240818062216,0.14721802802451101,0.24213626884257322
flowstar_style_o6_candidate8_output6_cutoff_insert,12,0.89999999999999991,0.99999999999999989,1.8512123100348008,1.9593496368376404,-0.48686097897513619,-0.36784802358562113,0.10000000000000001,6,normalized_insertion,target_remainder,normalized_insertion,0.085224384718748603,0.11320718698278387,0.19843157170153247
flowstar_style_o6_candidate8_output6_cutoff_insert,13,0.99999999999999989,1.0999999999999999,1.8111091045488339,1.9067070191139097,-0.54542511755267098,-0.44999221407861628,0.10000000000000001,6,normalized_insertion,target_remainder,normalized_insertion,0.078300832851355029,0.089639340664343481,0.16794017351569851
flowstar_style_o6_candidate8_output6_cutoff_insert,14,1.0999999999999999,1.2,1.7627748099447651,1.8494688344838328,-0.5959824389681152,-0.51704640171619154,0.10000000000000001,6,normalized_insertion,target_remainder,normalized_insertion,0.073516636124005164,0.073190268487230092,0.14670690461123526
flowstar_style_o6_candidate8_output6_cutoff_insert,15,1.2,1.3,1.7075674530585636,1.788093307237246,-0.64216222158462954,-0.57476293255889133,0.10000000000000001,6,normalized_insertion,target_remainder,normalized_insertion,0.070397944819730274,0.062068082620997167,0.13246602744072744
flowstar_style_o6_candidate8_output6_cutoff_insert,16,1.3,1.4000000000000001,1.6463008203635243,1.7227789202546504,-0.68684898317555521,-0.62710887227248857,0.10000000000000001,6,normalized_insertion,target_remainder,normalized_insertion,0.068603117014548687,0.054933632628084927,0.12353674964263361
flowstar_style_o6_candidate8_output6_cutoff_insert,17,1.4000000000000001,1.5000000000000002,1.5794073462461473,1.6535095238848403,-0.732219929955924,-0.67709421061874964,0.10000000000000001,6,normalized_insertion,target_remainder,normalized_insertion,0.067894797040647603,0.050845811101211114,0.11874060814185872
flowstar_style_o6_candidate8_output6_cutoff_insert,18,1.5000000000000002,1.6000000000000003,1.5070198425996608,1.58010536050411,-0.78006489582528105,-0.72709464314333483,0.10000000000000001,6,normalized_insertion,target_remainder,normalized_insertion,0.068120091293237817,0.049174404771718194,0.11729449606495601
flowstar_style_o6_candidate8_output6_cutoff_insert,19,1.6000000000000003,1.7000000000000004,1.4290232448050497,1.5022487764555728,-0.83200210599246804,-0.77910720783009246,0.10000000000000001,6,normalized_insertion,target_remainder,normalized_insertion,0.069200936682930703,0.049527130126888919,0.11872806680981962
flowstar_style_o6_candidate8_output6_cutoff_insert,20,1.7000000000000004,1.8000000000000005,1.3450804224708337,1.4194950210942008,-0.88963610950629768,-0.83494514914062723,0.10000000000000001,6,normalized_insertion,target_remainder,normalized_insertion,0.071317598212253586,0.051694374577217372,0.12301197278947096
flowstar_style_o6_candidate8_output6_cutoff_insert,21,1.8000000000000005,1.9000000000000006,1.2545445862466609,1.3313653420763452,-0.95469346628165119,-0.89637673093532899,0.10000000000000001,6,normalized_insertion,target_remainder,normalized_insertion,0.074231555198045918,0.055609001050114237,0.12984055624816015
flowstar_style_o6_candidate8_output6_cutoff_insert,22,1.9000000000000006,2.0000000000000004,1.1567921745501621,1.236994728079817,-1.0290744516550225,-0.96529789996773541,0.10000000000000001,6,normalized_insertion,target_remainder,normalized_insertion,0.078001973532010549,0.061316365924905081,0.13931833945691563
flowstar_style_o6_candidate8_output6_cutoff_insert,23,2.0000000000000004,2.1000000000000005,1.050843747908951,1.1354716816579205,-1.1149791669001134,-1.0437835739222021,0.10000000000000001,6,normalized_insertion,target_remainder,normalized_insertion,0.082708436991120404,0.068947215537189077,0.15165565252830948
flowstar_style_o6_candidate8_output6_cutoff_insert,24,2.1000000000000005,2.2000000000000006,0.93547776177018804,1.0256698252423051,-1.2149307834261578,-1.134183802158991,0.10000000000000001,6,normalized_insertion,target_remainder,normalized_insertion,0.088472998228088517,0.078681202428358965,0.16715420065644748
flowstar_style_o6_candidate8_output6_cutoff_insert,25,2.2000000000000006,2.3000000000000007,0.80919114969789929,0.90622587765297835,-1.3317499332313123,-1.2391530668815753,0.10000000000000001,6,normalized_insertion,target_remainder,normalized_insertion,0.095447800330271892,0.090687491041856028,0.18613529137212792
flowstar_style_o6_candidate8_output6_cutoff_insert,26,2.3000000000000007,2.4000000000000008,0.6701841605789941,0.77550342565857944,-1.468369188038958,-1.361601543440651,0.10000000000000001,6,normalized_insertion,target_remainder,normalized_insertion,0.10380243955051083,0.10498767621498173,0.20879011576549256
flowstar_style_o6_candidate8_output6_cutoff_insert,27,2.4000000000000008,2.5000000000000009,0.51637273344232193,0.63157372027774272,-1.6273552651678889,-1.5044615897652736,0.10000000000000001,6,normalized_insertion,target_remainder,normalized_insertion,0.11369466900553737,0.1212102211679098,0.23490489017344718
flowstar_style_o6_candidate8_output6_cutoff_insert,28,2.5000000000000009,2.600000000000001,0.34547226285313065,0.47223657297705579,-1.8098857298734714,-1.6701020122902055,0.10000000000000001,6,normalized_insertion,target_remainder,normalized_insertion,0.12520814212618392,0.1381549945195788,0.26336313664576272
flowstar_style_o6_candidate8_output6_cutoff_insert,29,2.600000000000001,2.7000000000000011,0.15522534103817254,0.29512917380338483,-2.0138154400064923,-1.8591055957028884,0.10000000000000001,6,normalized_insertion,target_remainder,normalized_insertion,0.1382353442447562,0.15315649861039171,0.29139184285514791
flowstar_style_o6_candidate8_output6_cutoff_insert,30,2.7000000000000011,2.8000000000000012,-0.056120416004555806,0.098010434903594776,-2.2376385896270303,-2.0608362206291715,0.10000000000000001,6,normalized_insertion,target_remainder,normalized_insertion,0.15228098348197075,0.16143476678470936,0.31371575026668008
flowstar_style_o6_candidate8_output6_cutoff_insert,31,2.8000000000000012,2.9000000000000012,-0.28898023625546709,-0.1206287507877319,-2.4636263789842059,-2.2622468597089229,0.10000000000000001,6,normalized_insertion,target_remainder,normalized_insertion,0.16736937651107248,0.15870943310043728,0.32607880961150976
flowstar_style_o6_candidate8_output6_cutoff_insert,32,2.9000000000000012,3.0000000000000013,-0.54185392036109026,-0.35982722410996321,-2.6583045916981205,-2.438647713093494,0.10000000000000001,6,normalized_insertion,target_remainder,normalized_insertion,0.18143067211773012,0.1353701397681748,0.31680081188590492
flowstar_style_o6_candidate8_output6_cutoff_insert,33,3.0000000000000013,3.1000000000000014,-0.80829221879956137,-0.61622020734847471,-2.7720758425521694,-2.5514970634900123,0.10000000000000001,6,normalized_insertion,target_remainder,normalized_insertion,0.19061975337335624,0.080145461288146258,0.2707652146615025
flowstar_style_o6_candidate8_output6_cutoff_insert,34,3.1000000000000014,3.2000000000000015,-1.0761767221144636,-0.88232833648762199,-2.7461298743911615,-2.5571080539084661,0.10000000000000001,6,normalized_insertion,target_remainder,normalized_insertion,0.19172568730784267,0.10398286598772,0.29570855329556267
flowstar_style_o6_candidate8_output6_cutoff_insert,35,3.2000000000000015,3.3000000000000016,-1.3353423736669743,-1.1393801093952425,-2.5942525978316695,-2.366582353449926,0.10000000000000001,6,normalized_insertion,target_remainder,normalized_insertion,0.1845827049654476,0.22032557961128685,0.40490828457673445
flowstar_style_o6_candidate8_output6_cutoff_insert,36,3.3000000000000016,3.3500000000000014,-1.4548573865174408,-1.2610088307938572,-2.4733843350786717,-2.1932281651448329,0.050000000000000003,6,normalized_insertion,target_remainder,normalized_insertion,0.17718392214718026,0.27309822688448193,0.45028214903166219
flowstar_style_o6_candidate8_output6_cutoff_insert,37,3.3500000000000014,3.4250000000000016,-1.6194058782641849,-1.4259279895846615,-2.2203581909373504,-1.8750894453274192,0.075000000000000011,6,normalized_insertion,target_remainder,normalized_insertion,0.16150131683470814,0.33244084182277889,0.49394215865748703
flowstar_style_o6_candidate8_output6_cutoff_insert,38,3.4250000000000016,3.4750000000000014,-1.7077482010182636,-1.5315268579476835,-2.0097238186972,-1.6439678913423239,0.050000000000000003,6,normalized_insertion,target_remainder,normalized_insertion,0.14896357724840348,0.35647334469645364,0.50543692194485712
flowstar_style_o6_candidate8_output6_cutoff_insert,39,3.4750000000000014,3.5500000000000016,-1.8292393491765311,-1.657782545647204,-1.6635608300625067,-1.2843797643399235,0.075000000000000011,6,normalized_insertion,target_remainder,normalized_insertion,0.12828643944664941,0.36943249593609639,0.49771893538274581
flowstar_style_o6_candidate8_output6_cutoff_insert,40,3.5500000000000016,3.6000000000000014,-1.8838093115198253,-1.7388387715326286,-1.4230522854124581,-1.0544517159503966,0.050000000000000003,6,normalized_insertion,target_remainder,normalized_insertion,0.11448702924179299,0.36643099019644199,0.48091801943823498
flowstar_style_o6_candidate8_output6_cutoff_insert,41,3.6000000000000014,3.6750000000000016,-1.9606304157947028,-1.8224245417149809,-1.0773572486679981,-0.73251988047180494,0.075000000000000011,6,normalized_insertion,target_remainder,normalized_insertion,0.094747845220308768,0.34348793587495963,0.4382357810952684
flowstar_style_o6_candidate8_output6_cutoff_insert,42,3.6750000000000016,3.7750000000000017,-2.0237986330639139,-1.9005063491570717,-0.66641379325999217,-0.37417398449231581,0.10000000000000001,6,normalized_insertion,target_remainder,normalized_insertion,0.071997114540634843,0.29071118698463005,0.3627083015252649
flowstar_style_o6_candidate8_output6_cutoff_insert,43,3.7750000000000017,3.8750000000000018,-2.0465722499835004,-1.9501029301128372,-0.33268235207929575,-0.10006060368971395,0.10000000000000001,6,normalized_insertion,target_remainder,normalized_insertion,0.054486718683473878,0.23175751515977666,0.28624423384325054
flowstar_style_o6_candidate8_output6_cutoff_insert,44,3.8750000000000018,3.9750000000000019,-2.0450537064850138,-1.970850167610023,-0.076327667496821419,0.10241043190855872,0.10000000000000001,6,normalized_insertion,target_remainder,normalized_insertion,0.045176158110228348,0.17826704635443208,0.22344320446466043
flowstar_style_o6_candidate8_output6_cutoff_insert,45,3.9750000000000019,4.075000000000002,-2.0279890102090636,-1.9674968350643276,0.11511235975195401,0.2502555058115255,0.10000000000000001,6,normalized_insertion,target_remainder,normalized_insertion,0.05803711890833041,0.13465076941080711,0.19268788831913752
flowstar_style_o6_candidate8_output6_cutoff_insert,46,4.075000000000002,4.1750000000000016,-2.0077723298506025,-1.93801854664164,0.25735501135648053,0.35904433069707453,0.10000000000000001,6,normalized_insertion,target_remainder,normalized_insertion,0.068571210165356833,0.1011775370108875,0.16974874717624433
flowstar_style_o6_candidate8_output6_cutoff_insert,47,4.1750000000000016,4.2750000000000012,-1.9759189049798715,-1.8983511301656282,0.36278463837164276,0.44288785743680742,0.10000000000000001,6,normalized_insertion,target_remainder,normalized_insertion,0.076791860670244461,0.079332515832248096,0.15612437650249256
flowstar_style_o6_candidate8_output6_cutoff_insert,48,4.2750000000000012,4.3750000000000009,-1.9350463988160085,-1.8509923776251878,0.44332560540047922,0.51008407766792851,0.10000000000000001,6,normalized_insertion,target_remainder,normalized_insertion,0.083517581490844428,0.065905592570863591,0.14942317406170802
flowstar_style_o6_candidate8_output6_cutoff_insert,49,4.3750000000000009,4.4750000000000005,-1.8871150296163628,-1.7973614933445343,0.50749811256904476,0.56680361511525046,0.10000000000000001,6,normalized_insertion,target_remainder,normalized_insertion,0.089404912591219965,0.058438806292570478,0.14784371888379044
flowstar_style_o6_candidate8_output6_cutoff_insert,50,4.4750000000000005,4.5750000000000002,-1.8334165073068998,-1.738297888428266,0.56137346185519177,0.61746332262776027,0.10000000000000001,6,normalized_insertion,target_remainder,normalized_insertion,0.094915024893432065,0.055225956660932329,0.15014098155436439
flowstar_style_o6_candidate8_output6_cutoff_insert,51,4.5750000000000002,4.6749999999999998,-1.7747319207210743,-1.67425948511074,0.6092619718466693,0.66528844176483237,0.10000000000000001,6,normalized_insertion,target_remainder,normalized_insertion,0.10037859392567539,0.05522900056229374,0.15560759448796913
flowstar_style_o6_candidate8_output6_cutoff_insert,52,4.6749999999999998,4.7749999999999995,-1.7114815478610952,-1.6054164776451929,0.65424926102561554,0.71276637758450923,0.10000000000000001,6,normalized_insertion,target_remainder,normalized_insertion,0.10605409028595902,0.058395602233076271,0.1644496925190353
flowstar_style_o6_candidate8_output6_cutoff_insert,53,4.7749999999999995,4.8749999999999991,-1.6438483697857971,-1.5316856184744194,0.6984085842506218,0.76216549387314159,0.10000000000000001,6,normalized_insertion,target_remainder,normalized_insertion,0.11215912572142628,0.063696426069516976,0.17585555179094325
flowstar_style_o6_candidate8_output6_cutoff_insert,54,4.8749999999999991,4.9749999999999988,-1.5717512254185393,-1.4528523965411702,0.74389608026651721,0.81496788129833309,0.10000000000000001,6,normalized_insertion,target_remainder,normalized_insertion,0.11889603203652488,0.071019698769258621,0.1899157308057835
flowstar_style_o6_candidate8_output6_cutoff_insert,55,4.9749999999999988,5,-1.5530018544605819,-1.4322981143845588,0.75571306051232545,0.82895191372985277,0.025000000000001243,6,normalized_insertion,target_remainder,normalized_insertion,0.12070354405432182,0.073224649454479929,0.19392819350880175
