step_index,prescribed_h,constant_status,range_midpoint_status,constant_h,range_midpoint_h,constant_h_delta,range_midpoint_h_delta,h_sequence_modified,constant_t_hi,range_midpoint_t_hi,constant_width_sum,range_midpoint_width_sum,width_reduction_absolute,width_reduction_relative,constant_reset_width_sum,range_midpoint_reset_width_sum,reset_width_reduction_absolute,reset_width_reduction_relative,constant_polynomial_range_width_sum,range_midpoint_polynomial_range_width_sum,constant_right_map_range_width_sum,range_midpoint_right_map_range_width_sum,constant_target_margin,range_midpoint_target_margin,range_midpoint_validation_failure_recorded,notes
0,0.012500000000000001,validated,validated,0.012500000000000001,0.012500000000000001,0,0,false,0.012500000000000001,0.012500000000000001,0.49371371665576347,0.49371371665576347,0,0,0.42837736416092065,0.42773824331745935,0.00063912084346129383,0.0014919575517561825,0.49365905538449428,0.49365905538449428,0.42773824331745935,0.42773824331745935,7.2478812534293869e-05,7.2478812534293869e-05,false,"prescribed h replay; h_min=h_max=prescribed_h, so adaptive shrink cannot silently change the accepted h"
1,0.013750000000000002,validated,validated,0.013750000000000002,0.013750000000000002,0,0,false,0.026250000000000002,0.026250000000000002,0.53503630579431327,0.53436663610503232,0.0006696696892809495,0.0012516341078700442,0.45875573343961151,0.45749869742373928,0.0012570360158722371,0.0027400987589786875,0.5349687016156347,0.53429910098114719,0.45749875578411436,0.45749869742373928,6.57944892813054e-05,6.582965857976941e-05,false,"prescribed h replay; h_min=h_max=prescribed_h, so adaptive shrink cannot silently change the accepted h"
2,0.015125000000000003,validated,validated,0.015125000000000003,0.015125000000000003,0,0,false,0.041375000000000009,0.041375000000000009,0.58030177652515702,0.57897426196727375,0.0013275145578832692,0.0022876279404699003,0.49094505024414459,0.48912058805833936,0.0018244621858052312,0.0037162248298418226,0.58021687599908944,0.57888954521896407,0.4891208011449989,0.48912058805833936,5.6924192282499147e-05,5.7017872446775726e-05,false,"prescribed h replay; h_min=h_max=prescribed_h, so adaptive shrink cannot silently change the accepted h"
3,0.016637500000000003,validated,validated,0.016637500000000003,0.016637500000000003,0,0,false,0.058012500000000009,0.058012500000000009,0.62948330297547117,0.62753851184563447,0.0019447911298366982,0.0030895039163770801,0.52459708715946818,0.52229408584618164,0.0023030013132865346,0.0043900383163707184,0.62937507020148054,0.6274306415597749,0.52229460396518224,0.52229408584618175,4.5071186820374935e-05,4.5256130500569655e-05,false,"prescribed h replay; h_min=h_max=prescribed_h, so adaptive shrink cannot silently change the accepted h"
4,0.018301250000000005,validated,validated,0.018301250000000005,0.018301250000000005,0,0,false,0.076313750000000014,0.076313750000000014,0.68242283352584288,0.67994063426949358,0.0024821992563492934,0.0036373332403381461,0.55915465420198718,0.55651035352656253,0.002644300675424649,0.0047291042926192479,0.68228300357795668,0.67980142774439811,0.55651139798560423,0.55651035352656253,2.920041797713575e-05,2.9518774626208837e-05,false,"prescribed h replay; h_min=h_max=prescribed_h, so adaptive shrink cannot silently change the accepted h"
5,0.020131375000000007,validated,validated,0.020131375000000007,0.020131375000000007,0,0,false,0.09644512500000002,0.09644512500000002,0.73869545853299057,0.7358076076715252,0.0028878508614653686,0.0039093930091305623,0.59379572892644317,0.59100545300769292,0.0027902759187502513,0.0046990501662835275,0.7385128992031228,0.73562602523888632,0.59100732857041216,0.59100545300769303,8.0048412987621006e-06,8.5040878569939767e-06,false,"prescribed h replay; h_min=h_max=prescribed_h, so adaptive shrink cannot silently change the accepted h"
6,0.011072256250000004,validated,validated,0.011072256250000004,0.011072256250000004,0,0,false,0.10751738125000003,0.10751738125000003,0.69398575009755992,0.69104724949042029,0.0029385006071396269,0.0042342376723535531,0.6111554485989692,0.60838536489022499,0.0027700837087442087,0.0045325354050175454,0.69392437126731588,0.69098613675834597,0.6083874812298522,0.60838536489022499,7.00042200016592e-05,7.013945058249841e-05,false,"prescribed h replay; h_min=h_max=prescribed_h, so adaptive shrink cannot silently change the accepted h"
7,0.012179481875000005,validated,validated,0.012179481875000005,0.012179481875000005,0,0,false,0.11969686312500004,0.11969686312500004,0.7229757345003851,0.72003672319938183,0.0029390113010032692,0.0040651589821811699,0.62881668708464611,0.62615095298221268,0.0026657341024334258,0.0042392865157450674,0.72290128565035372,0.71996261485453472,0.6261533772441219,0.62615095298221279,6.3559887992040663e-05,6.3733071018186294e-05,false,"prescribed h replay; h_min=h_max=prescribed_h, so adaptive shrink cannot silently change the accepted h"
8,0.013397430062500007,validated,validated,0.013397430062500007,0.013397430062500007,0,0,false,0.13309429318750005,0.13309429318750005,0.7535295283786323,0.75067627492799605,0.0028532534506362506,0.0037865184351508949,0.64644098668302163,0.64398629207336811,0.0024546946096535294,0.00379724469862115,0.75343827509537864,0.7505854508794384,0.64398910624205297,0.64398629207336822,5.5298901954440096e-05,5.5517283393836064e-05,false,"prescribed h replay; h_min=h_max=prescribed_h, so adaptive shrink cannot silently change the accepted h"
9,0.014737173068750008,validated,validated,0.014737173068750008,0.014737173068750008,0,0,false,0.14783146625625004,0.14783146625625004,0.78537165885092408,0.78271634072484275,0.0026553181260813297,0.0033809701383499388,0.66357848359493932,0.66146668256518093,0.0021118010297583867,0.0031824434968380764,0.78525902501583589,0.7826042301777828,0.6614699772963395,0.66146668256518093,4.4827987821608612e-05,4.5094124165333857e-05,false,"prescribed h replay; h_min=h_max=prescribed_h, so adaptive shrink cannot silently change the accepted h"
10,0.016210890375625009,validated,validated,0.016210890375625009,0.016210890375625009,0,0,false,0.16404235663187505,0.16404235663187505,0.81806487181155263,0.81575004377501603,0.0023148280365365981,0.0028296387197393755,0.67964790630619087,0.67803766071916072,0.0016102455870301569,0.0023692349701798666,0.81792512102764403,0.81561089945482024,0.67804152177276966,0.67803766071916083,3.1602806330654183e-05,3.1910697284087089e-05,false,"prescribed h replay; h_min=h_max=prescribed_h, so adaptive shrink cannot silently change the accepted h"
11,0.01783197941318751,validated,validated,0.01783197941318751,0.01783197941318751,0,0,false,0.18187433604506256,0.18187433604506256,0.85097852322671952,0.84918119710108497,0.0017973261256345463,0.0021120699013877451,0.69392003190170559,0.69299666045195973,0.00092337144974585783,0.0013306597407417894,0.85080466435490454,0.84900798496316177,0.69300114320048523,0.69299666045195996,1.4669818697209816e-05,1.4989880828151697e-05,false,"prescribed h replay; h_min=h_max=prescribed_h, so adaptive shrink cannot silently change the accepted h"
12,0.0098075886772531311,validated,validated,0.0098075886772531311,0.0098075886772531311,0,0,false,0.19168192472231568,0.19168192472231568,0.78741056795330788,0.78641753501557932,0.00099303293772856627,0.0012611374270854992,0.70020790535983868,0.69971475022046437,0.00049315513937431277,0.00070429816001702959,0.78735437182751367,0.7863614606720658,0.69971936535271473,0.69971475022046448,7.2856509528226545e-05,7.2917413572921752e-05,false,"prescribed h replay; h_min=h_max=prescribed_h, so adaptive shrink cannot silently change the accepted h"
13,0.010788347544978445,validated,validated,0.010788347544978445,0.010788347544978445,0,0,false,0.20247027226729414,0.20247027226729414,0.80312544363059102,0.80257902602616604,0.00054641760442497578,0.00068036395653816239,0.70757479114145205,0.70686882836862575,0.00070596277282630737,0.00099772176971914977,0.80305897212467114,0.80251266769553287,0.70687427063435249,0.70686882836862586,6.7769651306075202e-05,6.7826930361542198e-05,false,"prescribed h replay; h_min=h_max=prescribed_h, so adaptive shrink cannot silently change the accepted h"
14,0.01186718229947629,validated,validated,0.01186718229947629,0.01186718229947629,0,0,false,0.21433745456677042,0.21433745456677042,0.82076740046739904,0.82000635421924528,0.00076104624815376276,0.0009272374216134472,0.71480648993078244,0.71351202930225655,0.0012944606285258953,0.0018109245603677201,0.8206882710379233,0.81992738027203194,0.7135176280545974,0.71351202930225655,6.1480036051848045e-05,6.1558614185797919e-05,false,"prescribed h replay; h_min=h_max=prescribed_h, so adaptive shrink cannot silently change the accepted h"
15,0.01305390052942392,validated,validated,0.01305390052942392,0.01305390052942392,0,0,false,0.22739135509619435,0.22739135509619435,0.8390950461044091,0.83773022485118065,0.0013648212532284543,0.0016265395196465369,0.72114758261245637,0.71918090312548966,0.0019666794869667159,0.0027271525751249815,0.8390004304027745,0.83763586246874544,0.71918674896259893,0.71918090312548966,5.3760683838493725e-05,5.3887224860571658e-05,false,"prescribed h replay; h_min=h_max=prescribed_h, so adaptive shrink cannot silently change the accepted h"
16,0.014359290582366313,validated,validated,0.014359290582366313,0.014359290582366313,0,0,false,0.24175064567856067,0.24175064567856067,0.85730367108168215,0.85524788824995457,0.0020557828317275817,0.0023979634067514809,0.72618986997266732,0.7234649833462552,0.0027248866264121263,0.0037523060277812564,0.8571902538332008,0.8551348671782566,0.7234712074884726,0.7234649833462552,4.4366404616163689e-05,4.4561748486388262e-05,false,"prescribed h replay; h_min=h_max=prescribed_h, so adaptive shrink cannot silently change the accepted h"
17,0.015795219640602945,validated,validated,0.015795219640602945,0.015795219640602945,0,0,false,0.25754586531916362,0.25754586531916362,0.87499873792110439,0.87215904459159765,0.0028396933295067317,0.0032453684861917789,0.72944351917048766,0.72587642537092623,0.0035670937995614382,0.004890157641838924,0.87486262712886798,0.8720235330724484,0.72588321213794993,0.72587642537092623,3.3013833782617145e-05,3.3304758986214459e-05,false,"prescribed h replay; h_min=h_max=prescribed_h, so adaptive shrink cannot silently change the accepted h"
18,0.017374741604663242,validated,validated,0.017374741604663242,0.017374741604663242,0,0,false,0.27492060692382686,0.27492060692382686,0.89169696120373843,0.88798690182424789,0.0037100593794905379,0.0041606728977546092,0.73033564934270712,0.7258504019417058,0.0044852474010013132,0.0061413507680173895,0.89153372897089245,0.88782454944726541,0.72585800150534985,0.7258504019417058,1.945233637121108e-05,1.9871299871491489e-05,false,"prescribed h replay; h_min=h_max=prescribed_h, so adaptive shrink cannot silently change the accepted h"
19,0.019112215765129569,validated,validated,0.019112215765129569,0.019112215765129569,0,0,false,0.29403282268895642,0.29403282268895642,0.90651770136116094,0.90185670769155601,0.0046609936696049292,0.005141646613856873,0.72821663172903617,0.72275342861574754,0.0054632031132886283,0.0075021674529969322,0.90632248739309662,0.90166274729129947,0.72276216601851861,0.72275342861574765,3.5043588820237207e-06,4.0866916207331111e-06,false,"prescribed h replay; h_min=h_max=prescribed_h, so adaptive shrink cannot silently change the accepted h"
20,0.010511718670821265,validated,validated,0.010511718670821265,0.010511718670821265,0,0,false,0.30454454135977771,0.30454454135977771,0.82212653047626538,0.81655995090108602,0.0055665795751793645,0.0067709523641751278,0.72568065551145577,0.71970339512902359,0.0059772603824321813,0.0082367641152284003,0.82206778461994157,0.81650154652056472,0.71971241007177722,0.7197033951290237,7.1599820526471668e-05,7.175991164022383e-05,false,"prescribed h replay; h_min=h_max=prescribed_h, so adaptive shrink cannot silently change the accepted h"
21,0.011562890537903391,validated,validated,0.011562890537903391,0.011562890537903391,0,0,false,0.31610743189768109,0.31610743189768109,0.82775589545268868,0.82165969295989427,0.0060962024927944114,0.0073647346111144025,0.72212471123855104,0.71550271406263266,0.0066219971759183816,0.0091701572773498826,0.82768774260614664,0.82159197759066682,0.7155121878903502,0.71550271406263266,6.6995631252971829e-05,6.7197480621230816e-05,false,"prescribed h replay; h_min=h_max=prescribed_h, so adaptive shrink cannot silently change the accepted h"
22,0.012719179591693731,validated,validated,0.012719179591693731,0.012719179591693731,0,0,false,0.32882661148937481,0.32882661148937481,0.83281809638182491,0.82605129364507135,0.0067668027367535633,0.008125186959975909,0.71712609106899916,0.70976447857320557,0.0073616124957935902,0.010265436702797757,0.83273895409061782,0.82597274439101476,0.70977444008988078,0.70976447857320568,6.1621771880503618e-05,6.1892491305249532e-05,false,"prescribed h replay; h_min=h_max=prescribed_h, so adaptive shrink cannot silently change the accepted h"
23,0.013991097550863106,validated,validated,0.013991097550863106,0.013991097550863106,0,0,false,0.34281770904023789,0.34281770904023789,0.83681463368230169,0.82927276821827445,0.007541865464027242,0.0090125879262414124,0.71034332146703028,0.70219340692505228,0.0081499145419779984,0.011473204992124737,0.83672279387253568,0.82918174850529436,0.70220405003626962,0.70219340692505228,5.5428357592289234e-05,5.579979777796426e-05,false,"prescribed h replay; h_min=h_max=prescribed_h, so adaptive shrink cannot silently change the accepted h"
24,0.015390207305949418,validated,validated,0.015390207305949418,0.015390207305949418,0,0,false,0.35820791634618732,0.35820791634618732,0.83930156997186356,0.8309285463449414,0.0083730236269221603,0.0099761801079471992,0.70145262000779951,0.69247270915527426,0.0089799108525252525,0.012801877983470079,0.83919521400412433,0.8308233196331285,0.69248430589257004,0.69247270915527426,4.8342485256002771e-05,4.8886884417360276e-05,false,"prescribed h replay; h_min=h_max=prescribed_h, so adaptive shrink cannot silently change the accepted h"
25,0.016929228036544362,validated,validated,0.016929228036544362,0.016929228036544362,0,0,false,0.37513714438273166,0.37513714438273166,0.83981874338561846,0.83056434335367946,0.009254400031939003,0.01101952070589793,0.69010558390006049,0.68026479769870851,0.0098407862013519809,0.014259826946679367,0.83969585468241736,0.83044298885156032,0.68027769817104011,0.68026479769870851,4.0092181937008531e-05,4.0943632333795247e-05,false,"prescribed h replay; h_min=h_max=prescribed_h, so adaptive shrink cannot silently change the accepted h"
26,0.0186221508401988,validated,validated,0.0186221508401988,0.0186221508401988,0,0,false,0.39375929522293046,0.39375929522293046,0.83782729783676535,0.82765157018766788,0.010175727649097466,0.012145376111963365,0.67595216887869225,0.66523480851498196,0.010717360363710293,0.015855205230702725,0.83768605749289948,0.82751238919844428,0.66524945857060691,0.66523480851498196,3.0840658046027197e-05,3.1992983627879507e-05,false,"prescribed h replay; h_min=h_max=prescribed_h, so adaptive shrink cannot silently change the accepted h"
27,0.020484365924218682,validated,validated,0.020484365924218682,0.020484365924218682,0,0,false,0.41424366114714917,0.41424366114714917,0.83273348002821979,0.82161106301500375,0.011122417013216035,0.013356514755284148,0.65865781144618418,0.64706802210456915,0.011589789341615031,0.017596070585070376,0.83257233193631552,0.82145264408992713,0.64708498769103917,0.64706802210456926,2.066869672431954e-05,2.2209114951270498e-05,false,"prescribed h replay; h_min=h_max=prescribed_h, so adaptive shrink cannot silently change the accepted h"
28,0.022532802516640551,validated,validated,0.022532802516640551,0.022532802516640551,0,0,false,0.43677646366378969,0.43677646366378969,0.82403352058588952,0.81194844107826447,0.012085079507625052,0.014665762017827303,0.6379308476170128,0.62549719833289186,0.01243364928412094,0.019490591073572896,0.82385150810830243,0.81176998426757419,0.62551716550063696,0.62549719833289197,9.8122808151003332e-06,1.183798234536021e-05,false,"prescribed h replay; h_min=h_max=prescribed_h, so adaptive shrink cannot silently change the accepted h"
29,0.012393041384152304,validated,validated,0.012393041384152304,0.012393041384152304,0,0,false,0.44916950504794201,0.44916950504794201,0.72289557991772346,0.71017231809614478,0.01272326182157868,0.017600414465152463,0.62586338203993841,0.61302104162455728,0.012842340415381126,0.020519398935791411,0.72284249284859958,0.71012013943860464,0.6130417460131381,0.61302104162455728,7.4415640775457595e-05,7.4913140627278532e-05,false,"prescribed h replay; h_min=h_max=prescribed_h, so adaptive shrink cannot silently change the accepted h"
30,0.013632345522567535,validated,validated,0.013632345522567535,0.013632345522567535,0,0,false,0.46280185057050954,0.46280185057050954,0.71663507086639844,0.70346214544018126,0.013172925426217175,0.018381636570327702,0.6121901152672623,0.5989407145950516,0.013249400672210698,0.021642624311936889,0.71657536698858715,0.70340356888028166,0.59896235212123272,0.59894071459505172,7.1108020205814423e-05,7.1730017988030166e-05,false,"prescribed h replay; h_min=h_max=prescribed_h, so adaptive shrink cannot silently change the accepted h"
31,0.014995580074824289,validated,validated,0.014995580074824289,0.014995580074824289,0,0,false,0.47779743064533381,0.47779743064533381,0.70876778920012473,0.69514166474202355,0.013626124458101185,0.01922508988942466,0.59676462991500301,0.58311770404673213,0.013646925868270876,0.022868188200454512,0.70870038772472943,0.69507576378003155,0.58314061637170544,0.58311770404673213,6.7223833640547262e-05,6.8052206885483956e-05,false,"prescribed h replay; h_min=h_max=prescribed_h, so adaptive shrink cannot silently change the accepted h"
32,0.01649513808230672,validated,validated,0.01649513808230672,0.01649513808230672,0,0,false,0.49429256872764055,0.49429256872764055,0.69903605566422622,0.68496097869445127,0.014075076969774947,0.020134979956650111,0.57945340816774049,0.56542799270903199,0.014025415458708501,0.024204561162315945,0.69895929224184328,0.68488611667947796,0.56545253487119407,0.5654279927090321,6.2456989616190372e-05,6.3511480139171323e-05,false,"prescribed h replay; h_min=h_max=prescribed_h, so adaptive shrink cannot silently change the accepted h"
33,0.018144651890537395,validated,validated,0.018144651890537395,0.018144651890537395,0,0,false,0.51243722061817798,0.51243722061817798,0.6871740749473213,0.67266364622864483,0.014510428718676471,0.021116088699633842,0.56014565634374458,0.54577151849272432,0.014374137851020263,0.02566142875202318,0.68708669428929758,0.67257866884268291,0.54579812952557183,0.54577151849272443,5.6995060610226553e-05,5.8333291384027379e-05,false,"prescribed h replay; h_min=h_max=prescribed_h, so adaptive shrink cannot silently change the accepted h"
34,0.019959117079591138,validated,validated,0.019959117079591138,0.019959117079591138,0,0,false,0.53239633769776917,0.53239633769776917,0.67290484682546481,0.65798424421390056,0.014920602611564249,0.022173421222858706,0.53876668161026497,0.5240852574383037,0.014681424171961277,0.027250059576960958,0.67280551752951323,0.657887942537146,0.52411447349048923,0.52408525743830381,5.0781310622003481e-05,5.2472879603750149e-05,false,"prescribed h replay; h_min=h_max=prescribed_h, so adaptive shrink cannot silently change the accepted h"
35,0.021955028787550252,validated,validated,0.021955028787550252,0.021955028787550252,0,0,false,0.55435136648531946,0.55435136648531946,0.6559648672664794,0.64067142296425428,0.015293444302225123,0.023314425917283631,0.51535699177094429,0.50042186485354545,0.014935126917398844,0.028980157746723488,0.65585223428834916,0.64056259307612251,0.50045419542757641,0.50042186485354556,4.3785486140381526e-05,4.591532815923386e-05,false,"prescribed h replay; h_min=h_max=prescribed_h, so adaptive shrink cannot silently change the accepted h"
36,0.024150531666305278,validated,validated,0.024150531666305278,0.024150531666305278,0,0,false,0.57850189815162478,0.57850189815162478,0.63619079279471147,0.62057520719595749,0.015615585598753978,0.024545444190030703,0.49062883767310755,0.47550633705060846,0.015122500622499091,0.030822690109737896,0.63606252163391486,0.62045174234149014,0.47554115619337678,0.47550633705060852,3.5501171956824144e-05,3.8193168461973123e-05,false,"prescribed h replay; h_min=h_max=prescribed_h, so adaptive shrink cannot silently change the accepted h"
37,0.026565584832935807,validated,validated,0.026565584832935807,0.026565584832935807,0,0,false,0.60506748298456059,0.60506748298456059,0.6141466175365643,0.59827443740567532,0.01587218013088898,0.025844284862391188,0.46425385625646515,0.44901710944673712,0.01523674680972803,0.032819860523271301,0.61400071325543981,0.5981344800330517,0.44905691773351653,0.44901710944673723,2.6065436944075989e-05,2.9399036262563828e-05,false,"prescribed h replay; h_min=h_max=prescribed_h, so adaptive shrink cannot silently change the accepted h"
38,0.029222143316229389,validated,validated,0.029222143316229389,0.029222143316229389,0,0,false,0.63428962630079,0.63428962630079,0.58923762210835018,0.57318330644192228,0.016054315666427899,0.027245910756655316,0.43610244186186603,0.42083291651305821,0.015269525348807822,0.035013620386111922,0.58907243711329482,0.57302540946901392,0.42087883617149291,0.42083291651305832,1.5660019769731136e-05,1.9745432194601473e-05,false,"prescribed h replay; h_min=h_max=prescribed_h, so adaptive shrink cannot silently change the accepted h"
39,0.032144357647852333,validated,validated,0.032144357647852333,0.032144357647852333,0,0,false,0.66643398394864228,0.66643398394864228,0.5610700689725403,0.54491970712119187,0.016150361851348438,0.028784928557896151,0.40646810632970853,0.39124967714237868,0.015218429187329852,0.037440647741708299,0.56088459651424372,0.54474305477458651,0.39130301908661957,0.39124967714237874,4.6422572958269517e-06,9.5827743973023096e-06,false,"prescribed h replay; h_min=h_max=prescribed_h, so adaptive shrink cannot silently change the accepted h"
40,0.017679396706318785,validated,validated,0.017679396706318785,0.017679396706318785,0,0,false,0.68411338065496108,0.68411338065496108,0.46616339406086038,0.45029604909619009,0.015867344964670294,0.034038161654964094,0.39079461163219087,0.37564019428930973,0.015154417342881144,0.038778470561779951,0.46611298068256468,0.45024759310296203,0.37569502415716804,0.37564019428930978,7.5692734683633679e-05,7.6754652396905369e-05,false,"prescribed h replay; h_min=h_max=prescribed_h, so adaptive shrink cannot silently change the accepted h"
41,0.019447336376950664,validated,validated,0.019447336376950664,0.019447336376950664,0,0,false,0.7035607170319117,0.7035607170319117,0.45383529477371998,0.43798396107610982,0.015851333697610159,0.034927503171637536,0.37476443559711764,0.35969912580957009,0.015065309787547554,0.040199411567812662,0.4537776419042624,0.43792865333220943,0.3597553986855368,0.35969912580957014,7.2026064765218624e-05,7.330187770956133e-05,false,"prescribed h replay; h_min=h_max=prescribed_h, so adaptive shrink cannot silently change the accepted h"
42,0.021392070014645732,validated,validated,0.021392070014645732,0.021392070014645732,0,0,false,0.72495278704655741,0.72495278704655741,0.44112335940882486,0.42531319548058955,0.01581016392823531,0.035840686263868306,0.35793071245437902,0.34297976363640476,0.014950948817974263,0.041770511156904076,0.44105745077415237,0.42525009264877101,0.3430382416105871,0.34297976363640481,6.7817265802204077e-05,6.9347493112521531e-05,false,"prescribed h replay; h_min=h_max=prescribed_h, so adaptive shrink cannot silently change the accepted h"
43,0.023531277016110307,validated,validated,0.023531277016110307,0.023531277016110307,0,0,false,0.74848406406266776,0.74848406406266776,0.42749546671053718,0.41175338142955242,0.015742085280984752,0.036823981788896787,0.34012815171965766,0.32531737571982583,0.014810775999831827,0.043544693154476809,0.42742029264768433,0.41168155305936249,0.32537805512359813,0.32531737571982589,6.3072855708531806e-05,6.4901396620928694e-05,false,"prescribed h replay; h_min=h_max=prescribed_h, so adaptive shrink cannot silently change the accepted h"
44,0.02588440471772134,validated,validated,0.02588440471772134,0.02588440471772134,0,0,false,0.77436846878038912,0.77436846878038912,0.41271415551951041,0.39706878041177868,0.015645375107731729,0.037908501316214531,0.32149925221878434,0.30685176458658397,0.014647487632200362,0.045559943082643814,0.4126286590446302,0.39698728342311751,0.30691559916124378,0.30685176458658403,5.777652800210538e-05,5.9964787926363556e-05,false,"prescribed h replay; h_min=h_max=prescribed_h, so adaptive shrink cannot silently change the accepted h"
45,0.028472845189493477,validated,validated,0.028472845189493477,0.028472845189493477,0,0,false,0.80284131396988256,0.80284131396988256,0.39687609538257079,0.38135476547633596,0.015521329906234838,0.039108754814957979,0.30213770490529362,0.28767328136715981,0.014464423538133819,0.047873612936418362,0.39677931867179539,0.38126272559127899,0.28774093918968857,0.28767328136715981,5.1987598507162005e-05,5.4582122792099073e-05,false,"prescribed h replay; h_min=h_max=prescribed_h, so adaptive shrink cannot silently change the accepted h"
46,0.031320129708442827,validated,validated,0.031320129708442827,0.031320129708442827,0,0,false,0.83416144367832534,0.83416144367832534,0.38003034907618094,0.3646586232006867,0.015371725875494235,0.040448679724820656,0.28222194862335659,0.26795453254701862,0.014267416076337969,0.050553885500162696,0.37992159297141764,0.36455543659113776,0.26802670626691316,0.26795453254701868,4.5853314608279806e-05,4.8906849690681932e-05,false,"prescribed h replay; h_min=h_max=prescribed_h, so adaptive shrink cannot silently change the accepted h"
47,0.034452142679287111,validated,validated,0.034452142679287111,0.034452142679287111,0,0,false,0.86861358635761243,0.86861358635761243,0.36267480745621272,0.34734839633362424,0.015326411122588479,0.042259376189064092,0.26198728150381223,0.24792070547337686,0.014066576030435374,0.053691827899785619,0.36255357629615653,0.34723368206213795,0.24800000305252651,0.24792070547337691,3.9500719058581047e-05,4.3076292549992571e-05,false,"prescribed h replay; h_min=h_max=prescribed_h, so adaptive shrink cannot silently change the accepted h"
48,0.037897356947215827,validated,validated,0.037897356947215827,0.037897356947215827,0,0,false,0.90651094330482829,0.90651094330482829,0.34552507379551789,0.33031501835865656,0.015210055436861325,0.044020120652264592,0.24170255840552668,0.22783160328269653,0.013870955122830153,0.057388532477002464,0.34539090019823876,0.33018840515466363,0.22791902612175929,0.22783160328269653,3.2975811023644281e-05,3.7128319980953193e-05,false,"prescribed h replay; h_min=h_max=prescribed_h, so adaptive shrink cannot silently change the accepted h"
49,0.041687092641937415,validated,validated,0.041687092641937415,0.041687092641937415,0,0,false,0.94819803594676566,0.94819803594676566,0.32815116252714793,0.31304267264234009,0.015108489884807841,0.046041250527515398,0.22171701388694534,0.20802138169837744,0.013695632188567897,0.061770776849589766,0.32800159325440753,0.31290213323418908,0.20811996521566012,0.20802138169837747,2.5322271999423431e-05,3.027338054188495e-05,false,"prescribed h replay; h_min=h_max=prescribed_h, so adaptive shrink cannot silently change the accepted h"
50,0.045855801906131158,validated,validated,0.045855801906131158,0.045855801906131158,0,0,false,0.9940538378528968,0.9940538378528968,0.31097292893502854,0.29593316814478515,0.015039760790243384,0.048363569271927316,0.20357677277968733,0.1900236125571666,0.013553160222520733,0.066575179660540593,0.31080594650972498,0.29577665769325751,0.1901337193125999,0.19002361255716663,1.6790798997732417e-05,2.2538888260068303e-05,false,"prescribed h replay; h_min=h_max=prescribed_h, so adaptive shrink cannot silently change the accepted h"
51,0.050441382096744279,validated,validated,0.050441382096744279,0.050441382096744279,0,0,false,1.0444952199496411,1.0444952199496411,0.29591209104897009,0.28089182084907693,0.01502027019989316,0.050759231049492586,0.18660611927883583,0.17314351583360249,0.01346260344523334,0.072144490744791012,0.29572447647365463,0.28071656289609387,0.17326726533547693,0.17314351583360252,6.709526636749068e-06,1.3497759351374284e-05,false,"prescribed h replay; h_min=h_max=prescribed_h, so adaptive shrink cannot silently change the accepted h"
52,0.027742760153209357,validated,validated,0.027742760153209357,0.027742760153209357,0,0,false,1.0722379801028505,1.0722379801028505,0.23289789759563356,0.21865628674460091,0.014241610851032649,0.061149589575769769,0.17842758576213558,0.16499234818513753,0.013435237576998049,0.075297984443441171,0.23283551538663272,0.21859605945113153,0.16511874360631701,0.16499234818513753,7.0875901522838574e-05,7.2046661736522181e-05,false,"prescribed h replay; h_min=h_max=prescribed_h, so adaptive shrink cannot silently change the accepted h"
53,0.030517036168530295,validated,validated,0.030517036168530295,0.030517036168530295,0,0,false,1.1027550162713808,1.1027550162713808,0.22798913403022436,0.21369498594788838,0.014294148082335978,0.062696619920671368,0.17032288830773118,0.15689337410810178,0.0134295141996294,0.078847384124707903,0.22791926919298883,0.2136277110735553,0.1570231314737002,0.15689337410810181,6.7278433152306071e-05,6.8691425222763125e-05,false,"prescribed h replay; h_min=h_max=prescribed_h, so adaptive shrink cannot silently change the accepted h"
54,0.033568739785383328,validated,validated,0.033568739785383328,0.033568739785383328,0,0,false,1.1363237560567643,1.1363237560567643,0.22342785734327003,0.2090443473841988,0.014383509959071228,0.064376529095799787,0.16239928049460356,0.14894714089844974,0.013452139596153823,0.082833738888398775,0.22334959150402869,0.20896920226700802,0.14908122499386378,0.14894714089844979,6.3231239922351996e-05,6.4941117741020628e-05,false,"prescribed h replay; h_min=h_max=prescribed_h, so adaptive shrink cannot silently change the accepted h"
55,0.036925613763921665,validated,validated,0.036925613763921665,0.036925613763921665,0,0,false,1.1732493698206858,1.1732493698206858,0.2193712751263297,0.2048584061994525,0.014512868926877198,0.066156651177414399,0.15477293957864713,0.14126200473833483,0.013510934840312294,0.087295200808968146,0.21928359535624073,0.20477448695013692,0.14140155927578493,0.14126200473833489,5.8687736784732301e-05,6.0757876934349241e-05,false,"prescribed h replay; h_min=h_max=prescribed_h, so adaptive shrink cannot silently change the accepted h"
56,0.040618175140313836,validated,validated,0.040618175140313836,0.040618175140313836,0,0,false,1.2138675449609997,1.2138675449609997,0.21601580721770658,0.20132090770377292,0.014694899513933657,0.068026963874563764,0.14757205547959953,0.13395686575131582,0.013615189728283711,0.092261300312144023,0.21591759991060203,0.20122723812397034,0.13410330770198345,0.13395686575131582,5.3597396205255516e-05,5.6108084733979136e-05,false,"prescribed h replay; h_min=h_max=prescribed_h, so adaptive shrink cannot silently change the accepted h"
57,0.044679992654345226,validated,validated,0.044679992654345226,0.044679992654345226,0,0,false,1.258547537615345,1.258547537615345,0.21359906231709069,0.19865653947097139,0.014942522846119299,0.069955938401718834,0.14093399323464706,0.12715807053398465,0.013775922700662413,0.097747338200559516,0.21348907451668356,0.19855204248565209,0.12731317109036719,0.12715807053398465,4.7888487837435683e-05,5.094286346171428e-05,false,"prescribed h replay; h_min=h_max=prescribed_h, so adaptive shrink cannot silently change the accepted h"
58,0.049147991919779754,validated,validated,0.049147991919779754,0.049147991919779754,0,0,false,1.3076955295351247,1.3076955295351247,0.21240581312747264,0.19713454892921223,0.015271264198260415,0.071896639613603985,0.13500505438665072,0.12099864650969437,0.014006407876956353,0.10374728517083805,0.21228245970883033,0.19701794745341186,0.12116472386916069,0.12099864650969439,4.1389734709652539e-05,4.5161814862041263e-05,false,"prescribed h replay; h_min=h_max=prescribed_h, so adaptive shrink cannot silently change the accepted h"
59,0.054062791111757734,validated,validated,0.054062791111757734,0.054062791111757734,0,0,false,1.3617583206468824,1.3617583206468824,0.21277720458832006,0.19707731638601178,0.015699888202308276,0.073785574129918277,0.12994186988833234,0.1156190866358294,0.014322783252502941,0.11022454321160267,0.21263757877933701,0.19694607464796957,0.1157991599849171,0.1156190866358294,3.343023790791144e-05,3.8131923173642313e-05,false,"prescribed h replay; h_min=h_max=prescribed_h, so adaptive shrink cannot silently change the accepted h"
60,0.059469070222933511,validated,validated,0.059469070222933511,0.059469070222933511,0,0,false,1.4212273908698159,1.4212273908698159,0.21512348918425528,0.19887208676528401,0.016251402418971272,0.075544527845826243,0.12591317477451661,0.1111679905107929,0.014745184263723704,0.11710596837963268,0.2149648050169112,0.19872392720114332,0.11136605283446444,0.1111679905107929,2.4053187182756825e-05,2.9973709944683017e-05,false,"prescribed h replay; h_min=h_max=prescribed_h, so adaptive shrink cannot silently change the accepted h"
61,0.065415977245226867,validated,validated,0.065415977245226867,0.065415977245226867,0,0,false,1.4866433681150428,1.4866433681150428,0.21994699773601134,0.20299245663684173,0.016954541099169607,0.07708466709565677,0.12310922922490367,0.10780977772692446,0.015299451497979205,0.12427542268199249,0.21976563049352352,0.20282445970109667,0.10803118715775319,0.10780977772692449,1.2812110154165166e-05,2.0350928125827258e-05,false,"prescribed h replay; h_min=h_max=prescribed_h, so adaptive shrink cannot silently change the accepted h"
62,0.035978787484874777,validated,validated,0.035978787484874777,0.035978787484874777,0,0,false,1.5226221555999175,1.5226221555999175,0.17483374425086728,0.15830305933785549,0.016530684913011795,0.094550883090921342,0.12218548659548832,0.10654884801884956,0.015636638576638759,0.1279745983940464,0.17476484837267783,0.15823645869696448,0.10677882858475481,0.10654884801884959,6.8570908064784257e-05,6.9861062339452747e-05,false,"prescribed h replay; h_min=h_max=prescribed_h, so adaptive shrink cannot silently change the accepted h"
63,0.039576666233362257,validated,validated,0.039576666233362257,0.039576666233362257,0,0,false,1.5621988218332798,1.5621988218332798,0.17987441551090311,0.1628471220713279,0.017027293439575208,0.094662119630588029,0.12165827092960954,0.10561684596287441,0.016041424966735135,0.13185642738598979,0.17979738678758075,0.16277302408188069,0.10585763377096649,0.10561684596287442,6.4705557348337727e-05,6.6359142187803489e-05,false,"prescribed h replay; h_min=h_max=prescribed_h, so adaptive shrink cannot silently change the accepted h"
64,0.043534332856698485,validated,validated,0.043534332856698485,0.043534332856698485,0,0,false,1.6057331546899782,1.6057331546899782,0.18626442247979835,0.1686471729468767,0.017617249532921653,0.094581935177837639,0.12163514859665558,0.10510623145605896,0.016528917140596622,0.13588931596907747,0.18617800927780584,0.16856452867960184,0.10536069101660928,0.10510623145605899,6.0205096079996319e-05,6.2338549549940817e-05,false,"prescribed h replay; h_min=h_max=prescribed_h, so adaptive shrink cannot silently change the accepted h"
65,0.047887766142368338,validated,validated,0.047887766142368338,0.047887766142368338,0,0,false,1.6536209208323465,1.6536209208323465,0.19433804813605571,0.17601706689822971,0.018320981237825995,0.094273774042433062,0.12224749511501586,0.10512905873906667,0.017118436375949189,0.14003097862940592,0.19424069696754956,0.1759245998515471,0.10540090207594119,0.10512905873906669,5.4907465052701096e-05,5.7679726023178942e-05,false,"prescribed h replay; h_min=h_max=prescribed_h, so adaptive shrink cannot silently change the accepted h"
66,0.052676542756605174,validated,validated,0.052676542756605174,0.052676542756605174,0,0,false,1.7062974635889516,1.7062974635889516,0.20452440072391398,0.18535992635580556,0.01916447436810842,0.093702630592123845,0.12368392020773629,0.10584943173506088,0.017834488472675408,0.14419407504808276,0.20441414658007387,0.18525605376818613,0.10614294459110463,0.10584943173506089,4.8590062064113852e-05,5.2220288731841839e-05,false,"prescribed h replay; h_min=h_max=prescribed_h, so adaptive shrink cannot silently change the accepted h"
67,0.057944197032265693,validated,validated,0.057944197032265693,0.057944197032265693,0,0,false,1.7642416606212172,1.7642416606212172,0.21741098572191486,0.19723032406172258,0.020180661660192278,0.092822640002216239,0.12624666221428166,0.10753522533113834,0.01871143688314332,0.14821331950451033,0.21728527520639676,0.19711302779760478,0.10785754130343039,0.10753522533113835,4.093150763661937e-05,4.5726545952223685e-05,false,"prescribed h replay; h_min=h_max=prescribed_h, so adaptive shrink cannot silently change the accepted h"
68,0.063738616735492262,validated,validated,0.063738616735492262,0.063738616735492262,0,0,false,1.8279802773567095,1.8279802773567095,0.23384551159306566,0.2124308673199804,0.021414644273085259,0.09157603294242693,0.13009560169601975,0.11030236653093123,0.019793235165088519,0.15214376894414325,0.23370082433162304,0.21229740209969208,0.11066234767530272,0.11030236653093126,3.1399526111068816e-05,3.7803823567238431e-05,false,"prescribed h replay; h_min=h_max=prescribed_h, so adaptive shrink cannot silently change the accepted h"
69,0.070112478409041501,validated,validated,0.070112478409041501,0.070112478409041501,0,0,false,1.898092755765751,1.898092755765751,0.25471356528915412,0.23178991016489536,0.022923655124258757,0.089997778870691589,0.13559085494931927,0.11445003563787794,0.021140819311441336,0.15591626234190561,0.25454516296728652,0.23163662605476104,0.11485994970855032,0.11445003563787795,1.9311857787161212e-05,2.7952753099571995e-05,false,"prescribed h replay; h_min=h_max=prescribed_h, so adaptive shrink cannot silently change the accepted h"
70,0.077123726249945651,validated,validated,0.077123726249945651,0.077123726249945651,0,0,false,1.9752164820156966,1.9752164820156966,0.28140029647739273,0.2566149415848249,0.024785354892567835,0.088078638163620604,0.14322466991468688,0.12038572067223985,0.022838949242447032,0.15946239747699378,0.28120146559400322,0.25643672076292495,0.12086290279373516,0.12038572067223988,3.5293319263899649e-06,1.5333062707578371e-05,false,"prescribed h replay; h_min=h_max=prescribed_h, so adaptive shrink cannot silently change the accepted h"
71,0.042418049437470108,validated,validated,0.042418049437470108,0.042418049437470108,0,0,false,2.0176345314531665,2.0176345314531665,0.22731491702677464,0.20245097143725932,0.024863945589515324,0.10938105565059193,0.14813224894314109,0.12426455303006782,0.023867695913073264,0.16112423920759222,0.22724124352022707,0.20238104492130363,0.12477637905433947,0.12426455303006784,6.6496280003777266e-05,6.8640660633132244e-05,false,"prescribed h replay; h_min=h_max=prescribed_h, so adaptive shrink cannot silently change the accepted h"
72,0.046659854381217121,validated,validated,0.046659854381217121,0.046659854381217121,0,0,false,2.0642943858343838,2.0642943858343838,0.24461110099325012,0.21844067552273017,0.026170425470519953,0.10698788961030067,0.1541721351919767,0.12907694786112109,0.025095187330855612,0.16277381966337062,0.24452783865170841,0.21836240008282429,0.12963180148284459,0.12907694786112112,6.1784612096769703e-05,6.4652853179610406e-05,false,"prescribed h replay; h_min=h_max=prescribed_h, so adaptive shrink cannot silently change the accepted h"
73,0.051325839819338838,validated,validated,0.051325839819338838,0.051325839819338838,0,0,false,2.1156202256537227,2.1156202256537227,0.26552809972916647,0.23780781482874969,0.027720284900416781,0.10439680368552683,0.16163277481230864,0.13506155953292592,0.026571215279382721,0.16439249595410196,0.26543325765432929,0.23771966295542418,0.13567039409790022,0.13506155953292592,5.59603583419489e-05,5.9830270178508216e-05,false,"prescribed h replay; h_min=h_max=prescribed_h, so adaptive shrink cannot silently change the accepted h"
74,0.056458423801272729,validated,validated,0.056458423801272729,0.056458423801272729,0,0,false,2.1720786494549955,2.1720786494549955,0.29103561329546257,0.26146545042518476,0.029570162870277805,0.10160324551159947,0.17088606668163855,0.14252540004533243,0.028360666636306125,0.16596242857612356,0.29092650301020678,0.26136538829335126,0.14320268536901531,0.14252540004533246,4.8570521909323773e-05,5.3841362012299493e-05,false,"prescribed h replay; h_min=h_max=prescribed_h, so adaptive shrink cannot silently change the accepted h"
75,0.062104266181400004,validated,validated,0.062104266181400004,0.062104266181400004,0,0,false,2.2341829156363957,2.2341829156363957,0.32241475287715071,0.29062381593726683,0.031790936939883885,0.098602612492726546,0.18240983461328672,0.15186177212260421,0.030548062490682509,0.16746938319112642,0.32228770316067507,0.29050909192217361,0.15262679584417971,0.15186177212260421,3.8909858381916494e-05,4.6158144219043867e-05,false,"prescribed h replay; h_min=h_max=prescribed_h, so adaptive shrink cannot silently change the accepted h"
76,0.068314692799540014,validated,validated,0.068314692799540014,0.068314692799540014,0,0,false,2.3024976084359356,2.3024976084359356,0.36279805192786874,0.32793675115793752,0.034861300769931214,0.096090099119006053,0.19680925039618785,0.16356646324858115,0.033242787147606701,0.16890866196932888,0.36264679338970479,0.3278028329415798,0.16444551426938928,0.16356646324858118,2.5208570796675232e-05,3.5501016801015438e-05,false,"prescribed h replay; h_min=h_max=prescribed_h, so adaptive shrink cannot silently change the accepted h"
77,0.075146162079494025,validated,validated,0.075146162079494025,0.075146162079494025,0,0,false,2.3776437705154296,2.3776437705154296,0.41412888728250574,0.3755654394183795,0.038563447864126243,0.093119434669669557,0.21482043325329292,0.17823887824275764,0.036581555010535283,0.17028899186420635,0.41394010738842396,0.3754015358900919,0.17926767489347639,0.17823887824275764,2.853324313904177e-06,1.779964862145468e-05,false,"prescribed h replay; h_min=h_max=prescribed_h, so adaptive shrink cannot silently change the accepted h"
78,0.041330389143721717,validated,validated,0.041330389143721717,0.041330389143721717,0,0,false,2.4189741596591512,2.4189741596591512,0.34328846339339991,0.30356589861904748,0.039722564774352431,0.11571191289592327,0.2256347263658004,0.18706611046217742,0.038568615903622983,0.17093386521140061,0.34322385827220364,0.30350591442490932,0.18818007487054461,0.18706611046217744,7.0146957859217686e-05,7.292598209787832e-05,false,"prescribed h replay; h_min=h_max=prescribed_h, so adaptive shrink cannot silently change the accepted h"
79,0.045463428058093891,validated,validated,0.045463428058093891,0.045463428058093891,0,0,false,2.4644375877172449,2.4644375877172449,0.37498170347072357,0.33275072997875366,0.042230973491969914,0.1126214241950796,0.238265049632291,0.19737782527931064,0.040887224352980367,0.17160395289229655,0.37490706867530793,0.33268244971018363,0.1985940727690079,0.19737782527931064,6.4644642653969577e-05,6.8506065935904764e-05,false,"prescribed h replay; h_min=h_max=prescribed_h, so adaptive shrink cannot silently change the accepted h"
80,0.050009770863903284,validated,validated,0.050009770863903284,0.050009770863903284,0,0,false,2.514447358581148,2.514447358581148,0.41271246997709887,0.3675601945927689,0.045152275384329976,0.1094037100135003,0.25294643761183383,0.20936042522574724,0.043586012386086587,0.17231320906354389,0.4126237000311006,0.36748022999191138,0.21069951024914807,0.20936042522574724,5.6530405117614899e-05,6.1939820986379077e-05,false,"prescribed h replay; h_min=h_max=prescribed_h, so adaptive shrink cannot silently change the accepted h"
81,0.05501074795029362,validated,validated,0.05501074795029362,0.05501074795029362,0,0,false,2.5694581065314415,2.5694581065314415,0.45756472015074162,0.40903769930499373,0.048527020845747892,0.10605498787092019,0.26981933728946261,0.22311507311137663,0.046704264178085986,0.17309457745788465,0.45745012959309972,0.40893766240425722,0.22460308864873335,0.22311507311137668,4.1561393853930796e-05,5.0318807585941658e-05,false,"prescribed h replay; h_min=h_max=prescribed_h, so adaptive shrink cannot silently change the accepted h"
82,0.060511822745322991,validated,validated,0.060511822745322991,0.060511822745322991,0,0,false,2.6299699292767644,2.6299699292767644,0.51054896779415615,0.45817808962934453,0.052370878164811618,0.10257758113013478,0.28876406840101665,0.23852071191887947,0.05024335648213718,0.17399448885850469,0.51038710372532947,0.45804096017327162,0.24018898184565074,0.2385207119188795,1.4111206326322537e-05,2.8608667241303206e-05,false,"prescribed h replay; h_min=h_max=prescribed_h, so adaptive shrink cannot silently change the accepted h"
83,0.033281502509927646,validated,validated,0.033281502509927646,0.033281502509927646,0,0,false,2.663251431786692,2.663251431786692,0.42708549088149894,0.37386361702828497,0.053221873853213975,0.12461644094573364,0.29897855914079063,0.24680788476938137,0.052170674371409265,0.17449637365748963,0.42703763334874706,0.37382055258829666,0.24857252026714,0.24680788476938137,7.8015532194229432e-05,8.0752671869125766e-05,false,"prescribed h replay; h_min=h_max=prescribed_h, so adaptive shrink cannot silently change the accepted h"
84,0.036609652760920416,validated,validated,0.036609652760920416,0.036609652760920416,0,0,false,2.6998610845476123,2.6998610845476123,0.45619235969419991,0.40081274885248086,0.055379610841719051,0.12139530543396594,0.30978448306240647,0.25553464635476725,0.054249836707639221,0.17512122031209201,0.45613444541565462,0.40076185201641223,0.25741594517634575,0.2555346463547673,7.2780963456385233e-05,7.6719211188730832e-05,false,"prescribed h replay; h_min=h_max=prescribed_h, so adaptive shrink cannot silently change the accepted h"
85,0.040270618037012464,validated,validated,0.040270618037012464,0.040270618037012464,0,0,false,2.7401317025846246,2.7401317025846246,0.48974795341319061,0.43144663723591148,0.058301316177279128,0.1190435116082894,0.32099652760224034,0.26453620157798252,0.056460326024257823,0.17589076880675816,0.489676297677203,0.43138509966766025,0.26659370325657961,0.26453620157798258,6.5640079840885153e-05,7.1184720208310458e-05,false,"prescribed h replay; h_min=h_max=prescribed_h, so adaptive shrink cannot silently change the accepted h"
86,0.044297679840713713,validated,validated,0.044297679840713713,0.044297679840713713,0,0,false,2.7844293824253383,2.7844293824253383,0.52841071386954019,0.4670382991178359,0.061372414751704296,0.11614528839181824,0.33194353074165039,0.27327556581771195,0.058667964923938443,0.17674079923431121,0.52832096689092389,0.46696286042578306,0.27555791947258024,0.27327556581771195,5.6502451515889241e-05,6.4055098674211904e-05,false,"prescribed h replay; h_min=h_max=prescribed_h, so adaptive shrink cannot silently change the accepted h"
87,0.048727447824785088,validated,validated,0.048727447824785088,0.048727447824785088,0,0,false,2.8331568302501235,2.8331568302501235,0.57045959783690947,0.50584099707834906,0.064618600758560407,0.11327463154898908,0.34160180835840326,0.28092552057145481,0.060676287786948446,0.17762285298937247,0.57033812251577254,0.50574291145959605,0.28351798086858782,0.28092552057145487,4.1591938304072713e-05,5.3167332659121462e-05,false,"prescribed h replay; h_min=h_max=prescribed_h, so adaptive shrink cannot silently change the accepted h"
88,0.053600192607263598,validated,validated,0.053600192607263598,0.053600192607263598,0,0,false,2.8867570228573873,2.8867570228573873,0.61623449884355375,0.54770112030723384,0.068533378536319911,0.11121314802227389,0.35077483034905377,0.28866093191760189,0.062113898431451875,0.17707626961045847,0.61603825046194394,0.54755041296369844,0.29169442332411577,0.28866093191760189,5.6701587854941169e-06,2.9813203851237574e-05,false,"prescribed h replay; h_min=h_max=prescribed_h, so adaptive shrink cannot silently change the accepted h"
89,0.029480105933994982,validated,validated,0.029480105933994982,0.029480105933994982,0,0,false,2.9162371287913822,2.9162371287913822,0.5052007024596743,0.43862286050134947,0.066577841958324835,0.13178493544085909,0.35375596641858442,0.29133389001689869,0.062422076401685733,0.17645519037783333,0.5051446306780597,0.4385772838549522,0.29464460510635437,0.2913338900168988,7.3396823902161082e-05,7.9248970605195714e-05,false,"prescribed h replay; h_min=h_max=prescribed_h, so adaptive shrink cannot silently change the accepted h"
90,0.032428116527394482,validated,validated,0.032428116527394482,0.032428116527394482,0,0,false,2.9486652453187765,2.9486652453187765,0.52643392982923665,0.45880285311745966,0.067631076711776983,0.12847020847177343,0.35470899591380456,0.29243103980930701,0.062277956104497545,0.17557478615408809,0.52635491047308547,0.45873955306508396,0.29609139444145482,0.29243103980930707,6.040818921812173e-05,6.946934361311231e-05,false,"prescribed h replay; h_min=h_max=prescribed_h, so adaptive shrink cannot silently change the accepted h"
91,0.035670928180133933,validated,validated,0.035670928180133933,0.035670928180133933,0,0,false,2.9843361734989102,2.9843361734989102,0.54688244363379945,0.47853938341779634,0.068343060216003115,0.12496846627932097,0.35239862972572378,0.29096751716734426,0.061431112558379519,0.17432279065952133,0.54676795453010474,0.47844862644986569,0.29507203430996398,0.29096751716734431,3.9409427518043273e-05,5.3577294942963626e-05,false,"prescribed h replay; h_min=h_max=prescribed_h, so adaptive shrink cannot silently change the accepted h"
92,0.039238020998147327,validated,validated,0.039238020998147327,0.039238020998147327,0,0,false,3.0235741944970576,3.0235741944970576,0.56453872919612302,0.49608757687318972,0.068451152322933306,0.12125147272075483,0.34511977063874483,0.28558430109425265,0.059535469544492181,0.17250669074769151,0.56436877241614292,0.49595361349175882,0.29025843208347607,0.2855843010942527,5.1276986458405007e-06,2.7388764671030342e-05,false,"prescribed h replay; h_min=h_max=prescribed_h, so adaptive shrink cannot silently change the accepted h"
93,0.021580911548981032,validated,validated,0.021580911548981032,0.021580911548981032,0,0,false,3.0451551060460385,3.0451551060460385,0.45668691159695957,0.39347155636076175,0.063215355236197812,0.13842164868518791,0.33881747236849713,0.28079133216620905,0.058026140202288079,0.17126076703381748,0.45663522555377856,0.39342849359827825,0.28581167732783608,0.28079133216620905,7.3668737828335497e-05,7.8875605440738769e-05,false,"prescribed h replay; h_min=h_max=prescribed_h, so adaptive shrink cannot silently change the accepted h"
94,0.023739002703879138,validated,validated,0.023739002703879138,0.023739002703879138,0,0,false,3.0688941087499177,3.0688941087499177,0.4596179742692727,0.39748305792603006,0.062134916343242641,0.13518817762083463,0.32984602697270982,0.27389357975985923,0.055952447212850587,0.16963201808545619,0.45954989593444717,0.39742739269074429,0.27932775364017975,0.27389357975985928,6.4184620830483167e-05,7.1758492494583269e-05,false,"prescribed h replay; h_min=h_max=prescribed_h, so adaptive shrink cannot silently change the accepted h"
95,0.026112902974267053,validated,validated,0.026112902974267053,0.026112902974267053,0,0,false,3.095007011724185,3.095007011724185,0.45951890964761599,0.398999435207677,0.060519474439938992,0.13170181502726103,0.31743239984426791,0.26427839854514051,0.053154001299127396,0.16744982971241973,0.4594273808550805,0.39892573582124763,0.27020909540351001,0.26427839854514051,5.0378903953694468e-05,6.1363514521382899e-05,false,"prescribed h replay; h_min=h_max=prescribed_h, so adaptive shrink cannot silently change the accepted h"
96,0.02872419327169376,validated,validated,0.02872419327169376,0.02872419327169376,0,0,false,3.1237312049958788,3.1237312049958788,0.45493895584710808,0.39674459616667435,0.058194359680433738,0.12791685331073557,0.30068226490457789,0.25124143995102449,0.049440824953553397,0.1644288031728228,0.4548146841376155,0.39664557410750029,0.25776856452251662,0.25124143995102449,3.0783157636168069e-05,4.6493293003972014e-05,false,"prescribed h replay; h_min=h_max=prescribed_h, so adaptive shrink cannot silently change the accepted h"
97,0.031596612598863136,validated,validated,0.031596612598863136,0.031596612598863136,0,0,false,3.1553278175947419,3.1553278175947419,0.44396946393726266,0.38902254157081506,0.054946922366447604,0.12376284143319405,0.30222341170776046,0.25763205260590655,0.044591359101853911,0.14754435749991535,0.44380077789177175,0.38888886016358948,0.26486382599033298,0.2576320526059066,3.8408377172515417e-06,2.5828337612987342e-05,false,"prescribed h replay; h_min=h_max=prescribed_h, so adaptive shrink cannot silently change the accepted h"
98,0.017378136929374725,validated,validated,0.017378136929374725,0.017378136929374725,0,0,false,3.1727059545241167,3.1727059545241167,0.37805693834789922,0.32722387116011842,0.0508330671877808,0.13445876012729782,0.32033310176351071,0.27518140874450259,0.045151693019008121,0.14095231735476976,0.37800356176209832,0.32717845030763643,0.28282980560430498,0.27518140874450264,7.261472460658462e-05,7.7394207871603961e-05,false,"prescribed h replay; h_min=h_max=prescribed_h, so adaptive shrink cannot silently change the accepted h"
99,0.019115950622312198,validated,validated,0.019115950622312198,0.019115950622312198,0,0,false,3.1918219051464289,3.1918219051464289,0.41067794945165692,0.35840775062904995,0.052270198822606972,0.12727783143068405,0.34466099380126625,0.29519317148331037,0.049467822317955878,0.14352602472468742,0.41061080329821542,0.35835136073002399,0.30331688132695594,0.29519317148331037,6.5025474747330527e-05,7.1483291136076313e-05,false,"prescribed h replay; h_min=h_max=prescribed_h, so adaptive shrink cannot silently change the accepted h"
100,0.02102754568454342,validated,validated,0.02102754568454342,0.02102754568454342,0,0,false,3.2128494508309724,3.2128494508309724,0.45255317907091108,0.39488291980786849,0.057670259263042589,0.12743311047209807,0.37244316940953781,0.31808060439222685,0.05436256501731096,0.14596204060741946,0.45246675670791525,0.39481160316057801,0.32676822763203578,0.31808060439222696,5.4457294868885125e-05,6.3436093703018388e-05,false,"prescribed h replay; h_min=h_max=prescribed_h, so adaptive shrink cannot silently change the accepted h"
101,0.023130300252997765,validated,validated,0.023130300252997765,0.023130300252997765,0,0,false,3.2359797510839701,3.2359797510839701,0.50152056486601271,0.43755990688042934,0.063960657985583369,0.12753347014328562,0.40342538462466004,0.34358478020280014,0.0598406044218599,0.14833128182435659,0.5014070798563447,0.437467936436369,0.35291748671540213,0.3435847802028002,3.9767990551616311e-05,5.2366666966912248e-05,false,"prescribed h replay; h_min=h_max=prescribed_h, so adaptive shrink cannot silently change the accepted h"
102,0.025443330278297541,validated,validated,0.025443330278297541,0.025443330278297541,0,0,false,3.2614230813622678,3.2614230813622678,0.55867778450290828,0.4876733383995222,0.071004446103386076,0.12709373465881291,0.43714290090512736,0.37123910673484573,0.065903794170281638,0.15076029836885002,0.55852608983359375,0.48755257464129736,0.38132387949301327,0.37123910673484584,1.9350352406781907e-05,3.7119596965718972e-05,false,"prescribed h replay; h_min=h_max=prescribed_h, so adaptive shrink cannot silently change the accepted h"
103,0.013993831653063648,validated,validated,0.013993831653063648,0.013993831653063648,0,0,false,3.2754169130153312,3.2754169130153312,0.52780471370216508,0.45559552704063888,0.072209186661526203,0.136810423982445,0.45542287586721719,0.38620652506677705,0.069216350800440141,0.15198259566702313,0.5277519774027698,0.45555098661392718,0.39673013254290901,0.38620652506677711,7.3895173719152043e-05,7.8363821297464779e-05,false,"prescribed h replay; h_min=h_max=prescribed_h, so adaptive shrink cannot silently change the accepted h"
104,0.015393214818370015,validated,validated,0.015393214818370015,0.015393214818370015,0,0,false,3.2908101278337014,3.2908101278337014,0.55977678951293863,0.48346831183310046,0.076308477679838171,0.13631947431445687,0.47511955372652626,0.4023082519764446,0.072811301750081658,0.15324837965307372,0.55971242737503901,0.48341482079048881,0.41332821593070457,0.4023082519764446,6.7935568748063164e-05,7.3831374017422304e-05,false,"prescribed h replay; h_min=h_max=prescribed_h, so adaptive shrink cannot silently change the accepted h"
105,0.016932536300207017,validated,validated,0.016932536300207017,0.016932536300207017,0,0,false,3.3077426641339085,3.3077426641339085,0.59534923776503779,0.51456899546339252,0.080780242301645266,0.1356854719507111,0.49608444108569788,0.41940858509180901,0.076675855993888875,0.15456210605210904,0.59526938445463295,0.51450401122848388,0.43099043370986456,0.41940858509180906,6.0025935434984751e-05,6.8019675482592251e-05,false,"prescribed h replay; h_min=h_max=prescribed_h, so adaptive shrink cannot silently change the accepted h"
106,0.018625789930227721,validated,validated,0.018625789930227721,0.018625789930227721,0,0,false,3.3263684540641361,3.3263684540641361,0.63464790668326443,0.54903302029009371,0.085614886393170719,0.13490139255418485,0.51806059374572178,0.43728364667383446,0.080776947071887317,0.15592181309882611,0.63454697323313292,0.54895228820604081,0.44950170310494736,0.43728364667383457,4.9333539662380779e-05,6.0094943364667637e-05,false,"prescribed h replay; h_min=h_max=prescribed_h, so adaptive shrink cannot silently change the accepted h"
107,0.020488368923250497,validated,validated,0.020488368923250497,0.020488368923250497,0,0,false,3.3468568229873865,3.3468568229873865,0.67777109832962434,0.58691461237704123,0.09085648595258311,0.13405187411575986,0.54065335843350848,0.45560073359141828,0.085052624842090196,0.15731452235591778,0.67764173750675261,0.58681282114663669,0.46853839393456809,0.45560073359141839,3.503326922257246e-05,4.9571502809231436e-05,false,"prescribed h replay; h_min=h_max=prescribed_h, so adaptive shrink cannot silently change the accepted h"
108,0.022537205815575549,validated,validated,0.022537205815575549,0.022537205815575549,0,0,false,3.369394028802962,3.369394028802962,0.72459663747789005,0.62825813343342474,0.096338504044465312,0.13295466617094939,0.563268500162732,0.47386607958402638,0.089402420578705621,0.15872078866983805,0.72442837532156645,0.62812772240561576,0.48761591942236004,0.47386607958402649,1.5648000195890962e-05,3.5395732921298924e-05,false,"prescribed h replay; h_min=h_max=prescribed_h, so adaptive shrink cannot silently change the accepted h"
109,0.012395463198566553,validated,validated,0.012395463198566553,0.012395463198566553,0,0,false,3.3817894920015288,3.3817894920015288,0.66676573050090782,0.57120208977802833,0.095563640722879484,0.14332416372252257,0.57471236275576654,0.48310040129010123,0.091611961465665304,0.15940489086815993,0.66671021655518226,0.57115588709484999,0.49730690613941553,0.48310040129010134,7.3084239971464012e-05,7.7863125906701185e-05,false,"prescribed h replay; h_min=h_max=prescribed_h, so adaptive shrink cannot silently change the accepted h"
110,0.013635009518423209,validated,validated,0.013635009518423209,0.013635009518423209,0,0,false,3.395424501519952,3.395424501519952,0.69095777632148558,0.59254213986207094,0.098415636459414646,0.14243364765841246,0.58632164417569921,0.49244661651626276,0.09387502765943645,0.16010841249330637,0.69089124470883079,0.59248753664103038,0.50715944729110185,0.49244661651626287,6.7637225801610323e-05,7.3744270516741282e-05,false,"prescribed h replay; h_min=h_max=prescribed_h, so adaptive shrink cannot silently change the accepted h"
111,0.014998510470265531,validated,validated,0.014998510470265531,0.014998510470265531,0,0,false,3.4104230119902175,3.4104230119902175,0.71681109286091371,0.61543690398891715,0.10137418887199656,0.14142385613397124,0.59784709687667603,0.50170018638769631,0.09614691048897972,0.16082190745974789,0.71673075053975854,0.61537186480578809,0.51697330543170783,0.50170018638769642,6.0811565399739503e-05,6.8625897877587196e-05,false,"prescribed h replay; h_min=h_max=prescribed_h, so adaptive shrink cannot silently change the accepted h"
112,0.016498361517292084,validated,validated,0.016498361517292084,0.016498361517292084,0,0,false,3.4269213735075095,3.4269213735075095,0.74415572723817358,0.63976363014148108,0.1043920970966925,0.14028259580038266,0.60895508178392677,0.51058920915720751,0.098365872626719253,0.1615322304866191,0.7440579464336573,0.63968558531911179,0.52648067531433362,0.51058920915720762,5.2198060881591547e-05,6.2249307865004032e-05,false,"prescribed h replay; h_min=h_max=prescribed_h, so adaptive shrink cannot silently change the accepted h"
113,0.018148197669021295,validated,validated,0.018148197669021295,0.018148197669021295,0,0,false,3.4450695711765307,3.4450695711765307,0.77268772107570149,0.66528577684443668,0.10740194423126481,0.13899786589302157,0.61921451017566242,0.51876456393556714,0.10044994624009529,0.16222156391586989,0.77256716449993912,0.66519100528860642,0.53533614910953597,0.51876456393556725,4.0948756834560275e-05,5.4048076703892209e-05,false,"prescribed h replay; h_min=h_max=prescribed_h, so adaptive shrink cannot silently change the accepted h"
114,0.019963017435923425,validated,validated,0.019963017435923425,0.019963017435923425,0,0,false,3.4650325886124542,3.4650325886124542,0.80194376643036192,0.69162206826943384,0.11032169816092807,0.13756787293452705,0.6281455920580381,0.52587435316070252,0.10227123889733558,0.16281454521117794,0.8017944455065168,0.69150603856182535,0.54316788772053604,0.52587435316070252,2.673700448411982e-05,4.3623430705494916e-05,false,"prescribed h replay; h_min=h_max=prescribed_h, so adaptive shrink cannot silently change the accepted h"
115,0.021959319179515768,validated,validated,0.021959319179515768,0.021959319179515768,0,0,false,3.4869919077919702,3.4869919077919702,0.83127234956272944,0.71827760258628981,0.11299474697643963,0.13592987549252392,0.63644648955398142,0.5327042578363349,0.10374223171764652,0.1630022844345462,0.83108721692110643,0.71813511370400385,0.55080522718115144,0.5327042578363349,9.0112106119950603e-06,3.0635006242382744e-05,false,"prescribed h replay; h_min=h_max=prescribed_h, so adaptive shrink cannot silently change the accepted h"
116,0.012077625548733673,validated,validated,0.012077625548733673,0.012077625548733673,0,0,false,3.499069533340704,3.499069533340704,0.74715961429228939,0.63775519187727303,0.10940442241501636,0.14642710917752744,0.63981396659345924,0.53551211185975323,0.10430185473370601,0.16301903393737557,0.74710199888852802,0.63770746929242084,0.55405085051117542,0.53551211185975334,7.2229201692725634e-05,7.7233264881024352e-05,false,"prescribed h replay; h_min=h_max=prescribed_h, so adaptive shrink cannot silently change the accepted h"
117,0.013285388103607042,validated,validated,0.013285388103607042,0.013285388103607042,0,0,false,3.5123549214443113,3.5123549214443113,0.76170878373664186,0.65125647287829813,0.11045231085834373,0.14500595662886859,0.64244657902139934,0.53773236324726414,0.1047142157741352,0.16299287628496698,0.76164112968262809,0.65120107359139501,0.55674502770377554,0.53773236324726426,6.7274905473368112e-05,7.3482564053311991e-05,false,"prescribed h replay; h_min=h_max=prescribed_h, so adaptive shrink cannot silently change the accepted h"
118,0.014613926913967746,validated,validated,0.014613926913967746,0.014613926913967746,0,0,false,3.5269688483582788,3.5269688483582788,0.77636735407802138,0.66499190961139854,0.11137544446662284,0.14345714548866789,0.64407812715803037,0.5391519028969084,0.10492622426112197,0.16290915626044444,0.77628726868916409,0.66492721403247745,0.55867541665646847,0.53915190289690851,6.110833679860101e-05,6.8918514113138949e-05,false,"prescribed h replay; h_min=h_max=prescribed_h, so adaptive shrink cannot silently change the accepted h"
119,0.016075319605364524,validated,validated,0.016075319605364524,0.016075319605364524,0,0,false,3.5430441679636435,3.5430441679636435,0.79080710996089199,0.67869223857618644,0.11211487138470555,0.14177271546060075,0.64439841055805458,0.53952352571227014,0.10487488484578444,0.16274851571244858,0.79071185911036357,0.67861607898413656,0.55959421552464661,0.53952352571227014,5.3541591469768529e-05,6.3257340888494835e-05,false,"prescribed h replay; h_min=h_max=prescribed_h, so adaptive shrink cannot silently change the accepted h"
120,0.017682851565900978,validated,validated,0.017682851565900978,0.017682851565900978,0,0,false,3.5607270195295446,3.5607270195295446,0.80464376717774289,0.6919990471166646,0.11264472006107829,0.13999327982888043,0.64339490836889057,0.53890117010074534,0.10449373826814523,0.162409955237373,0.8045300676856505,0.69190894563077754,0.55955917142158285,0.53890117010074534,4.4271403467436832e-05,5.6326675042098698e-05,false,"prescribed h replay; h_min=h_max=prescribed_h, so adaptive shrink cannot silently change the accepted h"
121,0.019451136722491078,validated,validated,0.019451136722491078,0.019451136722491078,0,0,false,3.5801781562520358,3.5801781562520358,0.81808466735972596,0.70515208603950308,0.11293258132022288,0.13804510196322317,0.64170998654019873,0.53801244128323222,0.10369754525696651,0.16159565447322297,0.81794857982094593,0.70504501350760063,0.55928894412781549,0.53801244128323233,3.2919842421455674e-05,4.7818680717178523e-05,false,"prescribed h replay; h_min=h_max=prescribed_h, so adaptive shrink cannot silently change the accepted h"
122,0.021396250394740187,validated,validated,0.021396250394740187,0.021396250394740187,0,0,false,3.6015744066467761,3.6015744066467761,0.8313506420341642,0.7186712124156589,0.1126794296185053,0.13553779106106081,0.63789962941431599,0.53550777830981255,0.10239185110450344,0.16051404701161834,0.83118730883082004,0.71854336784574102,0.55741837077435907,0.53550777830981267,1.8935820460532393e-05,3.728305878749736e-05,false,"prescribed h replay; h_min=h_max=prescribed_h, so adaptive shrink cannot silently change the accepted h"
123,0.023535875434214207,validated,validated,0.023535875434214207,0.023535875434214207,0,0,false,3.6251102820809904,3.6251102820809904,0.84260669879163907,0.73072556833281033,0.11188113045882875,0.13277977806166821,0.63111367899298676,0.53061287672231527,0.10050080227067149,0.15924358101543906,0.84241084772489561,0.73057272925617467,0.5531733224366695,0.53061287672231539,2.0019740902233417e-06,2.4431005332485833e-05,false,"prescribed h replay; h_min=h_max=prescribed_h, so adaptive shrink cannot silently change the accepted h"
124,0.012944731488817815,validated,validated,0.012944731488817815,0.012944731488817815,0,0,false,3.6380550135698084,3.6380550135698084,0.7391003200610784,0.63379028730804365,0.10531003275303474,0.1424840848997766,0.62646331156042478,0.52718579384622943,0.099277517714195351,0.15847299575598475,0.7390430250225456,0.63374214409586715,0.55008066445840675,0.52718579384622943,7.2167426842563006e-05,7.6916687388841777e-05,false,"prescribed h replay; h_min=h_max=prescribed_h, so adaptive shrink cannot silently change the accepted h"
125,0.014239204637699598,validated,validated,0.014239204637699598,0.014239204637699598,0,0,false,3.652294218207508,3.652294218207508,0.74326336456378661,0.6388410163821856,0.10442234818160101,0.14049171957087564,0.6205664154803876,0.52276639636617728,0.097800019114210324,0.15759798898962685,0.74319724905483586,0.6387858807594925,0.54600925832109548,0.52276639636617739,6.7687952700799074e-05,7.3421657350454574e-05,false,"prescribed h replay; h_min=h_max=prescribed_h, so adaptive shrink cannot silently change the accepted h"
126,0.015663125101469558,validated,validated,0.015663125101469558,0.015663125101469558,0,0,false,3.6679573433089776,3.6679573433089776,0.74646773977629899,0.64318633924925817,0.10328140052704082,0.13836016618480007,0.61322037015025199,0.51718774164000869,0.096032628510243301,0.1566037809323152,0.74639131411929549,0.64312305740294284,0.54078880281695885,0.5171877416400088,6.2395585658071506e-05,6.9308962851437233e-05,false,"prescribed h replay; h_min=h_max=prescribed_h, so adaptive shrink cannot silently change the accepted h"
127,0.017229437611616515,validated,validated,0.017229437611616515,0.017229437611616515,0,0,false,3.6851867809205943,3.6851867809205943,0.74838259477299296,0.64653853203721479,0.10184406273577817,0.13608555763736135,0.60421449265911864,0.51027501435375833,0.093939478305360313,0.15547372571607349,0.74829417713057211,0.64646574334144513,0.53423976786364791,0.51027501435375844,5.6165641913048976e-05,6.4455678234880441e-05,false,"prescribed h replay; h_min=h_max=prescribed_h, so adaptive shrink cannot silently change the accepted h"
128,0.018952381372778167,validated,validated,0.018952381372778167,0.018952381372778167,0,0,false,3.7041391622933726,3.7041391622933726,0.74862115340142033,0.6485548756876075,0.10006627771381282,0.13366744615638185,0.59333900903699777,0.50185243474950458,0.091486574287493183,0.1541893805970686,0.7485189439345139,0.64847111519676759,0.52618009983158798,0.50185243474950469,4.8902554084036432e-05,5.8784020826456497e-05,false,"prescribed h replay; h_min=h_max=prescribed_h, so adaptive shrink cannot silently change the accepted h"
129,0.020847619510055985,validated,validated,0.020847619510055985,0.020847619510055985,0,0,false,3.7249867818034286,3.7249867818034286,0.74677001224718942,0.64884183193799105,0.097928180309198365,0.13113566252414408,0.58039754352371675,0.49175309724276994,0.088644446280946809,0.15273056764294271,0.7466521338252462,0.64874552431271371,0.5164347958415727,0.49175309724276994,4.0523277195566988e-05,5.2206766974359025e-05,false,"prescribed h replay; h_min=h_max=prescribed_h, so adaptive shrink cannot silently change the accepted h"
130,0.022932381461061586,validated,validated,0.022932381461061586,0.022932381461061586,0,0,false,3.7479191632644904,3.7479191632644904,0.74251502985765705,0.64710001437155729,0.095415015486099763,0.12850247018486774,0.56522237101806139,0.47983092986381914,0.085391441154242242,0.1510758341012543,0.74237973611003627,0.64698963024939327,0.50484764919103242,0.47983092986381914,3.1043106314891279e-05,4.470954324378044e-05,false,"prescribed h replay; h_min=h_max=prescribed_h, so adaptive shrink cannot silently change the accepted h"
131,0.025225619607167748,validated,validated,0.025225619607167748,0.025225619607167748,0,0,false,3.773144782871658,3.773144782871658,0.73524293948697028,0.64281656195708836,0.09242637752988192,0.12570862304964694,0.5476934498038426,0.46597591131269461,0.08171753849114799,0.14920305970505082,0.73508883349216581,0.6426908210386999,0.49129637885865368,0.46597591131269467,2.0586469223504855e-05,3.6377717737454696e-05,false,"prescribed h replay; h_min=h_max=prescribed_h, so adaptive shrink cannot silently change the accepted h"
132,0.027748181567884524,validated,validated,0.027748181567884524,0.027748181567884524,0,0,false,3.8008929644395426,3.8008929644395426,0.72446026148684528,0.63548379999410276,0.08897646149274252,0.12281758741346525,0.52777470831504869,0.45014272465892513,0.07763198365612356,0.1470930350261917,0.72428024945757818,0.63533923117743185,0.47572499583711692,0.45014272465892524,6.2647050289750268e-06,2.60822601218181e-05,false,"prescribed h replay; h_min=h_max=prescribed_h, so adaptive shrink cannot silently change the accepted h"
133,0.01526149986233649,validated,validated,0.01526149986233649,0.01526149986233649,0,0,false,3.8161544643018792,3.8161544643018792,0.61651112351250692,0.53529596554993575,0.081215157962571172,0.13173348357424014,0.51676593361353995,0.44138712048768713,0.075378813125852817,0.14586645175845583,0.61645799637819321,0.53525031364020992,0.46707852862170052,0.44138712048768719,7.3962305918570445e-05,7.8041832323703998e-05,false,"prescribed h replay; h_min=h_max=prescribed_h, so adaptive shrink cannot silently change the accepted h"
134,0.016787649848570139,validated,validated,0.016787649848570139,0.016787649848570139,0,0,false,3.8329421141504492,3.8329421141504492,0.61064790335010488,0.53148465529319733,0.079163248056907554,0.12963812308632561,0.50459356903907149,0.43167674715782556,0.07291682188124593,0.14450604675780135,0.61058689281938738,0.53143264102951182,0.45746262007685656,0.43167674715782556,6.9871392973424874e-05,7.4811269075439067e-05,false,"prescribed h replay; h_min=h_max=prescribed_h, so adaptive shrink cannot silently change the accepted h"
135,0.018466414833427154,validated,validated,0.018466414833427154,0.018466414833427154,0,0,false,3.8514085289838764,3.8514085289838764,0.60339245287939725,0.52649680378520025,0.076895649094196994,0.12743886458514667,0.49119765411535987,0.42095612643159308,0.070241527683766791,0.14300053572175705,0.60332217470461491,0.52643733490431455,0.44681630929578608,0.42095612643159308,6.5026009686237364e-05,7.0996419983566136e-05,false,"prescribed h replay; h_min=h_max=prescribed_h, so adaptive shrink cannot silently change the accepted h"
136,0.02031305631676987,validated,validated,0.02031305631676987,0.02031305631676987,0,0,false,3.8717215853006461,3.8717215853006461,0.59453976362774907,0.52013601665105602,0.074403746976693053,0.12514511480728888,0.47653989235777694,0.40918659263297824,0.067353299724798699,0.14133821911856048,0.5944582049397874,0.52006759878001008,0.43509469872826029,0.4091865926329783,5.9101119502003029e-05,6.6388771404429851e-05,false,"prescribed h replay; h_min=h_max=prescribed_h, so adaptive shrink cannot silently change the accepted h"
137,0.022344361948446859,validated,validated,0.022344361948446859,0.022344361948446859,0,0,false,3.8940659472490928,3.8940659472490928,0.58388255336080341,0.5121997929126425,0.071682760448160909,0.12276914258793649,0.46060658785221659,0.39634842412167642,0.064258163730540163,0.13950769577606886,0.58378754928988719,0.51212056964842956,0.422270711121423,0.39634842412167642,5.2012406417833492e-05,6.0801420180733749e-05,false,"prescribed h replay; h_min=h_max=prescribed_h, so adaptive shrink cannot silently change the accepted h"
138,0.024578798143291548,validated,validated,0.024578798143291548,0.024578798143291548,0,0,false,3.9186447453923843,3.9186447453923843,0.57121615573259599,0.50248284493750006,0.068733310795095925,0.12032802312277757,0.44341484426285038,0.38244562430793261,0.060969219954917775,0.13749927577701038,0.57110527345282236,0.50239081125399865,0.40834025347847613,0.38244562430793272,4.3622748053648712e-05,5.415778416321974e-05,false,"prescribed h replay; h_min=h_max=prescribed_h, so adaptive shrink cannot silently change the accepted h"
139,0.027036677957620703,validated,validated,0.027036677957620703,0.027036677957620703,0,0,false,3.9456814233500048,3.9456814233500048,0.55634832827530967,0.49078582340162324,0.065562504873686422,0.11784434596385222,0.4250217664192294,0.36751166047002937,0.05751010594920003,0.13531096638583373,0.55621889824850845,0.49067875889149271,0.39333070204504494,0.36751166047002937,3.3819329102022106e-05,4.6354237100867386e-05,false,"prescribed h replay; h_min=h_max=prescribed_h, so adaptive shrink cannot silently change the accepted h"
140,0.029740345753382778,validated,validated,0.029740345753382778,0.029740345753382778,0,0,false,3.9754217691033875,3.9754217691033875,0.53911522334719963,0.47692731934233024,0.062187904004869399,0.11535178624481042,0.40897746751041558,0.35506179520704606,0.053915672303369522,0.13183042242295764,0.53896449775239041,0.47680289971892975,0.38075371141995895,0.35506179520704606,2.2580956766513188e-05,3.735234274301087e-05,false,"prescribed h replay; h_min=h_max=prescribed_h, so adaptive shrink cannot silently change the accepted h"
141,0.032714380328721059,validated,validated,0.032714380328721059,0.032714380328721059,0,0,false,4.0081361494321088,4.0081361494321088,0.52396045000284985,0.46440968060899407,0.059550769393855785,0.11365508483232252,0.39608613412792359,0.344674380111054,0.051411754016869593,0.12979942892993368,0.52377895119931828,0.46426061274818908,0.37017794416522609,0.34467438011105406,6.6396104762753139e-06,2.4783312400775763e-05,false,"prescribed h replay; h_min=h_max=prescribed_h, so adaptive shrink cannot silently change the accepted h"
142,0.017992909180796584,validated,validated,0.017992909180796584,0.017992909180796584,0,0,false,4.0261290586129057,4.0261290586129057,0.45300373035149533,0.39883391054834461,0.054169819803150721,0.11957919145857628,0.38950876446375871,0.33913458429582999,0.050374180167928717,0.12932746259838196,0.45294970047488525,0.39878689219881236,0.36451083903513498,0.33913458429582999,7.3992672061953701e-05,7.7777775583295271e-05,false,"prescribed h replay; h_min=h_max=prescribed_h, so adaptive shrink cannot silently change the accepted h"
143,0.019792200098876243,validated,validated,0.019792200098876243,0.019792200098876243,0,0,false,4.0459212587117817,4.0459212587117817,0.44976107654922809,0.39648695930320677,0.053274117246021324,0.11844981707791306,0.38242335990156651,0.33314470605132296,0.049278653850243548,0.12885890093881183,0.44969716760023259,0.39643177592904955,0.35837212507127258,0.33314470605132296,6.907721186595939e-05,7.3775561318933111e-05,false,"prescribed h replay; h_min=h_max=prescribed_h, so adaptive shrink cannot silently change the accepted h"
144,0.021771420108763869,validated,validated,0.021771420108763869,0.021771420108763869,0,0,false,4.0676926788205456,4.0676926788205456,0.44592748097042517,0.3936187122654573,0.052308768704967867,0.11730330813237566,0.37482792130593168,0.32669806324592593,0.048129858060005748,0.1284052102957467,0.44585169101433131,0.39355382720548471,0.3517519050706055,0.32669806324592593,6.3157520125948894e-05,6.9009606675122088e-05,false,"prescribed h replay; h_min=h_max=prescribed_h, so adaptive shrink cannot silently change the accepted h"
145,0.023948562119640259,validated,validated,0.023948562119640259,0.023948562119640259,0,0,false,4.0916412409401861,4.0916412409401861,0.44144010606683537,0.3901669168933623,0.051273189173473066,0.11614982070910917,0.36672969704660008,0.31979541720756077,0.046934279839039306,0.12798058138464691,0.44135003235421988,0.39009039283270852,0.34464727539280593,0.31979541720756088,5.6032228546273034e-05,6.3279369307481164e-05,false,"prescribed h replay; h_min=h_max=prescribed_h, so adaptive shrink cannot silently change the accepted h"
146,0.026343418331604286,validated,validated,0.026343418331604286,0.026343418331604286,0,0,false,4.1179846592717908,4.1179846592717908,0.43624018040321355,0.38607227956151507,0.050167900841698476,0.11500064206678225,0.35814605947933398,0.31244567106174237,0.045700388417591609,0.12760265597792692,0.43613321492851875,0.38598206588963629,0.33706312546891559,0.31244567106174248,4.7594834112786604e-05,5.652576806851333e-05,false,"prescribed h replay; h_min=h_max=prescribed_h, so adaptive shrink cannot silently change the accepted h"
147,0.028977760164764717,validated,validated,0.028977760164764717,0.028977760164764717,0,0,false,4.1469624194365551,4.1469624194365551,0.4302768439584822,0.38128220827435122,0.048994635684130983,0.11386770255491258,0.3494027334952774,0.30472645769708601,0.044676275798191389,0.12786470028802807,0.43015015645217258,0.38117609215466863,0.32931041000153249,0.30472645769708606,3.7724297887569043e-05,4.866068916212545e-05,false,"prescribed h replay; h_min=h_max=prescribed_h, so adaptive shrink cannot silently change the accepted h"
148,0.031875536181241192,validated,validated,0.031875536181241192,0.031875536181241192,0,0,false,4.1788379556177961,4.1788379556177961,0.42490451567425264,0.37645046465424759,0.048454051020005051,0.11403515197553632,0.34149083908370081,0.29771420392999504,0.043776635153705779,0.12819270722215756,0.42475471925483343,0.37632597577462701,0.32236336406523908,0.29771420392999504,2.6113445344593897e-05,3.9540754918361246e-05,false,"prescribed h replay; h_min=h_max=prescribed_h, so adaptive shrink cannot silently change the accepted h"
149,0.035063089799365316,validated,validated,0.035063089799365316,0.035063089799365316,0,0,false,4.2139010454171615,4.2139010454171615,0.42095349984229713,0.37315372659456647,0.047799773247730659,0.11355119571553154,0.33466454649580013,0.29166066687139425,0.043003879624405883,0.12849846233994661,0.42077615694914572,0.37300772885819572,0.31645741460602839,0.2916606668713943,1.2147778099225274e-05,2.8761915956411078e-05,false,"prescribed h replay; h_min=h_max=prescribed_h, so adaptive shrink cannot silently change the accepted h"
150,0.019284699389650925,validated,validated,0.019284699389650925,0.019284699389650925,0,0,false,4.2331857448068124,4.2331857448068124,0.37518319982878867,0.33010929891658758,0.045073900912201093,0.12013837755200697,0.33164614182505692,0.28898700724088899,0.042659134584167924,0.12862846632080099,0.37512534019497268,0.33005852292711513,0.31388887474588989,0.28898700724088905,7.2543605087783725e-05,7.6235717578837826e-05,false,"prescribed h replay; h_min=h_max=prescribed_h, so adaptive shrink cannot silently change the accepted h"
151,0.02121316932861602,validated,validated,0.02121316932861602,0.02121316932861602,0,0,false,4.2543989141354288,4.2543989141354288,0.37531855715889423,0.33041156730197252,0.044906989856921709,0.1196503316991863,0.32891176882299622,0.2865618672849829,0.042349901538013324,0.12875763518454067,0.37525139238906868,0.33035312420487689,0.31160428977034493,0.28656186728498295,6.7928644934163722e-05,7.2485613313967749e-05,false,"prescribed h replay; h_min=h_max=prescribed_h, so adaptive shrink cannot silently change the accepted h"
152,0.023334486261477626,validated,validated,0.023334486261477626,0.023334486261477626,0,0,false,4.2777334003969063,4.2777334003969063,0.37598184496124898,0.33118815335754143,0.044793691603707553,0.11913791105611567,0.32656874142878656,0.28447839433853239,0.042090347090254165,0.12888663779056952,0.37590345655278051,0.33112064504196681,0.30970459044087534,0.28447839433853239,6.2310922503668823e-05,6.8009209484075112e-05,false,"prescribed h replay; h_min=h_max=prescribed_h, so adaptive shrink cannot silently change the accepted h"
153,0.02566793488762539,validated,validated,0.02566793488762539,0.02566793488762539,0,0,false,4.3034013352845317,4.3034013352845317,0.37731889607972396,0.33256747832064287,0.044751417759081091,0.11860370160106037,0.32474131594974964,0.28284420615528616,0.041897109794463483,0.12901687508387946,0.37722666034630498,0.3324888024675019,0.30830656885506041,0.28284420615528622,5.531138781601218e-05,6.2434733972065992e-05,false,"prescribed h replay; h_min=h_max=prescribed_h, so adaptive shrink cannot silently change the accepted h"
154,0.028234728376387932,validated,validated,0.028234728376387932,0.028234728376387932,0,0,false,4.3316360636609197,4.3316360636609197,0.37950461943225716,0.334703448321098,0.044801171111159166,0.11805171483335876,0.32357187973966933,0.28178204051659661,0.041789839223072722,0.12915164091729744,0.3793954393122419,0.33461123552463745,0.30754404814477559,0.28178204051659661,4.6654249021534226e-05,5.5599350178964135e-05,false,"prescribed h replay; h_min=h_max=prescribed_h, so adaptive shrink cannot silently change the accepted h"
155,0.031058201214026727,validated,validated,0.031058201214026727,0.031058201214026727,0,0,false,4.3626942648749463,4.3626942648749463,0.38274844564768207,0.33778026796478433,0.044968177682897736,0.11748755140416875,0.32322302605461911,0.28143139924514088,0.041791626809478233,0.12929656441746254,0.38261835936356631,0.33767151060485578,0.30756995752974425,0.28143139924514093,3.5850082335477727e-05,4.7140997138243407e-05,false,"prescribed h replay; h_min=h_max=prescribed_h, so adaptive shrink cannot silently change the accepted h"
156,0.034164021335429402,validated,validated,0.034164021335429402,0.034164021335429402,0,0,false,4.3968582862103753,4.3968582862103753,0.38730080138654149,0.34201809458677745,0.045282706799764039,0.11691870153031289,0.32388028328251728,0.2819506589843091,0.041929624298208179,0.12946025572551886,0.38714468708264915,0.34188893268540149,0.30855906931784804,0.28195065898430915,2.2236525504757922e-05,3.6571352961506552e-05,false,"prescribed h replay; h_min=h_max=prescribed_h, so adaptive shrink cannot silently change the accepted h"
157,0.037580423468972349,validated,validated,0.037580423468972349,0.037580423468972349,0,0,false,4.4344387096793474,4.4344387096793474,0.39353539234563512,0.34772797463556354,0.045807417710071574,0.11639974091539837,0.32575771767576661,0.28352164953481274,0.042236068140953875,0.12965485036640731,0.3933463889207045,0.34757330734645003,0.31071359340806409,0.28352164953481274,4.8263827991699098e-06,2.3181102929660218e-05,false,"prescribed h replay; h_min=h_max=prescribed_h, so adaptive shrink cannot silently change the accepted h"
158,0.020669232907934793,validated,validated,0.020669232907934793,0.020669232907934793,0,0,false,4.4551079425872819,4.4551079425872819,0.36291316904083892,0.31860019873672746,0.044312970304111465,0.12210350597424832,0.32725467876733838,0.28479269236073801,0.042461986406600372,0.12975211406156459,0.36284939352344031,0.31854454458468007,0.31233137998687438,0.28479269236073806,6.936429700729759e-05,7.3632305727853301e-05,false,"prescribed h replay; h_min=h_max=prescribed_h, so adaptive shrink cannot silently change the accepted h"
159,0.022736156198728274,validated,validated,0.022736156198728274,0.022736156198728274,0,0,false,4.4778440987860106,4.4778440987860106,0.36806122199778524,0.32329688952111946,0.04476433247666578,0.12162197428376506,0.32927026414019667,0.28650844444500234,0.042761819695194325,0.12986845261249344,0.36798656995893847,0.32323245650243726,0.31445294686058056,0.28650844444500234,6.3824039343963286e-05,6.9216684999842719e-05,false,"prescribed h replay; h_min=h_max=prescribed_h, so adaptive shrink cannot silently change the accepted h"
160,0.025009771818601104,validated,validated,0.025009771818601104,0.025009771818601104,0,0,false,4.5028538706046115,4.5028538706046115,0.37414977300857821,0.32882991572245601,0.0453198572861222,0.12112758193517104,0.33191433882988192,0.28876231865536661,0.043152020174515304,0.13000950885894771,0.37406175452027701,0.32875482197282091,0.31718303299840606,0.28876231865536661,5.6940241115925559e-05,6.3790169729822859e-05,false,"prescribed h replay; h_min=h_max=prescribed_h, so adaptive shrink cannot silently change the accepted h"
161,0.027510749000461215,validated,validated,0.027510749000461215,0.027510749000461215,0,0,false,4.5303646196050726,4.5303646196050726,0.38135976767121893,0.33535799217010692,0.046001775501112008,0.12062566479422508,0.33531739441009073,0.29166492409759037,0.043652470312500358,0.13018254060245293,0.38125515396578097,0.33526981744228901,0.32064613210917603,0.29166492409759037,4.8299027974049766e-05,5.7050204954366708e-05,false,"prescribed h replay; h_min=h_max=prescribed_h, so adaptive shrink cannot silently change the accepted h"
162,0.030261823900507339,validated,validated,0.030261823900507339,0.030261823900507339,0,0,false,4.5606264435055799,4.5606264435055799,0.38990958211096055,0.34307249926395578,0.046837082847004774,0.12012293361304434,0.33963524567754666,0.29534790090489715,0.044287344772649506,0.13039678695389698,0.38978413956861918,0.34296809166943004,0.32499105995729993,0.29534790090489721,3.7335561734377269e-05,4.8584028047992166e-05,false,"prescribed h replay; h_min=h_max=prescribed_h, so adaptive shrink cannot silently change the accepted h"
163,0.033288006290558073,validated,validated,0.033288006290558073,0.033288006290558073,0,0,false,4.5939144497961379,4.5939144497961379,0.4000644535890453,0.35220546193733093,0.047858991651714367,0.11962820296170611,0.34505571812029301,0.29996929717895021,0.045086420941342797,0.1306641755915629,0.39991229262860967,0.35208052090773939,0.33039746819535187,0.29996929717895027,2.3134390487944089e-05,3.7751443217519555e-05,false,"prescribed h replay; h_min=h_max=prescribed_h, so adaptive shrink cannot silently change the accepted h"
164,0.03661680691961388,validated,validated,0.03661680691961388,0.03661680691961388,0,0,false,4.6305312567157522,4.6305312567157522,0.41214863266498547,0.36304023867000212,0.049108393994983346,0.11915214585923677,0.35180757274942198,0.30572110232171074,0.046086470427711246,0.13099908585690603,0.41196169819411121,0.3628886978146168,0.33708452406677181,0.30572110232171079,4.4902121391381035e-06,2.3577278227055606e-05,false,"prescribed h replay; h_min=h_max=prescribed_h, so adaptive shrink cannot silently change the accepted h"
165,0.020139243805787636,validated,validated,0.020139243805787636,0.020139243805787636,0,0,false,4.6506705005215396,4.6506705005215396,0.38850854909728927,0.34023009834920592,0.048278450748083346,0.124266121968898,0.3558721864585474,0.30918721388140719,0.046684972577140216,0.13118466222866271,0.38844444745731693,0.34017480489668678,0.34109825132406746,0.30918721388140719,6.8956604619514091e-05,7.3601113859408788e-05,false,"prescribed h replay; h_min=h_max=prescribed_h, so adaptive shrink cannot silently change the accepted h"
166,0.022153168186366402,validated,validated,0.022153168186366402,0.022153168186366402,0,0,false,4.6728236687079061,4.6728236687079061,0.39658101173169436,0.34744602224897736,0.049134989482716995,0.1238964751947305,0.36067199928792126,0.31328541013568234,0.047386589152238923,0.13138416413193924,0.39650543805487248,0.34738164100738794,0.34582623938899576,0.31328541013568234,6.3058045958279708e-05,6.8981508198002176e-05,false,"prescribed h replay; h_min=h_max=prescribed_h, so adaptive shrink cannot silently change the accepted h"
167,0.024368485005003045,validated,validated,0.024368485005003045,0.024368485005003045,0,0,false,4.6971921537129093,4.6971921537129093,0.40590261680802564,0.35577142850040422,0.050131188307621422,0.12350545729871779,0.36637147343947718,0.31815671571817616,0.048214757721301016,0.13160074191547522,0.4058127331686231,0.35569584887371014,0.35142820383392503,0.31815671571817616,5.5626721795207688e-05,6.3224821537317141e-05,false,"prescribed h replay; h_min=h_max=prescribed_h, so adaptive shrink cannot silently change the accepted h"
168,0.026805333505503352,validated,validated,0.026805333505503352,0.026805333505503352,0,0,false,4.7239974872184129,4.7239974872184129,0.41672697402893188,0.36542942033254855,0.051297553696383336,0.12309631219797625,0.37311962524152992,0.32393004448084967,0.049189580760680252,0.13183327124334071,0.41661902122407057,0.36533986365191079,0.35804746249175484,0.32393004448084972,4.6153327389750689e-05,5.5960568295722709e-05,false,"prescribed h replay; h_min=h_max=prescribed_h, so adaptive shrink cannot silently change the accepted h"
169,0.029485866856053689,validated,validated,0.029485866856053689,0.029485866856053689,0,0,false,4.7534833540744668,4.7534833540744668,0.42930780156701431,0.37664568659480746,0.052662114972206853,0.12266750052057085,0.38104109000464237,0.33069641510992664,0.050344674894715724,0.13212400503605098,0.42917676139618921,0.37653846213592518,0.36580177823118387,0.33069641510992664,3.394055772317483e-05,4.668183971039705e-05,false,"prescribed h replay; h_min=h_max=prescribed_h, so adaptive shrink cannot silently change the accepted h"
170,0.03243445354165906,validated,validated,0.03243445354165906,0.03243445354165906,0,0,false,4.7859178076161255,4.7859178076161255,0.44390757921371859,0.38962385273418942,0.054283726479529171,0.12228609967795652,0.39037231689112861,0.33865336920963313,0.051718947681495486,0.13248620725306054,0.44374671943577315,0.38949403795692378,0.3749192563380776,0.33865336920963313,1.8037394401398317e-05,3.4702365180256986e-05,false,"prescribed h replay; h_min=h_max=prescribed_h, so adaptive shrink cannot silently change the accepted h"
171,0.017838949447912485,validated,validated,0.017838949447912485,0.017838949447912485,0,0,false,4.803756757064038,4.803756757064038,0.42515676357290422,0.37127747079079665,0.053879292782107568,0.12672806220773802,0.39579503552444278,0.34327592166290438,0.052519113861538402,0.1326927049298349,0.42510021327519232,0.37122904223965153,0.3802158830265725,0.34327592166290444,7.2685926934596719e-05,7.6940940914257212e-05,false,"prescribed h replay; h_min=h_max=prescribed_h, so adaptive shrink cannot silently change the accepted h"
172,0.019622844392703735,validated,validated,0.019622844392703735,0.019622844392703735,0,0,false,4.8233796014567414,4.8233796014567414,0.4345097440450566,0.37957293907177347,0.054936804973283127,0.12643399998778035,0.4019967821815531,0.34855749129617902,0.05343929088537408,0.13293462349467114,0.43444307548187688,0.37951657683444434,0.38626863641765563,0.34855749129617902,6.7513076623381443e-05,7.2929908112041706e-05,false,"prescribed h replay; h_min=h_max=prescribed_h, so adaptive shrink cannot silently change the accepted h"
173,0.02158512883197411,validated,validated,0.02158512883197411,0.02158512883197411,0,0,false,4.8449647302887158,4.8449647302887158,0.44515348618183859,0.38900302677731802,0.05615045940452057,0.12613730128485154,0.40911461957218342,0.35461315308156494,0.054501466490618489,0.13321808579613068,0.445074232115934,0.38893692073171565,0.39321020020207381,0.35461315308156505,6.101901990093449e-05,6.7951588574700141e-05,false,"prescribed h replay; h_min=h_max=prescribed_h, so adaptive shrink cannot silently change the accepted h"
174,0.023743641715171522,validated,validated,0.023743641715171522,0.023743641715171522,0,0,false,4.8687083720038871,4.8687083720038871,0.45730895481190381,0.39976030046809297,0.057548654343810846,0.12584195812977517,0.41731155595421748,0.36157895161181841,0.055732604342399072,0.13355154811124711,0.45721387862509089,0.39968209282334738,0.4011982897924965,0.36157895161181847,5.2781800971285996e-05,6.1704423353117026e-05,false,"prescribed h replay; h_min=h_max=prescribed_h, so adaptive shrink cannot silently change the accepted h"
175,0.026118005886688677,validated,validated,0.026118005886688677,0.026118005886688677,0,0,false,4.8948263778905758,4.8948263778905758,0.47124066084644156,0.41207444504875645,0.059166215797685107,0.12555413977098426,0.42678926000442619,0.36962308889333906,0.057166171111087127,0.13394472745282826,0.47112547395925874,0.41198103177358536,0.41042813843299464,0.36962308889333917,4.2223315312968761e-05,5.3776473102300752e-05,false,"prescribed h replay; h_min=h_max=prescribed_h, so adaptive shrink cannot silently change the accepted h"
176,0.028729806475357549,validated,validated,0.028729806475357549,0.028729806475357549,0,0,false,4.9235561843659337,4.9235561843659337,0.48727443042958463,0.42622808398455758,0.061046346445027044,0.12528124324358278,0.43779678465612004,0.37895265711581155,0.058844127540308488,0.1344096841335399,0.48713339019249324,0.42611533306438387,0.42114091760820516,0.37895265711581161,2.8543339553504496e-05,4.3599236205384788e-05,false,"prescribed h replay; h_min=h_max=prescribed_h, so adaptive shrink cannot silently change the accepted h"
177,0.031602787122893307,validated,validated,0.031602787122893307,0.031602787122893307,0,0,false,4.9551589714888271,4.9551589714888271,0.50581224108931544,0.44256907023008385,0.06324317085923159,0.12503289901215384,0.45064641900195446,0.38982679631517203,0.060819622686782426,0.13496084762302005,0.5056375748746107,0.44243141989320023,0.43363918013416308,0.38982679631517209,1.062361725376356e-05,3.038099334279237e-05,false,"prescribed h replay; h_min=h_max=prescribed_h, so adaptive shrink cannot silently change the accepted h"
178,0.017381532917591321,validated,validated,0.017381532917591321,0.017381532917591321,0,0,false,4.9725405044064184,4.9725405044064184,0.48843160730500967,0.42518579033383164,0.063245816971178037,0.12948755982469226,0.45807325840072366,0.39610895708432969,0.061964301316393966,0.13527159723911986,0.48837150894900627,0.42513569122416328,0.44086540140435693,0.39610895708432969,7.080254853968361e-05,7.6011827668838632e-05,false,"prescribed h replay; h_min=h_max=prescribed_h, so adaptive shrink cannot silently change the accepted h"
179,0.019119686209350454,validated,validated,0.019119686209350454,0.019119686209350454,0,0,false,4.9916601906157689,4.9916601906157689,0.50022164428771054,0.43553791414991683,0.064683730137793716,0.1293101385684739,0.46653869461865421,0.40326322544060933,0.063275469178044885,0.13562748365334595,0.50015016344694596,0.4354791430652919,0.44910025051397373,0.40326322544060933,6.4970017936568324e-05,7.1610291097005916e-05,false,"prescribed h replay; h_min=h_max=prescribed_h, so adaptive shrink cannot silently change the accepted h"
180,0.0083398093842310672,validated,validated,0.0083398093842310672,0.0083398093842310672,0,0,false,5,5,0.48501469702541711,0.42055401686187277,0.064460680163544337,0.13290459146677422,0.47034070823292728,0.40647495470390371,0.063865753529023572,0.13578614908534617,0.48499412864646019,0.42053572461903044,0.45279941074348484,0.40647495470390371,9.0453448522727147e-05,9.1613297385149931e-05,false,"prescribed h replay; h_min=h_max=prescribed_h, so adaptive shrink cannot silently change the accepted h"
