analytic_containment_applicability,analytic_containment_passed,analytic_reference_contained,cold_total_configuration_time_s,compile_or_jit_time_s,completed_requested_horizon,completed_steps,device,dtype,engine_internal_time_s,evaluation_time,failure_category,first_step_time_s,h,measurement_phase,memory_measurement,memory_unavailable_reason,message,native_validation_passed,peak_process_rss_kib,plot_report_time_s,posthoc_validation_time_s,repetition,requested_horizon,requested_steps,reset_discarded_term_count,runtime_boundary_version,steady_full_configuration_time_s,steady_step_time_s,steady_total_configuration_time_s,successful_horizon,system,tool,trajectory_sanity_passed,variant,width_at_evaluation_time
required,True,True,4.774598410935141,0.0,True,100,cpu,float64,4.653791499848012,1.0,completed,0.05146920803235844,0.01,cold,unavailable,configuration did not run in an isolated measurement subprocess,,True,unavailable,0.0,1.591700129210949e-05,0,1.0,100,0,total_configuration_v2,4.774598410935141,0.046478290983941406,4.774598410935141,1.0,riccati,torch_tm_flowpipe,True,order2_affine_reset_selected,0.11473790771246169
required,True,True,0.0,0.0,True,100,cpu,float64,4.229432749154512,1.0,completed,0.04645674995845184,0.01,steady,unavailable,configuration did not run in an isolated measurement subprocess,,True,unavailable,0.0,8.25000461190939e-06,1,1.0,100,0,total_configuration_v2,4.335635828960221,0.04254400002537295,4.335635828960221,1.0,riccati,torch_tm_flowpipe,True,order2_affine_reset_selected,0.11473790771246169
required,True,True,0.0,0.0,True,100,cpu,float64,4.203664872853551,1.0,completed,0.042252874991390854,0.01,steady,unavailable,configuration did not run in an isolated measurement subprocess,,True,unavailable,0.0,1.0665971785783768e-05,2,1.0,100,0,total_configuration_v2,4.309496542089619,0.04258941696025431,4.309496542089619,1.0,riccati,torch_tm_flowpipe,True,order2_affine_reset_selected,0.11473790771246169
required,True,True,0.0,0.0,True,100,cpu,float64,4.133900750312023,1.0,completed,0.0460780420107767,0.01,steady,unavailable,configuration did not run in an isolated measurement subprocess,,True,unavailable,0.0,7.542024832218885e-06,3,1.0,100,0,total_configuration_v2,4.237617287144531,0.04218229203252122,4.237617287144531,1.0,riccati,torch_tm_flowpipe,True,order2_affine_reset_selected,0.11473790771246169
required,True,True,0.0,0.0,True,100,cpu,float64,4.409612874849699,1.0,completed,0.04076224996242672,0.01,steady,unavailable,configuration did not run in an isolated measurement subprocess,,True,unavailable,0.0,8.000002708286047e-06,4,1.0,100,0,total_configuration_v2,4.519748042977881,0.04265479103196412,4.519748042977881,1.0,riccati,torch_tm_flowpipe,True,order2_affine_reset_selected,0.11473790771246169
required,True,True,0.0,0.0,True,100,cpu,float64,4.198646911594551,1.0,completed,0.04094699997222051,0.01,steady,unavailable,configuration did not run in an isolated measurement subprocess,,True,unavailable,0.0,7.0420210249722e-06,5,1.0,100,0,total_configuration_v2,4.303230800142046,0.04268937499728054,4.303230800142046,1.0,riccati,torch_tm_flowpipe,True,order2_affine_reset_selected,0.11473790771246169
required,True,True,0.0,0.0,True,100,cpu,float64,5.172067752107978,1.0,completed,0.04063666600268334,0.01,steady,unavailable,configuration did not run in an isolated measurement subprocess,,True,unavailable,0.0,1.2499978765845299e-05,6,1.0,100,0,total_configuration_v2,5.292939289065544,0.0414143749512732,5.292939289065544,1.0,riccati,torch_tm_flowpipe,True,order2_affine_reset_selected,0.11473790771246169
required,True,True,0.0,0.0,True,100,cpu,float64,5.463066661148332,1.0,completed,0.054222417005803436,0.01,steady,unavailable,configuration did not run in an isolated measurement subprocess,,True,unavailable,0.0,9.875046089291573e-06,7,1.0,100,0,total_configuration_v2,5.594520924962126,0.046205082966480404,5.594520924962126,1.0,riccati,torch_tm_flowpipe,True,order2_affine_reset_selected,0.11473790771246169
required,True,True,0.0,0.0,True,100,cpu,float64,6.571214083174709,1.0,completed,0.04123470897320658,0.01,steady,unavailable,configuration did not run in an isolated measurement subprocess,,True,unavailable,0.0,1.3833981938660145e-05,8,1.0,100,0,total_configuration_v2,6.7235817517503165,0.04828475002432242,6.7235817517503165,1.0,riccati,torch_tm_flowpipe,True,order2_affine_reset_selected,0.11473790771246169
required,True,True,0.0,0.0,True,100,cpu,float64,5.172679957933724,1.0,completed,0.08747887500794604,0.01,steady,unavailable,configuration did not run in an isolated measurement subprocess,,True,unavailable,0.0,1.691700890660286e-05,9,1.0,100,0,total_configuration_v2,5.2938668808783405,0.041535208001732826,5.2938668808783405,1.0,riccati,torch_tm_flowpipe,True,order2_affine_reset_selected,0.11473790771246169
required,True,True,0.0,0.0,True,100,cpu,float64,4.314345117425546,1.0,completed,0.04196720797335729,0.01,steady,unavailable,configuration did not run in an isolated measurement subprocess,,True,unavailable,0.0,6.499991286545992e-06,10,1.0,100,0,total_configuration_v2,4.423720792052336,0.041720125009305775,4.423720792052336,1.0,riccati,torch_tm_flowpipe,True,order2_affine_reset_selected,0.11473790771246169
required,True,True,13.339190585189499,0.0,True,100,cpu,float64,13.185375540459063,1.0,completed,0.13482274999842048,0.01,cold,unavailable,configuration did not run in an isolated measurement subprocess,,True,unavailable,0.0,6.9160014390945435e-06,0,1.0,100,100,total_configuration_v2,13.339190585189499,0.1260699579725042,13.339190585189499,1.0,riccati,torch_tm_flowpipe,True,order4_affine_reset_selected,0.1139617329824736
required,True,True,0.0,0.0,True,100,cpu,float64,12.961738629091997,1.0,completed,0.12557133298832923,0.01,steady,unavailable,configuration did not run in an isolated measurement subprocess,,True,unavailable,0.0,8.459028322249651e-06,1,1.0,100,100,total_configuration_v2,13.114774125278927,0.12807787500787526,13.114774125278927,1.0,riccati,torch_tm_flowpipe,True,order4_affine_reset_selected,0.1139617329824736
required,True,True,0.0,0.0,True,100,cpu,float64,13.493319125205744,1.0,completed,0.15727695799432695,0.01,steady,unavailable,configuration did not run in an isolated measurement subprocess,,True,unavailable,0.0,6.332993507385254e-06,2,1.0,100,100,total_configuration_v2,13.65146075031953,0.1298172909882851,13.65146075031953,1.0,riccati,torch_tm_flowpipe,True,order4_affine_reset_selected,0.1139617329824736
required,True,True,0.0,0.0,True,100,cpu,float64,13.080858207482379,1.0,completed,0.1333049590466544,0.01,steady,unavailable,configuration did not run in an isolated measurement subprocess,,True,unavailable,0.0,6.416987162083387e-06,3,1.0,100,100,total_configuration_v2,13.236551048292313,0.12884024996310472,13.236551048292313,1.0,riccati,torch_tm_flowpipe,True,order4_affine_reset_selected,0.1139617329824736
required,True,True,0.0,0.0,True,100,cpu,float64,15.86439546092879,1.0,completed,0.12657162500545382,0.01,steady,unavailable,configuration did not run in an isolated measurement subprocess,,True,unavailable,0.0,7.834052667021751e-06,4,1.0,100,100,total_configuration_v2,16.052854919515084,0.13959099998464808,16.052854919515084,1.0,riccati,torch_tm_flowpipe,True,order4_affine_reset_selected,0.1139617329824736
required,True,True,0.0,0.0,True,100,cpu,float64,13.11202879191842,1.0,completed,0.2543303749989718,0.01,steady,unavailable,configuration did not run in an isolated measurement subprocess,,True,unavailable,0.0,6.709014996886253e-06,5,1.0,100,100,total_configuration_v2,13.267196658998728,0.12684924999484792,13.267196658998728,1.0,riccati,torch_tm_flowpipe,True,order4_affine_reset_selected,0.1139617329824736
required,True,True,0.0,0.0,True,100,cpu,float64,12.8334214608185,1.0,completed,0.12526391696883366,0.01,steady,unavailable,configuration did not run in an isolated measurement subprocess,,True,unavailable,0.0,6.916990969330072e-06,6,1.0,100,100,total_configuration_v2,12.986125006049406,0.12697008298709989,12.986125006049406,1.0,riccati,torch_tm_flowpipe,True,order4_affine_reset_selected,0.1139617329824736
required,True,True,0.0,0.0,True,100,cpu,float64,14.621825863374397,1.0,completed,0.1252650839742273,0.01,steady,unavailable,configuration did not run in an isolated measurement subprocess,,True,unavailable,0.0,6.792019121348858e-06,7,1.0,100,100,total_configuration_v2,14.792656079051085,0.1321720000123605,14.792656079051085,1.0,riccati,torch_tm_flowpipe,True,order4_affine_reset_selected,0.1139617329824736
required,True,True,0.0,0.0,True,100,cpu,float64,13.067989862989634,1.0,completed,0.1234567909850739,0.01,steady,unavailable,configuration did not run in an isolated measurement subprocess,,True,unavailable,0.0,6.749993190169334e-06,8,1.0,100,100,total_configuration_v2,13.221855502575636,0.12793579103890806,13.221855502575636,1.0,riccati,torch_tm_flowpipe,True,order4_affine_reset_selected,0.1139617329824736
required,True,True,0.0,0.0,True,100,cpu,float64,13.524830710259266,1.0,completed,0.12395091698272154,0.01,steady,unavailable,configuration did not run in an isolated measurement subprocess,,True,unavailable,0.0,7.1249669417738914e-06,9,1.0,100,100,total_configuration_v2,13.683818493795116,0.1321541250217706,13.683818493795116,1.0,riccati,torch_tm_flowpipe,True,order4_affine_reset_selected,0.1139617329824736
required,True,True,0.0,0.0,True,100,cpu,float64,13.407500251953024,1.0,completed,0.12891966698225588,0.01,steady,unavailable,configuration did not run in an isolated measurement subprocess,,True,unavailable,0.0,6.62502134218812e-06,10,1.0,100,100,total_configuration_v2,13.56488304620143,0.12801437499001622,13.56488304620143,1.0,riccati,torch_tm_flowpipe,True,order4_affine_reset_selected,0.1139617329824736
required,True,True,15.978396120714024,0.0,True,400,cpu,float64,15.155137155030388,4.0,completed,0.038295416976325214,0.01,cold,unavailable,configuration did not run in an isolated measurement subprocess,,True,unavailable,0.0,5.200004670768976e-05,0,4.0,400,0,total_configuration_v2,15.978396120714024,0.03825904102995992,15.978396120714024,4.0,harmonic,torch_tm_flowpipe,True,order2_affine_reset_selected,10.973092497064886
required,True,True,0.0,0.0,True,400,cpu,float64,15.438229539024178,4.0,completed,0.03635037498315796,0.01,steady,unavailable,configuration did not run in an isolated measurement subprocess,,True,unavailable,0.0,1.3625016435980797e-05,1,4.0,400,0,total_configuration_v2,16.350198458705563,0.03826983302133158,16.350198458705563,4.0,harmonic,torch_tm_flowpipe,True,order2_affine_reset_selected,10.973092497064886
required,True,True,0.0,0.0,True,400,cpu,float64,14.730510455963667,4.0,completed,0.036518874985631555,0.01,steady,unavailable,configuration did not run in an isolated measurement subprocess,,True,unavailable,0.0,1.5125027857720852e-05,2,4.0,400,0,total_configuration_v2,15.524568201682996,0.03756612498546019,15.524568201682996,4.0,harmonic,torch_tm_flowpipe,True,order2_affine_reset_selected,10.973092497064886
required,True,True,0.0,0.0,True,400,cpu,float64,14.834533256827854,4.0,completed,0.036965042003430426,0.01,steady,unavailable,configuration did not run in an isolated measurement subprocess,,True,unavailable,0.0,1.6042031347751617e-05,3,4.0,400,0,total_configuration_v2,15.636676203401294,0.03757458401378244,15.636676203401294,4.0,harmonic,torch_tm_flowpipe,True,order2_affine_reset_selected,10.973092497064886
required,True,True,0.0,0.0,True,400,cpu,float64,17.704799697210547,4.0,completed,0.04509824997512624,0.01,steady,unavailable,configuration did not run in an isolated measurement subprocess,,True,unavailable,0.0,1.2832984793931246e-05,4,4.0,400,0,total_configuration_v2,18.70366625324823,0.04100937501061708,18.70366625324823,4.0,harmonic,torch_tm_flowpipe,True,order2_affine_reset_selected,10.973092497064886
required,True,True,0.0,0.0,True,400,cpu,float64,20.2256244160817,4.0,completed,0.04115666600409895,0.01,steady,unavailable,configuration did not run in an isolated measurement subprocess,,True,unavailable,0.0,1.291697844862938e-05,5,4.0,400,0,total_configuration_v2,21.434801114781294,0.04176574997836724,21.434801114781294,4.0,harmonic,torch_tm_flowpipe,True,order2_affine_reset_selected,10.973092497064886
required,True,True,0.0,0.0,True,400,cpu,float64,20.013120166840963,4.0,completed,0.03642016602680087,0.01,steady,unavailable,configuration did not run in an isolated measurement subprocess,,True,unavailable,0.0,1.4541961718350649e-05,6,4.0,400,0,total_configuration_v2,21.130345201003365,0.0416421249974519,21.130345201003365,4.0,harmonic,torch_tm_flowpipe,True,order2_affine_reset_selected,10.973092497064886
required,True,True,0.0,0.0,True,400,cpu,float64,15.385078588617034,4.0,completed,0.043228916998486966,0.01,steady,unavailable,configuration did not run in an isolated measurement subprocess,,True,unavailable,0.0,1.695798709988594e-05,7,4.0,400,0,total_configuration_v2,16.2180920431274,0.03825866599800065,16.2180920431274,4.0,harmonic,torch_tm_flowpipe,True,order2_affine_reset_selected,10.973092497064886
required,True,True,0.0,0.0,True,400,cpu,float64,14.92385902942624,4.0,completed,0.04202862503007054,0.01,steady,unavailable,configuration did not run in an isolated measurement subprocess,,True,unavailable,0.0,1.1791998986154795e-05,8,4.0,400,0,total_configuration_v2,15.733091366069857,0.038082415994722396,15.733091366069857,4.0,harmonic,torch_tm_flowpipe,True,order2_affine_reset_selected,10.973092497064886
required,True,True,0.0,0.0,True,400,cpu,float64,15.391580659081228,4.0,completed,0.03684216598048806,0.01,steady,unavailable,configuration did not run in an isolated measurement subprocess,,True,unavailable,0.0,1.579197123646736e-05,9,4.0,400,0,total_configuration_v2,16.26217820122838,0.03778966597747058,16.26217820122838,4.0,harmonic,torch_tm_flowpipe,True,order2_affine_reset_selected,10.973092497064886
required,True,True,0.0,0.0,True,400,cpu,float64,14.736205237044487,4.0,completed,0.04874525003833696,0.01,steady,unavailable,configuration did not run in an isolated measurement subprocess,,True,unavailable,0.0,1.4167046174407005e-05,10,4.0,400,0,total_configuration_v2,15.53451537626097,0.037803957995492965,15.53451537626097,4.0,harmonic,torch_tm_flowpipe,True,order2_affine_reset_selected,10.973092497064886
required,True,True,38.329179325606674,0.0,True,400,cpu,float64,37.10042261471972,4.0,completed,0.064941041986458,0.01,cold,unavailable,configuration did not run in an isolated measurement subprocess,,True,unavailable,0.0,1.9666040316224098e-05,0,4.0,400,0,total_configuration_v2,38.329179325606674,0.07271033304277807,38.329179325606674,4.0,harmonic,torch_tm_flowpipe,True,order4_affine_reset_selected,10.494236021719196
required,True,True,0.0,0.0,True,400,cpu,float64,27.122968449431937,4.0,completed,0.07335420796880499,0.01,steady,unavailable,configuration did not run in an isolated measurement subprocess,,True,unavailable,0.0,1.4624965842813253e-05,1,4.0,400,0,total_configuration_v2,27.935267195745837,0.06746112497057766,27.935267195745837,4.0,harmonic,torch_tm_flowpipe,True,order4_affine_reset_selected,10.494236021719196
required,True,True,0.0,0.0,True,400,cpu,float64,27.200720285763964,4.0,completed,0.07322199997724965,0.01,steady,unavailable,configuration did not run in an isolated measurement subprocess,,True,unavailable,0.0,1.3833981938660145e-05,2,4.0,400,0,total_configuration_v2,28.01057508867234,0.067290790961124,28.01057508867234,4.0,harmonic,torch_tm_flowpipe,True,order4_affine_reset_selected,10.494236021719196
required,True,True,0.0,0.0,True,400,cpu,float64,28.612172791094054,4.0,completed,0.06529070797841996,0.01,steady,unavailable,configuration did not run in an isolated measurement subprocess,,True,unavailable,0.0,1.429201802238822e-05,3,4.0,400,0,total_configuration_v2,29.450695418927353,0.06731062498874962,29.450695418927353,4.0,harmonic,torch_tm_flowpipe,True,order4_affine_reset_selected,10.494236021719196
required,True,True,0.0,0.0,True,400,cpu,float64,27.00468707550317,4.0,completed,0.06434062501648441,0.01,steady,unavailable,configuration did not run in an isolated measurement subprocess,,True,unavailable,0.0,2.0290957763791084e-05,4,4.0,400,0,total_configuration_v2,27.809562291484326,0.06739337497856468,27.809562291484326,4.0,harmonic,torch_tm_flowpipe,True,order4_affine_reset_selected,10.494236021719196
required,True,True,0.0,0.0,True,400,cpu,float64,26.81339987477986,4.0,completed,0.07301437499700114,0.01,steady,unavailable,configuration did not run in an isolated measurement subprocess,,True,unavailable,0.0,2.8541020583361387e-05,5,4.0,400,0,total_configuration_v2,27.61772670946084,0.06633437500568107,27.61772670946084,4.0,harmonic,torch_tm_flowpipe,True,order4_affine_reset_selected,10.494236021719196
required,True,True,0.0,0.0,True,400,cpu,float64,31.529015326173976,4.0,completed,0.06675295799504966,0.01,steady,unavailable,configuration did not run in an isolated measurement subprocess,,True,unavailable,0.0,1.2042000889778137e-05,6,4.0,400,0,total_configuration_v2,32.48560978518799,0.07040954200783744,32.48560978518799,4.0,harmonic,torch_tm_flowpipe,True,order4_affine_reset_selected,10.494236021719196
required,True,True,0.0,0.0,True,400,cpu,float64,29.465696965286043,4.0,completed,0.06458516698330641,0.01,steady,unavailable,configuration did not run in an isolated measurement subprocess,,True,unavailable,0.0,1.2375006917864084e-05,7,4.0,400,0,total_configuration_v2,30.317990157636814,0.06678216601721942,30.317990157636814,4.0,harmonic,torch_tm_flowpipe,True,order4_affine_reset_selected,10.494236021719196
required,True,True,0.0,0.0,True,400,cpu,float64,27.599271968589164,4.0,completed,0.0642895830096677,0.01,steady,unavailable,configuration did not run in an isolated measurement subprocess,,True,unavailable,0.0,1.2917036656290293e-05,8,4.0,400,0,total_configuration_v2,28.427904495678376,0.06812454201281071,28.427904495678376,4.0,harmonic,torch_tm_flowpipe,True,order4_affine_reset_selected,10.494236021719196
required,True,True,0.0,0.0,True,400,cpu,float64,28.848558720725123,4.0,completed,0.06617308303248137,0.01,steady,unavailable,configuration did not run in an isolated measurement subprocess,,True,unavailable,0.0,8.98329890333116e-05,9,4.0,400,0,total_configuration_v2,29.709774379211012,0.0658090419601649,29.709774379211012,4.0,harmonic,torch_tm_flowpipe,True,order4_affine_reset_selected,10.494236021719196
required,True,True,0.0,0.0,True,400,cpu,float64,25.65962884016335,4.0,completed,0.06446370802586898,0.01,steady,unavailable,configuration did not run in an isolated measurement subprocess,,True,unavailable,0.0,1.0999967344105244e-05,10,4.0,400,0,total_configuration_v2,26.425206130952574,0.06484520802041516,26.425206130952574,4.0,harmonic,torch_tm_flowpipe,True,order4_affine_reset_selected,10.494236021719196
not_applicable,False,,6.897428794181906,0.0,True,50,cpu,float64,6.784745292214211,0.25,completed,0.13802062498871237,0.005,cold,unavailable,configuration did not run in an isolated measurement subprocess,,True,unavailable,0.0,3.0420487746596336e-06,0,0.25,50,0,total_configuration_v2,6.897428794181906,0.13787837501149625,6.897428794181906,0.25,coupled_quadratic,torch_tm_flowpipe,True,order2_affine_reset_selected,0.043027088479031264
not_applicable,False,,0.0,0.0,True,50,cpu,float64,7.022967333905399,0.25,completed,0.13677795900730416,0.005,steady,unavailable,configuration did not run in an isolated measurement subprocess,,True,unavailable,0.0,2.1249870769679546e-06,1,0.25,50,0,total_configuration_v2,7.137695789162535,0.13745187496533617,7.137695789162535,0.25,coupled_quadratic,torch_tm_flowpipe,True,order2_affine_reset_selected,0.043027088479031264
not_applicable,False,,0.0,0.0,True,50,cpu,float64,6.773443083919119,0.25,completed,0.1374785000225529,0.005,steady,unavailable,configuration did not run in an isolated measurement subprocess,,True,unavailable,0.0,2.874992787837982e-06,2,0.25,50,0,total_configuration_v2,6.886919257289264,0.1376304590376094,6.886919257289264,0.25,coupled_quadratic,torch_tm_flowpipe,True,order2_affine_reset_selected,0.043027088479031264
not_applicable,False,,0.0,0.0,True,50,cpu,float64,6.769320082734339,0.25,completed,0.137200083991047,0.005,steady,unavailable,configuration did not run in an isolated measurement subprocess,,True,unavailable,0.0,2.1249870769679546e-06,3,0.25,50,0,total_configuration_v2,6.8813087929738685,0.13754399999743327,6.8813087929738685,0.25,coupled_quadratic,torch_tm_flowpipe,True,order2_affine_reset_selected,0.043027088479031264
not_applicable,False,,0.0,0.0,True,50,cpu,float64,6.768225249077659,0.25,completed,0.1380537090008147,0.005,steady,unavailable,configuration did not run in an isolated measurement subprocess,,True,unavailable,0.0,2.6249908842146397e-06,4,0.25,50,0,total_configuration_v2,6.8807105019222945,0.13757466699462384,6.8807105019222945,0.25,coupled_quadratic,torch_tm_flowpipe,True,order2_affine_reset_selected,0.043027088479031264
not_applicable,False,,0.0,0.0,True,50,cpu,float64,6.728257748822216,0.25,completed,0.13903587497770786,0.005,steady,unavailable,configuration did not run in an isolated measurement subprocess,,True,unavailable,0.0,2.6249908842146397e-06,5,0.25,50,0,total_configuration_v2,6.840282708813902,0.13629866600967944,6.840282708813902,0.25,coupled_quadratic,torch_tm_flowpipe,True,order2_affine_reset_selected,0.043027088479031264
not_applicable,False,,0.0,0.0,True,50,cpu,float64,7.18637232814217,0.25,completed,0.1370030419784598,0.005,steady,unavailable,configuration did not run in an isolated measurement subprocess,,True,unavailable,0.0,3.0420487746596336e-06,6,0.25,50,0,total_configuration_v2,7.307114208757412,0.13889887498226017,7.307114208757412,0.25,coupled_quadratic,torch_tm_flowpipe,True,order2_affine_reset_selected,0.043027088479031264
not_applicable,False,,0.0,0.0,True,50,cpu,float64,6.898406043124851,0.25,completed,0.1549372909939848,0.005,steady,unavailable,configuration did not run in an isolated measurement subprocess,,True,unavailable,0.0,1.95804750546813e-06,7,0.25,50,0,total_configuration_v2,7.0118424599641,0.1366862499853596,7.0118424599641,0.25,coupled_quadratic,torch_tm_flowpipe,True,order2_affine_reset_selected,0.043027088479031264
not_applicable,False,,0.0,0.0,True,50,cpu,float64,6.786804791656323,0.25,completed,0.13730954204220325,0.005,steady,unavailable,configuration did not run in an isolated measurement subprocess,,True,unavailable,0.0,2.333021257072687e-06,8,0.25,50,0,total_configuration_v2,6.899763668596279,0.13804020901443437,6.899763668596279,0.25,coupled_quadratic,torch_tm_flowpipe,True,order2_affine_reset_selected,0.043027088479031264
not_applicable,False,,0.0,0.0,True,50,cpu,float64,6.782492250262294,0.25,completed,0.1379518749890849,0.005,steady,unavailable,configuration did not run in an isolated measurement subprocess,,True,unavailable,0.0,2.374988980591297e-06,9,0.25,50,0,total_configuration_v2,6.894864374015015,0.13793754199286923,6.894864374015015,0.25,coupled_quadratic,torch_tm_flowpipe,True,order2_affine_reset_selected,0.043027088479031264
not_applicable,False,,0.0,0.0,True,50,cpu,float64,6.798427332134452,0.25,completed,0.13694229198154062,0.005,steady,unavailable,configuration did not run in an isolated measurement subprocess,,True,unavailable,0.0,2.416956704109907e-06,10,0.25,50,0,total_configuration_v2,6.91147841908969,0.13771375000942498,6.91147841908969,0.25,coupled_quadratic,torch_tm_flowpipe,True,order2_affine_reset_selected,0.043027088479031264
not_applicable,False,,27.93059103889391,0.0,True,50,cpu,float64,27.71020733192563,0.25,completed,0.5599479580414481,0.005,cold,unavailable,configuration did not run in an isolated measurement subprocess,,True,unavailable,0.0,3.0830269679427147e-06,0,0.25,50,250,total_configuration_v2,27.93059103889391,0.5579048750223592,27.93059103889391,0.25,coupled_quadratic,torch_tm_flowpipe,True,order4_affine_reset_selected,0.04296633789350131
not_applicable,False,,0.0,0.0,True,50,cpu,float64,28.400080249644816,0.25,completed,0.5618415000499226,0.005,steady,unavailable,configuration did not run in an isolated measurement subprocess,,True,unavailable,0.0,2.5420449674129486e-06,1,0.25,50,250,total_configuration_v2,28.625343457213603,0.5593716250150464,28.625343457213603,0.25,coupled_quadratic,torch_tm_flowpipe,True,order4_affine_reset_selected,0.04296633789350131
not_applicable,False,,0.0,0.0,True,50,cpu,float64,27.788332875061315,0.25,completed,0.5652979159494862,0.005,steady,unavailable,configuration did not run in an isolated measurement subprocess,,True,unavailable,0.0,2.9159709811210632e-06,2,0.25,50,250,total_configuration_v2,28.009137957997154,0.5588111669640057,28.009137957997154,0.25,coupled_quadratic,torch_tm_flowpipe,True,order4_affine_reset_selected,0.04296633789350131
not_applicable,False,,0.0,0.0,True,50,cpu,float64,27.50273004185874,0.25,completed,0.5446094169747084,0.005,steady,unavailable,configuration did not run in an isolated measurement subprocess,,True,unavailable,0.0,5.999987479299307e-06,3,0.25,50,250,total_configuration_v2,27.719714002974797,0.5512935419683345,27.719714002974797,0.25,coupled_quadratic,torch_tm_flowpipe,True,order4_affine_reset_selected,0.04296633789350131
not_applicable,False,,0.0,0.0,True,50,cpu,float64,27.80648158385884,0.25,completed,0.5485444999649189,0.005,steady,unavailable,configuration did not run in an isolated measurement subprocess,,True,unavailable,0.0,2.0840088836848736e-06,4,0.25,50,250,total_configuration_v2,28.027981916966382,0.5588010419742204,28.027981916966382,0.25,coupled_quadratic,torch_tm_flowpipe,True,order4_affine_reset_selected,0.04296633789350131
not_applicable,False,,0.0,0.0,True,50,cpu,float64,28.043183379922993,0.25,completed,0.5523574160179123,0.005,steady,unavailable,configuration did not run in an isolated measurement subprocess,,True,unavailable,0.0,5.249981768429279e-06,5,0.25,50,250,total_configuration_v2,28.26683312433306,0.5525815419969149,28.26683312433306,0.25,coupled_quadratic,torch_tm_flowpipe,True,order4_affine_reset_selected,0.04296633789350131
not_applicable,False,,0.0,0.0,True,50,cpu,float64,27.988031250191852,0.25,completed,0.5599408749840222,0.005,steady,unavailable,configuration did not run in an isolated measurement subprocess,,True,unavailable,0.0,1.3000040780752897e-05,6,0.25,50,250,total_configuration_v2,28.21026162384078,0.559727500018198,28.21026162384078,0.25,coupled_quadratic,torch_tm_flowpipe,True,order4_affine_reset_selected,0.04296633789350131
not_applicable,False,,0.0,0.0,True,50,cpu,float64,29.304970294528175,0.25,completed,0.5561696669901721,0.005,steady,unavailable,configuration did not run in an isolated measurement subprocess,,True,unavailable,0.0,2.7500209398567677e-06,7,0.25,50,250,total_configuration_v2,29.531892961764243,0.5598297499818727,29.531892961764243,0.25,coupled_quadratic,torch_tm_flowpipe,True,order4_affine_reset_selected,0.04296633789350131
not_applicable,False,,0.0,0.0,True,50,cpu,float64,27.79536666808417,0.25,completed,0.5624869170133024,0.005,steady,unavailable,configuration did not run in an isolated measurement subprocess,,True,unavailable,0.0,2.167013008147478e-06,8,0.25,50,250,total_configuration_v2,28.017580583982635,0.5595277080428787,28.017580583982635,0.25,coupled_quadratic,torch_tm_flowpipe,True,order4_affine_reset_selected,0.04296633789350131
not_applicable,False,,0.0,0.0,True,50,cpu,float64,27.710434000124224,0.25,completed,0.5517966249608435,0.005,steady,unavailable,configuration did not run in an isolated measurement subprocess,,True,unavailable,0.0,2.7919886633753777e-06,9,0.25,50,250,total_configuration_v2,27.932220923306886,0.5591167919919826,27.932220923306886,0.25,coupled_quadratic,torch_tm_flowpipe,True,order4_affine_reset_selected,0.04296633789350131
not_applicable,False,,0.0,0.0,True,50,cpu,float64,28.551813958096318,0.25,completed,0.557063875021413,0.005,steady,unavailable,configuration did not run in an isolated measurement subprocess,,True,unavailable,0.0,2.7080532163381577e-06,10,0.25,50,250,total_configuration_v2,28.775227997859474,0.5596760420012288,28.775227997859474,0.25,coupled_quadratic,torch_tm_flowpipe,True,order4_affine_reset_selected,0.04296633789350131
not_applicable,False,,3.4414715432794765,0.0,True,25,cpu,float64,3.384703250194434,0.25,completed,0.13857170805567876,0.01,cold,unavailable,configuration did not run in an isolated measurement subprocess,,True,unavailable,0.0,2.4579931050539017e-06,0,0.25,25,0,total_configuration_v2,3.4414715432794765,0.1376929375110194,3.4414715432794765,0.25,coupled_quadratic,torch_tm_flowpipe,True,order2_affine_reset_selected,0.04303909579551132
not_applicable,False,,0.0,0.0,True,25,cpu,float64,3.3905735821463168,0.25,completed,0.13668150000739843,0.01,steady,unavailable,configuration did not run in an isolated measurement subprocess,,True,unavailable,0.0,2.874992787837982e-06,1,0.25,25,0,total_configuration_v2,3.447263375739567,0.13785054197069257,3.447263375739567,0.25,coupled_quadratic,torch_tm_flowpipe,True,order2_affine_reset_selected,0.04303909579551132
not_applicable,False,,0.0,0.0,True,25,cpu,float64,3.403358958021272,0.25,completed,0.13732216699281707,0.01,steady,unavailable,configuration did not run in an isolated measurement subprocess,,True,unavailable,0.0,2.4579931050539017e-06,2,0.25,25,0,total_configuration_v2,3.4599195410264656,0.13793191648437642,3.4599195410264656,0.25,coupled_quadratic,torch_tm_flowpipe,True,order2_affine_reset_selected,0.04303909579551132
not_applicable,False,,0.0,0.0,True,25,cpu,float64,3.349523416138254,0.25,completed,0.135333291022107,0.01,steady,unavailable,configuration did not run in an isolated measurement subprocess,,True,unavailable,0.0,2.874992787837982e-06,3,0.25,25,0,total_configuration_v2,3.4048648751340806,0.13598381250631064,3.4048648751340806,0.25,coupled_quadratic,torch_tm_flowpipe,True,order2_affine_reset_selected,0.04303909579551132
not_applicable,False,,0.0,0.0,True,25,cpu,float64,3.3439463721006177,0.25,completed,0.13525666599161923,0.01,steady,unavailable,configuration did not run in an isolated measurement subprocess,,True,unavailable,0.0,2.4170149117708206e-06,4,0.25,25,0,total_configuration_v2,3.39979149797,0.13606204200186767,3.39979149797,0.25,coupled_quadratic,torch_tm_flowpipe,True,order2_affine_reset_selected,0.04303909579551132
not_applicable,False,,0.0,0.0,True,25,cpu,float64,3.378310080152005,0.25,completed,0.13779750000685453,0.01,steady,unavailable,configuration did not run in an isolated measurement subprocess,,True,unavailable,0.0,2.9579969123005867e-06,5,0.25,25,0,total_configuration_v2,3.4346320431213826,0.13722831301856786,3.4346320431213826,0.25,coupled_quadratic,torch_tm_flowpipe,True,order2_affine_reset_selected,0.04303909579551132
not_applicable,False,,0.0,0.0,True,25,cpu,float64,3.3839684140402824,0.25,completed,0.13736637501278892,0.01,steady,unavailable,configuration did not run in an isolated measurement subprocess,,True,unavailable,0.0,2.374988980591297e-06,6,0.25,25,0,total_configuration_v2,3.4401882090605795,0.1380017290066462,3.4401882090605795,0.25,coupled_quadratic,torch_tm_flowpipe,True,order2_affine_reset_selected,0.04303909579551132
not_applicable,False,,0.0,0.0,True,25,cpu,float64,3.3927037531975657,0.25,completed,0.13681787496898323,0.01,steady,unavailable,configuration did not run in an isolated measurement subprocess,,True,unavailable,0.0,2.8329668566584587e-06,7,0.25,25,0,total_configuration_v2,3.4494052920490503,0.13791624997975305,3.4494052920490503,0.25,coupled_quadratic,torch_tm_flowpipe,True,order2_affine_reset_selected,0.04303909579551132
not_applicable,False,,0.0,0.0,True,25,cpu,float64,3.411512167134788,0.25,completed,0.1381022910354659,0.01,steady,unavailable,configuration did not run in an isolated measurement subprocess,,True,unavailable,0.0,3.1249946914613247e-06,8,0.25,25,0,total_configuration_v2,3.468502750096377,0.13847756251925603,3.468502750096377,0.25,coupled_quadratic,torch_tm_flowpipe,True,order2_affine_reset_selected,0.04303909579551132
not_applicable,False,,0.0,0.0,True,25,cpu,float64,3.471436964115128,0.25,completed,0.13889329199446365,0.01,steady,unavailable,configuration did not run in an isolated measurement subprocess,,True,unavailable,0.0,2.333021257072687e-06,9,0.25,25,0,total_configuration_v2,3.528966167010367,0.14087777049280703,3.528966167010367,0.25,coupled_quadratic,torch_tm_flowpipe,True,order2_affine_reset_selected,0.04303909579551132
not_applicable,False,,0.0,0.0,True,25,cpu,float64,3.3991754160961136,0.25,completed,0.1421203330392018,0.01,steady,unavailable,configuration did not run in an isolated measurement subprocess,,True,unavailable,0.0,3.4580007195472717e-06,10,0.25,25,0,total_configuration_v2,3.456389374041464,0.13841349951690063,3.456389374041464,0.25,coupled_quadratic,torch_tm_flowpipe,True,order2_affine_reset_selected,0.04303909579551132
not_applicable,False,,14.437842749932315,0.0,True,25,cpu,float64,14.326513250009157,0.25,completed,0.563932416960597,0.01,cold,unavailable,configuration did not run in an isolated measurement subprocess,,True,unavailable,0.0,2.4170149117708206e-06,0,0.25,25,125,total_configuration_v2,14.437842749932315,0.5614184374862816,14.437842749932315,0.25,coupled_quadratic,torch_tm_flowpipe,True,order4_affine_reset_selected,0.042966267802138164
not_applicable,False,,0.0,0.0,True,25,cpu,float64,13.797708042140584,0.25,completed,0.5476938749779947,0.01,steady,unavailable,configuration did not run in an isolated measurement subprocess,,True,unavailable,0.0,2.5840126909315586e-06,1,0.25,25,125,total_configuration_v2,13.907318996905815,0.5588271039887331,13.907318996905815,0.25,coupled_quadratic,torch_tm_flowpipe,True,order4_affine_reset_selected,0.042966267802138164
not_applicable,False,,0.0,0.0,True,25,cpu,float64,13.823075666965451,0.25,completed,0.5603458750410937,0.01,steady,unavailable,configuration did not run in an isolated measurement subprocess,,True,unavailable,0.0,2.874992787837982e-06,2,0.25,25,125,total_configuration_v2,13.931578711024486,0.5548847920144908,13.931578711024486,0.25,coupled_quadratic,torch_tm_flowpipe,True,order4_affine_reset_selected,0.042966267802138164
not_applicable,False,,0.0,0.0,True,25,cpu,float64,13.87724558491027,0.25,completed,0.5576531249680556,0.01,steady,unavailable,configuration did not run in an isolated measurement subprocess,,True,unavailable,0.0,2.541986759752035e-06,3,0.25,25,125,total_configuration_v2,13.988223290012684,0.5598370830120984,13.988223290012684,0.25,coupled_quadratic,torch_tm_flowpipe,True,order4_affine_reset_selected,0.042966267802138164
not_applicable,False,,0.0,0.0,True,25,cpu,float64,13.878402166941669,0.25,completed,0.558191416959744,0.01,steady,unavailable,configuration did not run in an isolated measurement subprocess,,True,unavailable,0.0,2.9999646358191967e-06,4,0.25,25,125,total_configuration_v2,13.988927210913971,0.5594690204889048,13.988927210913971,0.25,coupled_quadratic,torch_tm_flowpipe,True,order4_affine_reset_selected,0.042966267802138164
not_applicable,False,,0.0,0.0,True,25,cpu,float64,14.713073336926755,0.25,completed,0.55728554102825,0.01,steady,unavailable,configuration did not run in an isolated measurement subprocess,,True,unavailable,0.0,8.542032446712255e-06,5,0.25,25,125,total_configuration_v2,14.82654162304243,0.5593817289918661,14.82654162304243,0.25,coupled_quadratic,torch_tm_flowpipe,True,order4_affine_reset_selected,0.042966267802138164
not_applicable,False,,0.0,0.0,True,25,cpu,float64,13.742632707813755,0.25,completed,0.5592137089697644,0.01,steady,unavailable,configuration did not run in an isolated measurement subprocess,,True,unavailable,0.0,2.1669548004865646e-06,6,0.25,25,125,total_configuration_v2,13.851540873991325,0.5518225419800729,13.851540873991325,0.25,coupled_quadratic,torch_tm_flowpipe,True,order4_affine_reset_selected,0.042966267802138164
not_applicable,False,,0.0,0.0,True,25,cpu,float64,13.749851708940696,0.25,completed,0.5448137919884175,0.01,steady,unavailable,configuration did not run in an isolated measurement subprocess,,True,unavailable,0.0,2.7909991331398487e-06,7,0.25,25,125,total_configuration_v2,13.859399796056096,0.5560800624953117,13.859399796056096,0.25,coupled_quadratic,torch_tm_flowpipe,True,order4_affine_reset_selected,0.042966267802138164
not_applicable,False,,0.0,0.0,True,25,cpu,float64,13.860744503035676,0.25,completed,0.56043429201236,0.01,steady,unavailable,configuration did not run in an isolated measurement subprocess,,True,unavailable,0.0,1.0791991371661425e-05,8,0.25,25,125,total_configuration_v2,13.973305832885671,0.5584372085286304,13.973305832885671,0.25,coupled_quadratic,torch_tm_flowpipe,True,order4_affine_reset_selected,0.042966267802138164
not_applicable,False,,0.0,0.0,True,25,cpu,float64,13.908558499068022,0.25,completed,0.5555660420213826,0.01,steady,unavailable,configuration did not run in an isolated measurement subprocess,,True,unavailable,0.0,2.5830231606960297e-06,9,0.25,25,125,total_configuration_v2,14.019289082149044,0.5591793125204276,14.019289082149044,0.25,coupled_quadratic,torch_tm_flowpipe,True,order4_affine_reset_selected,0.042966267802138164
not_applicable,False,,0.0,0.0,True,25,cpu,float64,13.912045999080874,0.25,completed,0.55673900002148,0.01,steady,unavailable,configuration did not run in an isolated measurement subprocess,,True,unavailable,0.0,2.125045284628868e-06,10,0.25,25,125,total_configuration_v2,14.022584419115447,0.5566519795102067,14.022584419115447,0.25,coupled_quadratic,torch_tm_flowpipe,True,order4_affine_reset_selected,0.042966267802138164
not_applicable,False,,35.9011491293204,0.0,True,200,cpu,float64,35.44671204104088,1.0,completed,0.14719083299860358,0.005,cold,unavailable,configuration did not run in an isolated measurement subprocess,,True,unavailable,0.0,1.8667022231966257e-05,0,1.0,200,0,total_configuration_v2,35.9011491293204,0.18092666694428772,35.9011491293204,1.0,van_der_pol,torch_tm_flowpipe,True,order2_affine_reset_selected,1.6187956685895426
not_applicable,False,,0.0,0.0,True,200,cpu,float64,35.84001157025341,1.0,completed,0.14651229098672047,0.005,steady,unavailable,configuration did not run in an isolated measurement subprocess,,True,unavailable,0.0,1.4040968380868435e-05,1,1.0,200,0,total_configuration_v2,36.32929291779874,0.17994137498317286,36.32929291779874,1.0,van_der_pol,torch_tm_flowpipe,True,order2_affine_reset_selected,1.6187956685895426
not_applicable,False,,0.0,0.0,True,200,cpu,float64,35.381432924070396,1.0,completed,0.14484966703457758,0.005,steady,unavailable,configuration did not run in an isolated measurement subprocess,,True,unavailable,0.0,5.542009603232145e-06,2,1.0,200,0,total_configuration_v2,35.83561370935058,0.18113729200558737,35.83561370935058,1.0,van_der_pol,torch_tm_flowpipe,True,order2_affine_reset_selected,1.6187956685895426
not_applicable,False,,0.0,0.0,True,200,cpu,float64,35.29001349239843,1.0,completed,0.14641208300599828,0.005,steady,unavailable,configuration did not run in an isolated measurement subprocess,,True,unavailable,0.0,2.7500209398567677e-06,3,1.0,200,0,total_configuration_v2,35.74192345899064,0.18126012501306832,35.74192345899064,1.0,van_der_pol,torch_tm_flowpipe,True,order2_affine_reset_selected,1.6187956685895426
not_applicable,False,,0.0,0.0,True,200,cpu,float64,35.31359062570846,1.0,completed,0.14732300001196563,0.005,steady,unavailable,configuration did not run in an isolated measurement subprocess,,True,unavailable,0.0,2.1659652702510357e-06,4,1.0,200,0,total_configuration_v2,35.76347508345498,0.17871666699647903,35.76347508345498,1.0,van_der_pol,torch_tm_flowpipe,True,order2_affine_reset_selected,1.6187956685895426
not_applicable,False,,0.0,0.0,True,200,cpu,float64,34.9853163502994,1.0,completed,0.14498949999688193,0.005,steady,unavailable,configuration did not run in an isolated measurement subprocess,,True,unavailable,0.0,2.167013008147478e-06,5,1.0,200,0,total_configuration_v2,35.43427654111292,0.1800317500019446,35.43427654111292,1.0,van_der_pol,torch_tm_flowpipe,True,order2_affine_reset_selected,1.6187956685895426
not_applicable,False,,0.0,0.0,True,200,cpu,float64,36.04224057676038,1.0,completed,0.14631516602821648,0.005,steady,unavailable,configuration did not run in an isolated measurement subprocess,,True,unavailable,0.0,1.570803578943014e-05,6,1.0,200,0,total_configuration_v2,36.49727353465278,0.1810771250165999,36.49727353465278,1.0,van_der_pol,torch_tm_flowpipe,True,order2_affine_reset_selected,1.6187956685895426
not_applicable,False,,0.0,0.0,True,200,cpu,float64,35.48771559097804,1.0,completed,0.14703841699520126,0.005,steady,unavailable,configuration did not run in an isolated measurement subprocess,,True,unavailable,0.0,2.6249908842146397e-06,7,1.0,200,0,total_configuration_v2,35.99624845798826,0.18142079201061279,35.99624845798826,1.0,van_der_pol,torch_tm_flowpipe,True,order2_affine_reset_selected,1.6187956685895426
not_applicable,False,,0.0,0.0,True,200,cpu,float64,37.40166074538138,1.0,completed,0.146966208005324,0.005,steady,unavailable,configuration did not run in an isolated measurement subprocess,,True,unavailable,0.0,4.832982085645199e-06,8,1.0,200,0,total_configuration_v2,37.87792159116361,0.18116591696161777,37.87792159116361,1.0,van_der_pol,torch_tm_flowpipe,True,order2_affine_reset_selected,1.6187956685895426
not_applicable,False,,0.0,0.0,True,200,cpu,float64,35.39049200649606,1.0,completed,0.1481501660309732,0.005,steady,unavailable,configuration did not run in an isolated measurement subprocess,,True,unavailable,0.0,2.374988980591297e-06,9,1.0,200,0,total_configuration_v2,35.842233177565504,0.17972316703526303,35.842233177565504,1.0,van_der_pol,torch_tm_flowpipe,True,order2_affine_reset_selected,1.6187956685895426
not_applicable,False,,0.0,0.0,True,200,cpu,float64,35.89032174355816,1.0,completed,0.14518150000367314,0.005,steady,unavailable,configuration did not run in an isolated measurement subprocess,,True,unavailable,0.0,1.6749952919781208e-05,10,1.0,200,0,total_configuration_v2,36.34926062077284,0.18115274998126552,36.34926062077284,1.0,van_der_pol,torch_tm_flowpipe,True,order2_affine_reset_selected,1.6187956685895426
not_applicable,False,,122.24073221022263,0.0,True,200,cpu,float64,121.24328916729428,1.0,completed,0.607200541999191,0.005,cold,unavailable,configuration did not run in an isolated measurement subprocess,,True,unavailable,0.0,5.375011824071407e-06,0,1.0,200,1200,total_configuration_v2,122.24073221022263,0.6046671670046635,122.24073221022263,1.0,van_der_pol,torch_tm_flowpipe,True,order4_affine_reset_selected,0.9281168574156631
not_applicable,False,,0.0,0.0,True,200,cpu,float64,120.94301452970831,1.0,completed,0.6044307499541901,0.005,steady,unavailable,configuration did not run in an isolated measurement subprocess,,True,unavailable,0.0,2.749962732195854e-06,1,1.0,200,1200,total_configuration_v2,121.9446922459174,0.6039229999878444,121.9446922459174,1.0,van_der_pol,torch_tm_flowpipe,True,order4_affine_reset_selected,0.9281168574156631
not_applicable,False,,0.0,0.0,True,200,cpu,float64,120.41806953656487,1.0,completed,0.6069447500049137,0.005,steady,unavailable,configuration did not run in an isolated measurement subprocess,,True,unavailable,0.0,4.816701402887702e-05,2,1.0,200,1200,total_configuration_v2,121.41710895986762,0.6036531249992549,121.41710895986762,1.0,van_der_pol,torch_tm_flowpipe,True,order4_affine_reset_selected,0.9281168574156631
not_applicable,False,,0.0,0.0,True,200,cpu,float64,121.29660536925076,1.0,completed,0.6026167499949224,0.005,steady,unavailable,configuration did not run in an isolated measurement subprocess,,True,unavailable,0.0,2.874992787837982e-06,3,1.0,200,1200,total_configuration_v2,122.30023049906595,0.6047609579982236,122.30023049906595,1.0,van_der_pol,torch_tm_flowpipe,True,order4_affine_reset_selected,0.9281168574156631
not_applicable,False,,0.0,0.0,True,200,cpu,float64,121.51820212422172,1.0,completed,0.6049239580170251,0.005,steady,unavailable,configuration did not run in an isolated measurement subprocess,,True,unavailable,0.0,1.595797948539257e-05,4,1.0,200,1200,total_configuration_v2,122.57892678841017,0.6000908749992959,122.57892678841017,1.0,van_der_pol,torch_tm_flowpipe,True,order4_affine_reset_selected,0.9281168574156631
not_applicable,False,,0.0,0.0,True,200,cpu,float64,120.22581720759626,1.0,completed,0.5961403750116006,0.005,steady,unavailable,configuration did not run in an isolated measurement subprocess,,True,unavailable,0.0,3.1249946914613247e-06,5,1.0,200,1200,total_configuration_v2,121.21944616123801,0.6039506249944679,121.21944616123801,1.0,van_der_pol,torch_tm_flowpipe,True,order4_affine_reset_selected,0.9281168574156631
not_applicable,False,,0.0,0.0,True,200,cpu,float64,120.6208705000463,1.0,completed,0.6050487500033341,0.005,steady,unavailable,configuration did not run in an isolated measurement subprocess,,True,unavailable,0.0,5.582987796515226e-06,6,1.0,200,1200,total_configuration_v2,121.62450770637952,0.6049533750046976,121.62450770637952,1.0,van_der_pol,torch_tm_flowpipe,True,order4_affine_reset_selected,0.9281168574156631
not_applicable,False,,0.0,0.0,True,200,cpu,float64,121.29302333085798,1.0,completed,0.6091295000514947,0.005,steady,unavailable,configuration did not run in an isolated measurement subprocess,,True,unavailable,0.0,3.1249946914613247e-06,7,1.0,200,1200,total_configuration_v2,122.2953515855479,0.6055203329888172,122.2953515855479,1.0,van_der_pol,torch_tm_flowpipe,True,order4_affine_reset_selected,0.9281168574156631
not_applicable,False,,0.0,0.0,True,200,cpu,float64,121.81451754074078,1.0,completed,0.602541625034064,0.005,steady,unavailable,configuration did not run in an isolated measurement subprocess,,True,unavailable,0.0,1.6791047528386116e-05,8,1.0,200,1200,total_configuration_v2,122.84165869449498,0.6027263330179267,122.84165869449498,1.0,van_der_pol,torch_tm_flowpipe,True,order4_affine_reset_selected,0.9281168574156631
not_applicable,False,,0.0,0.0,True,200,cpu,float64,120.16504233016167,1.0,completed,0.5976139580016024,0.005,steady,unavailable,configuration did not run in an isolated measurement subprocess,,True,unavailable,0.0,1.6667007002979517e-05,9,1.0,200,1200,total_configuration_v2,121.16017287789145,0.6031216660048813,121.16017287789145,1.0,van_der_pol,torch_tm_flowpipe,True,order4_affine_reset_selected,0.9281168574156631
not_applicable,False,,0.0,0.0,True,200,cpu,float64,120.83956137218047,1.0,completed,0.5960720829898492,0.005,steady,unavailable,configuration did not run in an isolated measurement subprocess,,True,unavailable,0.0,1.650000922381878e-05,10,1.0,200,1200,total_configuration_v2,121.8433893249603,0.6056761250365525,121.8433893249603,1.0,van_der_pol,torch_tm_flowpipe,True,order4_affine_reset_selected,0.9281168574156631
not_applicable,False,,17.903355125163216,0.0,True,100,cpu,float64,17.678971455141436,1.0,completed,0.14588079100940377,0.01,cold,unavailable,configuration did not run in an isolated measurement subprocess,,True,unavailable,0.0,2.667016815394163e-06,0,1.0,100,0,total_configuration_v2,17.903355125163216,0.18039674998726696,17.903355125163216,1.0,van_der_pol,torch_tm_flowpipe,True,order2_affine_reset_selected,1.9405468677370785
not_applicable,False,,0.0,0.0,True,100,cpu,float64,18.682896998070646,1.0,completed,0.1461026250035502,0.01,steady,unavailable,configuration did not run in an isolated measurement subprocess,,True,unavailable,0.0,2.667016815394163e-06,1,1.0,100,0,total_configuration_v2,18.91904004086973,0.1816566669731401,18.91904004086973,1.0,van_der_pol,torch_tm_flowpipe,True,order2_affine_reset_selected,1.9405468677370785
not_applicable,False,,0.0,0.0,True,100,cpu,float64,17.583090539905243,1.0,completed,0.14774312498047948,0.01,steady,unavailable,configuration did not run in an isolated measurement subprocess,,True,unavailable,0.0,2.874992787837982e-06,2,1.0,100,0,total_configuration_v2,17.807687038148288,0.18069620802998543,17.807687038148288,1.0,van_der_pol,torch_tm_flowpipe,True,order2_affine_reset_selected,1.9405468677370785
not_applicable,False,,0.0,0.0,True,100,cpu,float64,17.392637912009377,1.0,completed,0.14613895898219198,0.01,steady,unavailable,configuration did not run in an isolated measurement subprocess,,True,unavailable,0.0,2.4170149117708206e-06,3,1.0,100,0,total_configuration_v2,17.6148332937737,0.17816195904742926,17.6148332937737,1.0,van_der_pol,torch_tm_flowpipe,True,order2_affine_reset_selected,1.9405468677370785
not_applicable,False,,0.0,0.0,True,100,cpu,float64,17.88568895898061,1.0,completed,0.14496775000588968,0.01,steady,unavailable,configuration did not run in an isolated measurement subprocess,,True,unavailable,0.0,2.6249908842146397e-06,4,1.0,100,0,total_configuration_v2,18.111673130013514,0.18014145799679682,18.111673130013514,1.0,van_der_pol,torch_tm_flowpipe,True,order2_affine_reset_selected,1.9405468677370785
not_applicable,False,,0.0,0.0,True,100,cpu,float64,17.61077845550608,1.0,completed,0.1465164580149576,0.01,steady,unavailable,configuration did not run in an isolated measurement subprocess,,True,unavailable,0.0,2.500019036233425e-06,5,1.0,100,0,total_configuration_v2,17.836556122929323,0.1809368749964051,17.836556122929323,1.0,van_der_pol,torch_tm_flowpipe,True,order2_affine_reset_selected,1.9405468677370785
not_applicable,False,,0.0,0.0,True,100,cpu,float64,17.470371456467547,1.0,completed,0.1466272080433555,0.01,steady,unavailable,configuration did not run in an isolated measurement subprocess,,True,unavailable,0.0,2.333021257072687e-06,6,1.0,100,0,total_configuration_v2,17.693717380228918,0.1791147500043735,17.693717380228918,1.0,van_der_pol,torch_tm_flowpipe,True,order2_affine_reset_selected,1.9405468677370785
not_applicable,False,,0.0,0.0,True,100,cpu,float64,17.97312558721751,1.0,completed,0.1441285409964621,0.01,steady,unavailable,configuration did not run in an isolated measurement subprocess,,True,unavailable,0.0,2.2500171326100826e-06,7,1.0,100,0,total_configuration_v2,18.20102691388456,0.18081470800098032,18.20102691388456,1.0,van_der_pol,torch_tm_flowpipe,True,order2_affine_reset_selected,1.9405468677370785
not_applicable,False,,0.0,0.0,True,100,cpu,float64,17.619684371631593,1.0,completed,0.1460312920389697,0.01,steady,unavailable,configuration did not run in an isolated measurement subprocess,,True,unavailable,0.0,6.374961230903864e-06,8,1.0,100,0,total_configuration_v2,17.84589125320781,0.18112191703403369,17.84589125320781,1.0,van_der_pol,torch_tm_flowpipe,True,order2_affine_reset_selected,1.9405468677370785
not_applicable,False,,0.0,0.0,True,100,cpu,float64,17.57172950200038,1.0,completed,0.14674225001363084,0.01,steady,unavailable,configuration did not run in an isolated measurement subprocess,,True,unavailable,0.0,2.625049091875553e-06,9,1.0,100,0,total_configuration_v2,17.796097958344035,0.1806456670165062,17.796097958344035,1.0,van_der_pol,torch_tm_flowpipe,True,order2_affine_reset_selected,1.9405468677370785
not_applicable,False,,0.0,0.0,True,100,cpu,float64,17.69785699492786,1.0,completed,0.14544762496370822,0.01,steady,unavailable,configuration did not run in an isolated measurement subprocess,,True,unavailable,0.0,3.04199056699872e-06,10,1.0,100,0,total_configuration_v2,17.9241738722194,0.17973208299372345,17.9241738722194,1.0,van_der_pol,torch_tm_flowpipe,True,order2_affine_reset_selected,1.9405468677370785
not_applicable,False,,72.08246500010137,0.0,True,100,cpu,float64,71.58559900172986,1.0,completed,0.7097227080375887,0.01,cold,unavailable,configuration did not run in an isolated measurement subprocess,,True,unavailable,0.0,5.020794924348593e-05,0,1.0,100,600,total_configuration_v2,72.08246500010137,0.7155216670362279,72.08246500010137,1.0,van_der_pol,torch_tm_flowpipe,True,order4_affine_reset_selected,0.9112880761111946
not_applicable,False,,0.0,0.0,True,100,cpu,float64,71.57187737780623,1.0,completed,0.7156484590377659,0.01,steady,unavailable,configuration did not run in an isolated measurement subprocess,,True,unavailable,0.0,2.541986759752035e-06,1,1.0,100,600,total_configuration_v2,72.06565883889562,0.7174595419783145,72.06565883889562,1.0,van_der_pol,torch_tm_flowpipe,True,order4_affine_reset_selected,0.9112880761111946
not_applicable,False,,0.0,0.0,True,100,cpu,float64,71.63518683589064,1.0,completed,0.7049992499523796,0.01,steady,unavailable,configuration did not run in an isolated measurement subprocess,,True,unavailable,0.0,2.7500209398567677e-06,2,1.0,100,600,total_configuration_v2,72.13202483433997,0.7053549999836832,72.13202483433997,1.0,van_der_pol,torch_tm_flowpipe,True,order4_affine_reset_selected,0.9112880761111946
not_applicable,False,,0.0,0.0,True,100,cpu,float64,70.89388337277342,1.0,completed,0.7090657499502413,0.01,steady,unavailable,configuration did not run in an isolated measurement subprocess,,True,unavailable,0.0,5.249981768429279e-06,3,1.0,100,600,total_configuration_v2,71.38625395868439,0.706342792022042,71.38625395868439,1.0,van_der_pol,torch_tm_flowpipe,True,order4_affine_reset_selected,0.9112880761111946
not_applicable,False,,0.0,0.0,True,100,cpu,float64,70.56978795281611,1.0,completed,0.7038557080086321,0.01,steady,unavailable,configuration did not run in an isolated measurement subprocess,,True,unavailable,0.0,2.4579931050539017e-06,4,1.0,100,600,total_configuration_v2,71.06197262287606,0.7048735410207883,71.06197262287606,1.0,van_der_pol,torch_tm_flowpipe,True,order4_affine_reset_selected,0.9112880761111946
not_applicable,False,,0.0,0.0,True,100,cpu,float64,70.13703150104266,1.0,completed,0.6998095829621889,0.01,steady,unavailable,configuration did not run in an isolated measurement subprocess,,True,unavailable,0.0,1.129199517890811e-05,5,1.0,100,600,total_configuration_v2,70.62796941021224,0.7035907920217142,70.62796941021224,1.0,van_der_pol,torch_tm_flowpipe,True,order4_affine_reset_selected,0.9112880761111946
not_applicable,False,,0.0,0.0,True,100,cpu,float64,70.10029358329484,1.0,completed,0.7012029999750666,0.01,steady,unavailable,configuration did not run in an isolated measurement subprocess,,True,unavailable,0.0,2.1249870769679546e-06,6,1.0,100,600,total_configuration_v2,70.5913587983814,0.7030564170563594,70.5913587983814,1.0,van_der_pol,torch_tm_flowpipe,True,order4_affine_reset_selected,0.9112880761111946
not_applicable,False,,0.0,0.0,True,100,cpu,float64,69.98010462656384,1.0,completed,0.7021491659688763,0.01,steady,unavailable,configuration did not run in an isolated measurement subprocess,,True,unavailable,0.0,2.207991201430559e-06,7,1.0,100,600,total_configuration_v2,70.4708612037939,0.7030579590355046,70.4708612037939,1.0,van_der_pol,torch_tm_flowpipe,True,order4_affine_reset_selected,0.9112880761111946
not_applicable,False,,0.0,0.0,True,100,cpu,float64,70.2948583723628,1.0,completed,0.7014394999714568,0.01,steady,unavailable,configuration did not run in an isolated measurement subprocess,,True,unavailable,0.0,2.6669586077332497e-06,8,1.0,100,600,total_configuration_v2,70.79468141798861,0.7024094170192257,70.79468141798861,1.0,van_der_pol,torch_tm_flowpipe,True,order4_affine_reset_selected,0.9112880761111946
not_applicable,False,,0.0,0.0,True,100,cpu,float64,70.13179870514432,1.0,completed,0.7004472090047784,0.01,steady,unavailable,configuration did not run in an isolated measurement subprocess,,True,unavailable,0.0,8.500006515532732e-06,9,1.0,100,600,total_configuration_v2,70.62335066642845,0.7027952910284512,70.62335066642845,1.0,van_der_pol,torch_tm_flowpipe,True,order4_affine_reset_selected,0.9112880761111946
not_applicable,False,,0.0,0.0,True,100,cpu,float64,72.06190558214439,1.0,completed,0.69978500000434,0.01,steady,unavailable,configuration did not run in an isolated measurement subprocess,,True,unavailable,0.0,3.459048457443714e-06,10,1.0,100,600,total_configuration_v2,72.5569254187285,0.7044747499749064,72.5569254187285,1.0,van_der_pol,torch_tm_flowpipe,True,order4_affine_reset_selected,0.9112880761111946
